respondent_id,h1n1_vaccine,seasonal_vaccine
26707,0.16,0.38
26708,0.07,0.06
26709,0.52,0.76
26710,0.53,0.9
26711,0.29,0.52
26712,0.59,0.87
26713,0.58,0.64
26714,0.1,0.13
26715,0.03,0.14
26716,0.1,0.81
26717,0.06,0.45
26718,0.25,0.53
26719,0.17,0.88
26720,0.05,0.18
26721,0.44,0.5
26722,0.04,0.18
26723,0.67,0.87
26724,0.04,0.83
26725,0.06,0.07
26726,0.07,0.08
26727,0.3,0.65
26728,0.15,0.55
26729,0.26,0.59
26730,0.07,0.24
26731,0.04,0.32
26732,0.15,0.22
26733,0.86,0.97
26734,0.56,0.46
26735,0.11,0.43
26736,0.01,0.17
26737,0.03,0.15
26738,0.56,0.71
26739,0.03,0.21
26740,0.11,0.18
26741,0.14,0.87
26742,0.04,0.4
26743,0.08,0.34
26744,0.15,0.72
26745,0.2,0.8
26746,0.24,0.28
26747,0.09,0.24
26748,0.06,0.16
26749,0.11,0.63
26750,0.73,0.86
26751,0.37,0.77
26752,0.05,0.19
26753,0.11,0.37
26754,0.18,0.68
26755,0.12,0.42
26756,0.01,0.06
26757,0.41,0.67
26758,0.42,0.8
26759,0.08,0.13
26760,0.08,0.17
26761,0.34,0.67
26762,0.23,0.72
26763,0.76,0.92
26764,0.77,0.89
26765,0.19,0.65
26766,0.09,0.12
26767,0.64,0.76
26768,0.14,0.38
26769,0.15,0.38
26770,0.14,0.58
26771,0.09,0.3
26772,0.09,0.45
26773,0.13,0.4
26774,0.15,0.37
26775,0.07,0.61
26776,0.31,0.38
26777,0.15,0.68
26778,0.15,0.08
26779,0.2,0.6
26780,0.24,0.87
26781,0.21,0.41
26782,0.07,0.17
26783,0.05,0.19
26784,0.49,0.87
26785,0.28,0.66
26786,0.08,0.16
26787,0.08,0.64
26788,0.17,0.9
26789,0.09,0.21
26790,0.04,0.17
26791,0.04,0.06
26792,0.2,0.75
26793,0.18,0.94
26794,0.73,0.84
26795,0.23,0.79
26796,0.0,0.08
26797,0.18,0.61
26798,0.24,0.27
26799,0.32,0.28
26800,0.11,0.87
26801,0.19,0.41
26802,0.07,0.22
26803,0.05,0.27
26804,0.08,0.12
26805,0.18,0.22
26806,0.08,0.85
26807,0.54,0.73
26808,0.16,0.4
26809,0.43,0.19
26810,0.08,0.13
26811,0.08,0.14
26812,0.14,0.71
26813,0.41,0.47
26814,0.04,0.68
26815,0.01,0.01
26816,0.18,0.26
26817,0.13,0.56
26818,0.09,0.45
26819,0.3,0.3
26820,0.04,0.18
26821,0.08,0.47
26822,0.19,0.55
26823,0.25,0.48
26824,0.11,0.75
26825,0.38,0.7
26826,0.13,0.68
26827,0.06,0.13
26828,0.15,0.38
26829,0.56,0.91
26830,0.08,0.71
26831,0.28,0.81
26832,0.11,0.86
26833,0.08,0.44
26834,0.26,0.65
26835,0.64,0.79
26836,0.16,0.62
26837,0.24,0.09
26838,0.08,0.71
26839,0.3,0.44
26840,0.08,0.17
26841,0.45,0.66
26842,0.04,0.11
26843,0.05,0.06
26844,0.1,0.37
26845,0.09,0.67
26846,0.06,0.82
26847,0.35,0.29
26848,0.13,0.69
26849,0.34,0.43
26850,0.53,0.7
26851,0.02,0.03
26852,0.03,0.05
26853,0.36,0.56
26854,0.06,0.08
26855,0.54,0.93
26856,0.21,0.1
26857,0.3,0.3
26858,0.29,0.49
26859,0.03,0.08
26860,0.22,0.22
26861,0.12,0.13
26862,0.02,0.35
26863,0.11,0.38
26864,0.32,0.38
26865,0.06,0.05
26866,0.11,0.7
26867,0.12,0.16
26868,0.56,0.87
26869,0.07,0.31
26870,0.63,0.84
26871,0.06,0.05
26872,0.15,0.28
26873,0.18,0.6
26874,0.1,0.27
26875,0.61,0.85
26876,0.1,0.17
26877,0.12,0.22
26878,0.26,0.34
26879,0.03,0.04
26880,0.11,0.16
26881,0.01,0.13
26882,0.01,0.06
26883,0.13,0.24
26884,0.03,0.1
26885,0.22,0.76
26886,0.17,0.83
26887,0.46,0.87
26888,0.92,0.95
26889,0.01,0.12
26890,0.12,0.55
26891,0.36,0.82
26892,0.12,0.65
26893,0.03,0.15
26894,0.11,0.16
26895,0.18,0.88
26896,0.01,0.05
26897,0.11,0.48
26898,0.35,0.65
26899,0.05,0.04
26900,0.04,0.21
26901,0.07,0.52
26902,0.3,0.91
26903,0.25,0.14
26904,0.12,0.24
26905,0.4,0.72
26906,0.02,0.35
26907,0.02,0.53
26908,0.1,0.77
26909,0.16,0.26
26910,0.18,0.44
26911,0.04,0.09
26912,0.39,0.73
26913,0.75,0.84
26914,0.02,0.12
26915,0.32,0.57
26916,0.3,0.18
26917,0.03,0.2
26918,0.79,0.96
26919,0.17,0.65
26920,0.04,0.08
26921,0.13,0.71
26922,0.08,0.76
26923,0.11,0.42
26924,0.85,0.94
26925,0.15,0.66
26926,0.43,0.55
26927,0.31,0.59
26928,0.05,0.58
26929,0.07,0.27
26930,0.59,0.78
26931,0.08,0.46
26932,0.09,0.84
26933,0.08,0.5
26934,0.47,0.75
26935,0.15,0.46
26936,0.45,0.23
26937,0.35,0.86
26938,0.07,0.04
26939,0.06,0.12
26940,0.13,0.27
26941,0.08,0.36
26942,0.55,0.78
26943,0.33,0.64
26944,0.04,0.25
26945,0.09,0.48
26946,0.29,0.64
26947,0.23,0.59
26948,0.03,0.09
26949,0.05,0.09
26950,0.07,0.54
26951,0.02,0.4
26952,0.68,0.77
26953,0.64,0.88
26954,0.02,0.16
26955,0.13,0.69
26956,0.12,0.14
26957,0.04,0.85
26958,0.26,0.76
26959,0.09,0.15
26960,0.02,0.12
26961,0.18,0.43
26962,0.17,0.79
26963,0.19,0.36
26964,0.11,0.17
26965,0.81,0.9
26966,0.02,0.21
26967,0.24,0.57
26968,0.06,0.85
26969,0.14,0.18
26970,0.5,0.51
26971,0.09,0.13
26972,0.06,0.08
26973,0.12,0.22
26974,0.22,0.33
26975,0.06,0.64
26976,0.72,0.68
26977,0.06,0.45
26978,0.02,0.73
26979,0.54,0.84
26980,0.08,0.12
26981,0.19,0.48
26982,0.7,0.86
26983,0.18,0.39
26984,0.08,0.1
26985,0.03,0.12
26986,0.08,0.37
26987,0.03,0.34
26988,0.03,0.07
26989,0.34,0.83
26990,0.05,0.14
26991,0.32,0.38
26992,0.26,0.46
26993,0.14,0.91
26994,0.18,0.34
26995,0.3,0.45
26996,0.36,0.37
26997,0.08,0.07
26998,0.03,0.01
26999,0.35,0.45
27000,0.04,0.31
27001,0.09,0.88
27002,0.05,0.38
27003,0.02,0.04
27004,0.27,0.29
27005,0.52,0.81
27006,0.65,0.76
27007,0.04,0.2
27008,0.21,0.1
27009,0.05,0.26
27010,0.08,0.08
27011,0.19,0.31
27012,0.3,0.56
27013,0.06,0.41
27014,0.03,0.34
27015,0.2,0.11
27016,0.15,0.27
27017,0.28,0.84
27018,0.07,0.35
27019,0.79,0.93
27020,0.21,0.32
27021,0.17,0.52
27022,0.13,0.26
27023,0.1,0.25
27024,0.12,0.47
27025,0.25,0.1
27026,0.09,0.38
27027,0.13,0.85
27028,0.37,0.84
27029,0.2,0.26
27030,0.13,0.29
27031,0.34,0.74
27032,0.22,0.6
27033,0.21,0.59
27034,0.09,0.5
27035,0.18,0.22
27036,0.08,0.65
27037,0.52,0.65
27038,0.0,0.07
27039,0.71,0.89
27040,0.2,0.31
27041,0.05,0.68
27042,0.13,0.53
27043,0.48,0.69
27044,0.01,0.05
27045,0.1,0.58
27046,0.02,0.08
27047,0.49,0.41
27048,0.21,0.59
27049,0.46,0.8
27050,0.07,0.68
27051,0.07,0.27
27052,0.09,0.24
27053,0.67,0.86
27054,0.02,0.06
27055,0.16,0.91
27056,0.14,0.21
27057,0.02,0.1
27058,0.75,0.85
27059,0.02,0.1
27060,0.06,0.29
27061,0.1,0.55
27062,0.11,0.4
27063,0.04,0.5
27064,0.25,0.47
27065,0.06,0.44
27066,0.08,0.57
27067,0.47,0.82
27068,0.75,0.83
27069,0.53,0.92
27070,0.04,0.1
27071,0.09,0.19
27072,0.22,0.52
27073,0.08,0.83
27074,0.06,0.23
27075,0.6,0.86
27076,0.53,0.62
27077,0.04,0.23
27078,0.27,0.77
27079,0.36,0.88
27080,0.04,0.17
27081,0.1,0.8
27082,0.17,0.35
27083,0.12,0.34
27084,0.5,0.67
27085,0.0,0.07
27086,0.07,0.12
27087,0.1,0.32
27088,0.35,0.66
27089,0.13,0.21
27090,0.24,0.75
27091,0.51,0.48
27092,0.12,0.22
27093,0.1,0.19
27094,0.05,0.1
27095,0.11,0.51
27096,0.06,0.15
27097,0.51,0.63
27098,0.55,0.84
27099,0.13,0.45
27100,0.19,0.73
27101,0.23,0.6
27102,0.09,0.73
27103,0.03,0.1
27104,0.27,0.66
27105,0.11,0.39
27106,0.53,0.77
27107,0.48,0.71
27108,0.25,0.21
27109,0.05,0.15
27110,0.05,0.3
27111,0.1,0.5
27112,0.3,0.52
27113,0.03,0.08
27114,0.02,0.09
27115,0.42,0.62
27116,0.16,0.91
27117,0.02,0.07
27118,0.08,0.45
27119,0.08,0.16
27120,0.37,0.91
27121,0.05,0.67
27122,0.03,0.49
27123,0.1,0.23
27124,0.02,0.12
27125,0.02,0.03
27126,0.22,0.17
27127,0.03,0.08
27128,0.12,0.48
27129,0.31,0.46
27130,0.1,0.44
27131,0.05,0.13
27132,0.52,0.98
27133,0.15,0.65
27134,0.75,0.96
27135,0.16,0.6
27136,0.05,0.56
27137,0.08,0.27
27138,0.2,0.48
27139,0.11,0.17
27140,0.84,0.92
27141,0.56,0.66
27142,0.06,0.17
27143,0.27,0.3
27144,0.06,0.15
27145,0.47,0.71
27146,0.12,0.82
27147,0.09,0.13
27148,0.11,0.09
27149,0.34,0.2
27150,0.47,0.85
27151,0.16,0.85
27152,0.02,0.16
27153,0.13,0.85
27154,0.53,0.81
27155,0.08,0.84
27156,0.01,0.16
27157,0.04,0.45
27158,0.03,0.42
27159,0.04,0.05
27160,0.33,0.38
27161,0.31,0.59
27162,0.09,0.9
27163,0.47,0.32
27164,0.34,0.31
27165,0.39,0.66
27166,0.25,0.33
27167,0.1,0.5
27168,0.22,0.7
27169,0.43,0.66
27170,0.35,0.87
27171,0.08,0.28
27172,0.06,0.79
27173,0.21,0.45
27174,0.11,0.2
27175,0.1,0.12
27176,0.59,0.91
27177,0.71,0.82
27178,0.01,0.32
27179,0.09,0.27
27180,0.29,0.41
27181,0.08,0.78
27182,0.59,0.89
27183,0.05,0.63
27184,0.06,0.41
27185,0.38,0.76
27186,0.14,0.71
27187,0.1,0.32
27188,0.13,0.31
27189,0.08,0.62
27190,0.46,0.82
27191,0.16,0.93
27192,0.46,0.79
27193,0.03,0.18
27194,0.18,0.41
27195,0.05,0.18
27196,0.25,0.26
27197,0.04,0.57
27198,0.71,0.9
27199,0.12,0.28
27200,0.23,0.57
27201,0.62,0.83
27202,0.05,0.21
27203,0.01,0.14
27204,0.0,0.03
27205,0.24,0.4
27206,0.26,0.41
27207,0.12,0.17
27208,0.6,0.71
27209,0.13,0.21
27210,0.2,0.23
27211,0.18,0.3
27212,0.41,0.81
27213,0.46,0.49
27214,0.03,0.13
27215,0.12,0.66
27216,0.19,0.75
27217,0.14,0.17
27218,0.36,0.86
27219,0.49,0.56
27220,0.26,0.48
27221,0.18,0.74
27222,0.17,0.62
27223,0.15,0.61
27224,0.1,0.52
27225,0.12,0.22
27226,0.04,0.28
27227,0.18,0.26
27228,0.46,0.8
27229,0.4,0.82
27230,0.15,0.77
27231,0.51,0.76
27232,0.06,0.49
27233,0.33,0.44
27234,0.03,0.15
27235,0.64,0.99
27236,0.08,0.85
27237,0.4,0.79
27238,0.32,0.85
27239,0.35,0.25
27240,0.12,0.36
27241,0.03,0.09
27242,0.18,0.57
27243,0.05,0.11
27244,0.02,0.09
27245,0.28,0.43
27246,0.65,0.85
27247,0.23,0.93
27248,0.15,0.51
27249,0.14,0.6
27250,0.04,0.14
27251,0.07,0.43
27252,0.23,0.35
27253,0.04,0.87
27254,0.79,1.0
27255,0.15,0.32
27256,0.65,0.96
27257,0.36,0.49
27258,0.51,0.8
27259,0.54,0.81
27260,0.19,0.34
27261,0.17,0.75
27262,0.18,0.37
27263,0.07,0.05
27264,0.1,0.18
27265,0.05,0.4
27266,0.29,0.38
27267,0.27,0.64
27268,0.11,0.32
27269,0.56,0.47
27270,0.03,0.11
27271,0.07,0.18
27272,0.09,0.41
27273,0.1,0.28
27274,0.14,0.37
27275,0.05,0.34
27276,0.05,0.27
27277,0.08,0.9
27278,0.2,0.4
27279,0.14,0.27
27280,0.34,0.4
27281,0.16,0.52
27282,0.04,0.82
27283,0.06,0.2
27284,0.34,0.54
27285,0.05,0.49
27286,0.16,0.48
27287,0.33,0.59
27288,0.47,0.86
27289,0.37,0.53
27290,0.06,0.04
27291,0.6,0.84
27292,0.07,0.61
27293,0.06,0.91
27294,0.07,0.01
27295,0.23,0.83
27296,0.09,0.8
27297,0.06,0.69
27298,0.06,0.28
27299,0.2,0.68
27300,0.18,0.76
27301,0.0,0.05
27302,0.08,0.67
27303,0.09,0.21
27304,0.14,0.73
27305,0.04,0.13
27306,0.21,0.56
27307,0.7,0.83
27308,0.08,0.19
27309,0.63,0.95
27310,0.06,0.24
27311,0.17,0.26
27312,0.21,0.41
27313,0.02,0.13
27314,0.03,0.08
27315,0.04,0.24
27316,0.32,0.74
27317,0.17,0.31
27318,0.23,0.36
27319,0.39,0.86
27320,0.53,0.9
27321,0.06,0.63
27322,0.46,0.54
27323,0.08,0.48
27324,0.45,0.67
27325,0.57,0.91
27326,0.14,0.71
27327,0.34,0.33
27328,0.32,0.43
27329,0.09,0.19
27330,0.06,0.6
27331,0.11,0.18
27332,0.24,0.87
27333,0.59,0.7
27334,0.11,0.03
27335,0.16,0.16
27336,0.13,0.14
27337,0.25,0.62
27338,0.12,0.46
27339,0.41,0.43
27340,0.01,0.04
27341,0.1,0.75
27342,0.25,0.59
27343,0.01,0.05
27344,0.29,0.44
27345,0.11,0.24
27346,0.55,0.89
27347,0.65,0.89
27348,0.05,0.31
27349,0.15,0.23
27350,0.11,0.87
27351,0.54,0.75
27352,0.15,0.52
27353,0.09,0.08
27354,0.31,0.71
27355,0.24,0.26
27356,0.21,0.71
27357,0.03,0.38
27358,0.27,0.64
27359,0.36,0.75
27360,0.13,0.69
27361,0.08,0.9
27362,0.22,0.42
27363,0.26,0.25
27364,0.1,0.27
27365,0.22,0.6
27366,0.58,0.71
27367,0.36,0.45
27368,0.06,0.63
27369,0.03,0.06
27370,0.09,0.77
27371,0.16,0.39
27372,0.08,0.22
27373,0.71,0.79
27374,0.01,0.23
27375,0.28,0.88
27376,0.37,0.33
27377,0.17,0.42
27378,0.0,0.17
27379,0.1,0.19
27380,0.26,0.89
27381,0.06,0.57
27382,0.18,0.27
27383,0.16,0.63
27384,0.09,0.53
27385,0.11,0.92
27386,0.17,0.89
27387,0.33,0.71
27388,0.16,0.29
27389,0.11,0.16
27390,0.01,0.03
27391,0.15,0.64
27392,0.91,0.93
27393,0.03,0.09
27394,0.02,0.39
27395,0.55,0.54
27396,0.05,0.12
27397,0.63,0.91
27398,0.43,0.76
27399,0.24,0.58
27400,0.1,0.72
27401,0.24,0.35
27402,0.14,0.64
27403,0.02,0.13
27404,0.25,0.25
27405,0.83,0.8
27406,0.16,0.25
27407,0.08,0.17
27408,0.09,0.62
27409,0.68,0.87
27410,0.07,0.13
27411,0.11,0.4
27412,0.23,0.55
27413,0.07,0.39
27414,0.57,0.7
27415,0.08,0.33
27416,0.05,0.36
27417,0.22,0.56
27418,0.37,0.24
27419,0.55,0.92
27420,0.06,0.15
27421,0.15,0.3
27422,0.35,0.72
27423,0.05,0.32
27424,0.18,0.42
27425,0.32,0.55
27426,0.1,0.21
27427,0.15,0.39
27428,0.04,0.08
27429,0.46,0.22
27430,0.17,0.46
27431,0.34,0.57
27432,0.28,0.47
27433,0.1,0.72
27434,0.08,0.28
27435,0.14,0.45
27436,0.03,0.12
27437,0.14,0.14
27438,0.08,0.2
27439,0.25,0.5
27440,0.09,0.22
27441,0.78,0.88
27442,0.27,0.75
27443,0.02,0.08
27444,0.08,0.09
27445,0.06,0.1
27446,0.12,0.16
27447,0.03,0.18
27448,0.2,0.59
27449,0.17,0.89
27450,0.15,0.68
27451,0.07,0.15
27452,0.09,0.23
27453,0.23,0.89
27454,0.1,0.32
27455,0.05,0.41
27456,0.3,0.55
27457,0.03,0.14
27458,0.05,0.33
27459,0.11,0.14
27460,0.68,0.79
27461,0.21,0.11
27462,0.05,0.42
27463,0.11,0.3
27464,0.45,0.49
27465,0.77,0.9
27466,0.02,0.12
27467,0.07,0.22
27468,0.09,0.45
27469,0.13,0.45
27470,0.77,0.84
27471,0.07,0.74
27472,0.29,0.64
27473,0.12,0.31
27474,0.19,0.33
27475,0.05,0.1
27476,0.22,0.47
27477,0.09,0.18
27478,0.12,0.74
27479,0.12,0.3
27480,0.4,0.79
27481,0.59,0.72
27482,0.26,0.28
27483,0.48,0.75
27484,0.41,0.89
27485,0.11,0.71
27486,0.18,0.18
27487,0.12,0.88
27488,0.74,0.81
27489,0.78,0.64
27490,0.07,0.42
27491,0.34,0.42
27492,0.04,0.45
27493,0.12,0.85
27494,0.26,0.69
27495,0.22,0.32
27496,0.04,0.17
27497,0.12,0.14
27498,0.11,0.72
27499,0.21,0.89
27500,0.2,0.71
27501,0.08,0.28
27502,0.07,0.52
27503,0.08,0.72
27504,0.0,0.01
27505,0.04,0.15
27506,0.28,0.67
27507,0.22,0.16
27508,0.13,0.25
27509,0.15,0.56
27510,0.48,0.33
27511,0.29,0.66
27512,0.07,0.19
27513,0.14,0.69
27514,0.4,0.64
27515,0.35,0.42
27516,0.29,0.68
27517,0.02,0.06
27518,0.57,0.84
27519,0.05,0.09
27520,0.04,0.13
27521,0.06,0.36
27522,0.11,0.18
27523,0.0,0.19
27524,0.14,0.58
27525,0.06,0.25
27526,0.46,0.64
27527,0.03,0.97
27528,0.41,0.77
27529,0.21,0.69
27530,0.05,0.09
27531,0.12,0.14
27532,0.07,0.89
27533,0.19,0.39
27534,0.11,0.11
27535,0.13,0.86
27536,0.17,0.38
27537,0.56,0.77
27538,0.36,0.5
27539,0.18,0.75
27540,0.49,0.36
27541,0.66,0.96
27542,0.06,0.08
27543,0.37,0.63
27544,0.21,0.32
27545,0.1,0.13
27546,0.55,0.51
27547,0.2,0.14
27548,0.04,0.79
27549,0.08,0.84
27550,0.16,0.31
27551,0.18,0.64
27552,0.07,0.84
27553,0.05,0.46
27554,0.21,0.37
27555,0.05,0.19
27556,0.16,0.62
27557,0.25,0.87
27558,0.1,0.22
27559,0.3,0.78
27560,0.37,0.69
27561,0.44,0.75
27562,0.22,0.61
27563,0.27,0.66
27564,0.24,0.31
27565,0.17,0.29
27566,0.17,0.43
27567,0.29,0.73
27568,0.53,0.94
27569,0.37,0.54
27570,0.55,0.76
27571,0.05,0.07
27572,0.01,0.01
27573,0.05,0.18
27574,0.45,0.53
27575,0.06,0.31
27576,0.06,0.13
27577,0.16,0.36
27578,0.15,0.43
27579,0.06,0.49
27580,0.02,0.67
27581,0.12,0.15
27582,0.08,0.13
27583,0.06,0.22
27584,0.62,0.54
27585,0.27,0.49
27586,0.63,0.74
27587,0.07,0.71
27588,0.19,0.31
27589,0.07,0.56
27590,0.22,0.51
27591,0.36,0.61
27592,0.03,0.09
27593,0.04,0.13
27594,0.27,0.69
27595,0.03,0.22
27596,0.09,0.21
27597,0.16,0.27
27598,0.23,0.3
27599,0.46,0.69
27600,0.15,0.5
27601,0.14,0.66
27602,0.52,0.79
27603,0.06,0.12
27604,0.1,0.38
27605,0.36,0.58
27606,0.26,0.21
27607,0.4,0.43
27608,0.19,0.49
27609,0.3,0.84
27610,0.31,0.68
27611,0.3,0.18
27612,0.04,0.62
27613,0.73,0.92
27614,0.05,0.33
27615,0.08,0.87
27616,0.03,0.02
27617,0.18,0.47
27618,0.27,0.52
27619,0.22,0.36
27620,0.42,0.63
27621,0.12,0.29
27622,0.56,0.98
27623,0.22,0.71
27624,0.19,0.72
27625,0.11,0.39
27626,0.05,0.11
27627,0.64,0.77
27628,0.14,0.79
27629,0.04,0.12
27630,0.31,0.68
27631,0.1,0.29
27632,0.1,0.47
27633,0.57,0.71
27634,0.11,0.4
27635,0.1,0.22
27636,0.32,0.72
27637,0.13,0.05
27638,0.18,0.35
27639,0.05,0.28
27640,0.56,0.54
27641,0.55,0.57
27642,0.4,0.71
27643,0.16,0.16
27644,0.22,0.45
27645,0.17,0.16
27646,0.08,0.42
27647,0.24,0.17
27648,0.09,0.21
27649,0.11,0.28
27650,0.15,0.47
27651,0.24,0.8
27652,0.27,0.44
27653,0.04,0.11
27654,0.38,0.56
27655,0.2,0.41
27656,0.24,0.24
27657,0.38,0.18
27658,0.06,0.42
27659,0.06,0.06
27660,0.44,0.33
27661,0.19,0.2
27662,0.07,0.18
27663,0.22,0.84
27664,0.17,0.15
27665,0.54,0.56
27666,0.15,0.78
27667,0.02,0.09
27668,0.89,0.98
27669,0.18,0.77
27670,0.5,0.93
27671,0.37,0.86
27672,0.05,0.11
27673,0.08,0.18
27674,0.05,0.48
27675,0.52,0.75
27676,0.25,0.81
27677,0.05,0.18
27678,0.17,0.27
27679,0.06,0.58
27680,0.61,0.93
27681,0.06,0.09
27682,0.16,0.85
27683,0.11,0.55
27684,0.04,0.26
27685,0.05,0.08
27686,0.17,0.32
27687,0.13,0.15
27688,0.13,0.58
27689,0.54,0.94
27690,0.67,0.9
27691,0.53,0.87
27692,0.04,0.36
27693,0.05,0.56
27694,0.18,0.41
27695,0.22,0.48
27696,0.17,0.75
27697,0.55,0.76
27698,0.3,0.42
27699,0.07,0.12
27700,0.02,0.4
27701,0.29,0.35
27702,0.24,0.34
27703,0.03,0.1
27704,0.03,0.15
27705,0.57,0.61
27706,0.1,0.71
27707,0.1,0.28
27708,0.42,0.64
27709,0.13,0.23
27710,0.1,0.21
27711,0.56,0.8
27712,0.04,0.09
27713,0.09,0.18
27714,0.17,0.18
27715,0.73,0.75
27716,0.26,0.44
27717,0.2,0.22
27718,0.12,0.35
27719,0.0,0.08
27720,0.14,0.26
27721,0.31,0.34
27722,0.25,0.34
27723,0.33,0.85
27724,0.12,0.24
27725,0.06,0.5
27726,0.15,0.24
27727,0.24,0.79
27728,0.21,0.41
27729,0.03,0.17
27730,0.65,0.76
27731,0.65,0.93
27732,0.11,0.94
27733,0.03,0.16
27734,0.18,0.52
27735,0.46,0.56
27736,0.12,0.14
27737,0.26,0.65
27738,0.4,0.96
27739,0.53,0.84
27740,0.1,0.34
27741,0.38,0.7
27742,0.19,0.51
27743,0.5,0.79
27744,0.04,0.34
27745,0.85,0.93
27746,0.15,0.7
27747,0.06,0.29
27748,0.31,0.35
27749,0.22,0.7
27750,0.25,0.21
27751,0.12,0.27
27752,0.39,0.83
27753,0.03,0.06
27754,0.19,0.66
27755,0.86,0.97
27756,0.16,0.24
27757,0.0,0.05
27758,0.03,0.84
27759,0.07,0.19
27760,0.49,0.81
27761,0.16,0.86
27762,0.2,0.21
27763,0.05,0.64
27764,0.2,0.32
27765,0.16,0.45
27766,0.68,0.82
27767,0.52,0.83
27768,0.08,0.1
27769,0.08,0.26
27770,0.07,0.53
27771,0.04,0.55
27772,0.77,0.91
27773,0.06,0.4
27774,0.21,0.13
27775,0.06,0.16
27776,0.02,0.1
27777,0.2,0.48
27778,0.25,0.22
27779,0.22,0.32
27780,0.05,0.78
27781,0.01,0.15
27782,0.8,0.93
27783,0.1,0.63
27784,0.18,0.19
27785,0.11,0.32
27786,0.12,0.17
27787,0.16,0.25
27788,0.08,0.06
27789,0.68,0.81
27790,0.54,0.64
27791,0.1,0.3
27792,0.08,0.67
27793,0.13,0.21
27794,0.13,0.35
27795,0.56,0.82
27796,0.16,0.53
27797,0.41,0.59
27798,0.2,0.3
27799,0.12,0.19
27800,0.2,0.37
27801,0.0,0.22
27802,0.52,0.91
27803,0.05,0.03
27804,0.61,0.87
27805,0.11,0.25
27806,0.51,0.84
27807,0.22,0.74
27808,0.18,0.36
27809,0.49,0.86
27810,0.04,0.16
27811,0.02,0.11
27812,0.04,0.09
27813,0.2,0.41
27814,0.06,0.24
27815,0.09,0.21
27816,0.45,0.51
27817,0.06,0.28
27818,0.32,0.72
27819,0.14,0.18
27820,0.62,0.55
27821,0.12,0.24
27822,0.08,0.14
27823,0.31,0.36
27824,0.19,0.78
27825,0.29,0.3
27826,0.22,0.6
27827,0.06,0.07
27828,0.04,0.22
27829,0.06,0.11
27830,0.28,0.31
27831,0.17,0.6
27832,0.25,0.54
27833,0.19,0.47
27834,0.62,0.85
27835,0.51,0.76
27836,0.11,0.81
27837,0.73,0.81
27838,0.07,0.55
27839,0.05,0.17
27840,0.32,0.57
27841,0.27,0.4
27842,0.24,0.82
27843,0.13,0.45
27844,0.13,0.94
27845,0.06,0.73
27846,0.21,0.26
27847,0.1,0.46
27848,0.78,0.81
27849,0.18,0.75
27850,0.16,0.22
27851,0.39,0.32
27852,0.27,0.64
27853,0.13,0.2
27854,0.24,0.69
27855,0.18,0.49
27856,0.45,0.8
27857,0.5,0.84
27858,0.8,0.94
27859,0.72,0.84
27860,0.15,0.75
27861,0.0,0.15
27862,0.14,0.28
27863,0.36,0.36
27864,0.06,0.4
27865,0.42,0.6
27866,0.68,0.79
27867,0.44,0.58
27868,0.49,0.8
27869,0.03,0.56
27870,0.42,0.17
27871,0.11,0.62
27872,0.17,0.13
27873,0.2,0.12
27874,0.28,0.77
27875,0.32,0.49
27876,0.11,0.14
27877,0.38,0.66
27878,0.21,0.69
27879,0.06,0.73
27880,0.17,0.23
27881,0.12,0.83
27882,0.1,0.49
27883,0.06,0.12
27884,0.14,0.36
27885,0.02,0.14
27886,0.11,0.26
27887,0.56,0.52
27888,0.12,0.39
27889,0.16,0.2
27890,0.13,0.4
27891,0.15,0.46
27892,0.14,0.14
27893,0.04,0.32
27894,0.22,0.26
27895,0.17,0.71
27896,0.1,0.49
27897,0.02,0.01
27898,0.07,0.09
27899,0.07,0.5
27900,0.35,0.85
27901,0.08,0.12
27902,0.12,0.25
27903,0.09,0.11
27904,0.31,0.45
27905,0.11,0.28
27906,0.2,0.73
27907,0.85,0.97
27908,0.17,0.62
27909,0.09,0.25
27910,0.13,0.58
27911,0.42,0.64
27912,0.15,0.48
27913,0.06,0.33
27914,0.15,0.32
27915,0.03,0.48
27916,0.28,0.61
27917,0.15,0.52
27918,0.28,0.97
27919,0.21,0.44
27920,0.17,0.69
27921,0.14,0.61
27922,0.4,0.61
27923,0.08,0.87
27924,0.23,0.24
27925,0.03,0.04
27926,0.16,0.37
27927,0.06,0.19
27928,0.74,0.84
27929,0.08,0.88
27930,0.2,0.38
27931,0.66,0.84
27932,0.15,0.28
27933,0.02,0.3
27934,0.4,0.72
27935,0.28,0.74
27936,0.15,0.67
27937,0.7,0.88
27938,0.07,0.22
27939,0.08,0.13
27940,0.07,0.12
27941,0.0,0.16
27942,0.04,0.23
27943,0.04,0.64
27944,0.18,0.33
27945,0.42,0.41
27946,0.03,0.09
27947,0.49,0.73
27948,0.06,0.16
27949,0.15,0.56
27950,0.1,0.87
27951,0.32,0.6
27952,0.18,0.82
27953,0.16,0.55
27954,0.07,0.77
27955,0.03,0.85
27956,0.43,0.83
27957,0.02,0.14
27958,0.52,0.75
27959,0.32,0.33
27960,0.21,0.58
27961,0.11,0.16
27962,0.71,0.84
27963,0.08,0.11
27964,0.02,0.1
27965,0.02,0.06
27966,0.3,0.8
27967,0.06,0.12
27968,0.05,0.35
27969,0.62,0.88
27970,0.26,0.27
27971,0.05,0.72
27972,0.11,0.59
27973,0.52,0.81
27974,0.22,0.54
27975,0.11,0.18
27976,0.11,0.16
27977,0.12,0.22
27978,0.1,0.35
27979,0.4,0.74
27980,0.05,0.05
27981,0.11,0.34
27982,0.13,0.67
27983,0.73,0.93
27984,0.11,0.35
27985,0.05,0.83
27986,0.53,0.74
27987,0.2,0.45
27988,0.02,0.65
27989,0.1,0.5
27990,0.06,0.42
27991,0.2,0.49
27992,0.0,0.12
27993,0.12,0.21
27994,0.46,0.84
27995,0.16,0.69
27996,0.03,0.09
27997,0.14,0.23
27998,0.21,0.71
27999,0.45,0.81
28000,0.07,0.25
28001,0.04,0.05
28002,0.04,0.05
28003,0.08,0.48
28004,0.19,0.44
28005,0.29,0.43
28006,0.21,0.3
28007,0.19,0.51
28008,0.05,0.7
28009,0.11,0.35
28010,0.05,0.2
28011,0.07,0.59
28012,0.58,0.75
28013,0.38,0.71
28014,0.02,0.12
28015,0.25,0.64
28016,0.31,0.78
28017,0.03,0.29
28018,0.09,0.75
28019,0.06,0.11
28020,0.02,0.1
28021,0.27,0.47
28022,0.39,0.47
28023,0.52,0.61
28024,0.06,0.39
28025,0.43,0.71
28026,0.08,0.3
28027,0.47,0.75
28028,0.38,0.97
28029,0.35,0.57
28030,0.63,0.94
28031,0.04,0.18
28032,0.12,0.62
28033,0.42,0.14
28034,0.44,0.69
28035,0.1,0.27
28036,0.02,0.32
28037,0.13,0.59
28038,0.03,0.11
28039,0.15,0.4
28040,0.3,0.86
28041,0.08,0.89
28042,0.05,0.11
28043,0.53,0.8
28044,0.19,0.26
28045,0.14,0.39
28046,0.03,0.54
28047,0.26,0.71
28048,0.03,0.11
28049,0.14,0.87
28050,0.04,0.33
28051,0.21,0.76
28052,0.46,0.7
28053,0.03,0.25
28054,0.39,0.38
28055,0.04,0.33
28056,0.58,0.92
28057,0.09,0.7
28058,0.06,0.26
28059,0.04,0.28
28060,0.08,0.29
28061,0.22,0.26
28062,0.4,0.43
28063,0.11,0.22
28064,0.04,0.62
28065,0.11,0.25
28066,0.18,0.61
28067,0.15,0.79
28068,0.2,0.28
28069,0.13,0.47
28070,0.13,0.49
28071,0.27,0.54
28072,0.14,0.34
28073,0.04,0.1
28074,0.24,0.47
28075,0.15,0.16
28076,0.13,0.64
28077,0.09,0.27
28078,0.12,0.63
28079,0.29,0.77
28080,0.07,0.17
28081,0.25,0.7
28082,0.19,0.62
28083,0.03,0.06
28084,0.13,0.13
28085,0.56,0.45
28086,0.22,0.7
28087,0.11,0.86
28088,0.21,0.46
28089,0.07,0.21
28090,0.06,0.41
28091,0.14,0.25
28092,0.04,0.06
28093,0.07,0.51
28094,0.08,0.45
28095,0.75,0.82
28096,0.24,0.7
28097,0.1,0.14
28098,0.24,0.48
28099,0.12,0.31
28100,0.03,0.15
28101,0.25,0.75
28102,0.15,0.14
28103,0.14,0.88
28104,0.21,0.84
28105,0.04,0.06
28106,0.06,0.41
28107,0.03,0.08
28108,0.47,0.58
28109,0.09,0.24
28110,0.17,0.86
28111,0.12,0.38
28112,0.39,0.62
28113,0.19,0.73
28114,0.02,0.09
28115,0.18,0.28
28116,0.1,0.29
28117,0.08,0.17
28118,0.2,0.12
28119,0.46,0.67
28120,0.51,0.82
28121,0.58,0.91
28122,0.05,0.04
28123,0.19,0.09
28124,0.19,0.38
28125,0.45,0.42
28126,0.33,0.58
28127,0.13,0.33
28128,0.05,0.06
28129,0.39,0.89
28130,0.06,0.17
28131,0.21,0.18
28132,0.44,0.92
28133,0.19,0.95
28134,0.25,0.39
28135,0.27,0.66
28136,0.11,0.69
28137,0.05,0.14
28138,0.2,0.66
28139,0.42,0.79
28140,0.58,0.86
28141,0.01,0.05
28142,0.01,0.08
28143,0.21,0.43
28144,0.19,0.8
28145,0.29,0.46
28146,0.15,0.19
28147,0.16,0.42
28148,0.49,0.55
28149,0.04,0.17
28150,0.27,0.7
28151,0.07,0.58
28152,0.22,0.34
28153,0.04,0.19
28154,0.11,0.12
28155,0.04,0.72
28156,0.08,0.59
28157,0.07,0.23
28158,0.45,0.92
28159,0.36,0.73
28160,0.13,0.17
28161,0.15,0.56
28162,0.27,0.77
28163,0.08,0.25
28164,0.37,0.68
28165,0.05,0.22
28166,0.67,1.0
28167,0.17,0.29
28168,0.38,0.79
28169,0.03,0.29
28170,0.07,0.53
28171,0.16,0.37
28172,0.06,0.58
28173,0.03,0.16
28174,0.08,0.2
28175,0.16,0.69
28176,0.03,0.06
28177,0.13,0.25
28178,0.2,0.8
28179,0.14,0.33
28180,0.13,0.23
28181,0.18,0.33
28182,0.07,0.54
28183,0.1,0.14
28184,0.07,0.12
28185,0.18,0.39
28186,0.04,0.34
28187,0.3,0.45
28188,0.08,0.26
28189,0.03,0.1
28190,0.11,0.33
28191,0.0,0.02
28192,0.04,0.17
28193,0.11,0.87
28194,0.03,0.3
28195,0.44,0.77
28196,0.68,0.91
28197,0.11,0.55
28198,0.6,0.83
28199,0.14,0.45
28200,0.01,0.28
28201,0.14,0.28
28202,0.14,0.57
28203,0.55,0.83
28204,0.02,0.11
28205,0.41,0.43
28206,0.26,0.2
28207,0.3,0.75
28208,0.09,0.27
28209,0.42,0.57
28210,0.01,0.1
28211,0.56,0.64
28212,0.54,0.69
28213,0.58,0.74
28214,0.01,0.1
28215,0.32,0.62
28216,0.09,0.21
28217,0.02,0.06
28218,0.6,0.73
28219,0.15,0.13
28220,0.07,0.26
28221,0.08,0.18
28222,0.19,0.74
28223,0.36,0.83
28224,0.14,0.13
28225,0.18,0.47
28226,0.06,0.03
28227,0.18,0.97
28228,0.11,0.58
28229,0.62,0.81
28230,0.03,0.05
28231,0.73,0.86
28232,0.26,0.35
28233,0.25,0.4
28234,0.48,0.73
28235,0.04,0.41
28236,0.09,0.11
28237,0.15,0.17
28238,0.21,0.74
28239,0.23,0.48
28240,0.39,0.4
28241,0.07,0.05
28242,0.35,0.72
28243,0.16,0.33
28244,0.21,0.75
28245,0.12,0.5
28246,0.04,0.07
28247,0.3,0.31
28248,0.18,0.47
28249,0.08,0.5
28250,0.23,0.71
28251,0.32,0.75
28252,0.11,0.22
28253,0.51,0.68
28254,0.17,0.23
28255,0.24,0.59
28256,0.51,0.63
28257,0.04,0.1
28258,0.11,0.19
28259,0.05,0.73
28260,0.35,0.41
28261,0.37,0.55
28262,0.1,0.12
28263,0.05,0.24
28264,0.37,0.73
28265,0.14,0.6
28266,0.04,0.12
28267,0.14,0.42
28268,0.04,0.12
28269,0.14,0.18
28270,0.27,0.71
28271,0.64,0.49
28272,0.1,0.67
28273,0.24,0.51
28274,0.63,0.91
28275,0.14,0.49
28276,0.23,0.51
28277,0.0,0.03
28278,0.42,0.73
28279,0.47,0.76
28280,0.02,0.17
28281,0.01,0.07
28282,0.01,0.1
28283,0.26,0.33
28284,0.6,0.48
28285,0.33,0.62
28286,0.06,0.48
28287,0.06,0.16
28288,0.17,0.33
28289,0.0,0.1
28290,0.06,0.12
28291,0.46,0.96
28292,0.19,0.39
28293,0.08,0.13
28294,0.5,0.89
28295,0.18,0.5
28296,0.29,0.38
28297,0.07,0.08
28298,0.09,0.75
28299,0.12,0.33
28300,0.1,0.28
28301,0.13,0.17
28302,0.04,0.33
28303,0.88,0.95
28304,0.03,0.47
28305,0.11,0.31
28306,0.06,0.06
28307,0.24,0.86
28308,0.58,0.93
28309,0.01,0.12
28310,0.26,0.35
28311,0.15,0.87
28312,0.09,0.66
28313,0.1,0.22
28314,0.08,0.49
28315,0.72,0.87
28316,0.04,0.29
28317,0.03,0.05
28318,0.01,0.09
28319,0.06,0.15
28320,0.48,0.85
28321,0.19,0.89
28322,0.35,0.46
28323,0.26,0.66
28324,0.04,0.94
28325,0.09,0.75
28326,0.33,0.55
28327,0.68,0.81
28328,0.49,0.36
28329,0.17,0.67
28330,0.25,0.42
28331,0.03,0.07
28332,0.03,0.07
28333,0.11,0.32
28334,0.03,0.1
28335,0.02,0.1
28336,0.56,0.76
28337,0.07,0.15
28338,0.06,0.16
28339,0.79,0.85
28340,0.25,0.48
28341,0.44,0.9
28342,0.16,0.17
28343,0.46,0.85
28344,0.12,0.54
28345,0.19,0.42
28346,0.34,0.74
28347,0.3,0.63
28348,0.1,0.53
28349,0.06,0.12
28350,0.79,0.93
28351,0.11,0.56
28352,0.22,0.69
28353,0.38,0.69
28354,0.04,0.09
28355,0.31,0.63
28356,0.16,0.66
28357,0.03,0.05
28358,0.33,0.53
28359,0.19,0.86
28360,0.39,0.72
28361,0.13,0.32
28362,0.22,0.93
28363,0.44,0.8
28364,0.51,0.9
28365,0.05,0.08
28366,0.08,0.26
28367,0.08,0.33
28368,0.49,0.8
28369,0.05,0.02
28370,0.24,0.68
28371,0.2,0.27
28372,0.06,0.11
28373,0.23,0.21
28374,0.04,0.14
28375,0.14,0.23
28376,0.12,0.49
28377,0.12,0.31
28378,0.03,0.05
28379,0.1,0.35
28380,0.22,0.24
28381,0.74,0.94
28382,0.09,0.35
28383,0.03,0.15
28384,0.07,0.25
28385,0.63,0.91
28386,0.26,0.48
28387,0.32,0.88
28388,0.52,0.72
28389,0.03,0.16
28390,0.64,0.84
28391,0.23,0.23
28392,0.25,0.66
28393,0.08,0.81
28394,0.09,0.55
28395,0.05,0.79
28396,0.03,0.24
28397,0.17,0.25
28398,0.12,0.19
28399,0.85,0.92
28400,0.08,0.73
28401,0.11,0.14
28402,0.16,0.34
28403,0.32,0.51
28404,0.11,0.64
28405,0.08,0.18
28406,0.06,0.1
28407,0.61,0.63
28408,0.09,0.91
28409,0.01,0.13
28410,0.57,0.73
28411,0.36,0.35
28412,0.69,0.77
28413,0.16,0.35
28414,0.78,0.98
28415,0.05,0.13
28416,0.05,0.24
28417,0.05,0.09
28418,0.64,0.6
28419,0.72,0.88
28420,0.62,0.82
28421,0.12,0.33
28422,0.03,0.06
28423,0.04,0.05
28424,0.37,0.36
28425,0.05,0.11
28426,0.09,0.4
28427,0.31,0.44
28428,0.09,0.81
28429,0.15,0.19
28430,0.55,0.77
28431,0.75,0.86
28432,0.05,0.25
28433,0.28,0.42
28434,0.04,0.63
28435,0.24,0.66
28436,0.11,0.13
28437,0.08,0.39
28438,0.04,0.08
28439,0.03,0.2
28440,0.12,0.79
28441,0.74,0.94
28442,0.04,0.88
28443,0.65,0.89
28444,0.26,0.32
28445,0.19,0.3
28446,0.07,0.29
28447,0.18,0.63
28448,0.46,0.43
28449,0.12,0.42
28450,0.1,0.46
28451,0.05,0.16
28452,0.02,0.09
28453,0.12,0.39
28454,0.13,0.28
28455,0.67,0.87
28456,0.26,0.52
28457,0.33,0.6
28458,0.04,0.46
28459,0.03,0.05
28460,0.0,0.11
28461,0.23,0.26
28462,0.02,0.26
28463,0.38,0.35
28464,0.06,0.6
28465,0.54,0.61
28466,0.11,0.11
28467,0.29,0.6
28468,0.15,0.32
28469,0.23,0.26
28470,0.07,0.2
28471,0.1,0.74
28472,0.22,0.53
28473,0.05,0.16
28474,0.14,0.46
28475,0.34,0.56
28476,0.07,0.15
28477,0.08,0.0
28478,0.36,0.54
28479,0.39,0.56
28480,0.1,0.26
28481,0.04,0.56
28482,0.51,0.78
28483,0.04,0.36
28484,0.14,0.6
28485,0.04,0.15
28486,0.03,0.03
28487,0.0,0.11
28488,0.24,0.82
28489,0.37,0.5
28490,0.09,0.61
28491,0.13,0.65
28492,0.25,0.64
28493,0.11,0.09
28494,0.54,0.44
28495,0.07,0.16
28496,0.19,0.92
28497,0.13,0.18
28498,0.07,0.3
28499,0.08,0.62
28500,0.1,0.31
28501,0.12,0.62
28502,0.08,0.33
28503,0.34,0.37
28504,0.07,0.2
28505,0.01,0.03
28506,0.57,0.75
28507,0.01,0.08
28508,0.57,0.82
28509,0.17,0.45
28510,0.34,0.55
28511,0.18,0.75
28512,0.1,0.2
28513,0.16,0.28
28514,0.11,0.4
28515,0.1,0.32
28516,0.11,0.36
28517,0.01,0.18
28518,0.03,0.37
28519,0.11,0.38
28520,0.14,0.17
28521,0.05,0.63
28522,0.5,0.75
28523,0.21,0.48
28524,0.23,0.3
28525,0.12,0.2
28526,0.15,0.24
28527,0.1,0.3
28528,0.53,0.73
28529,0.09,0.21
28530,0.24,0.84
28531,0.06,0.13
28532,0.1,0.15
28533,0.05,0.14
28534,0.03,0.05
28535,0.0,0.14
28536,0.18,0.63
28537,0.09,0.56
28538,0.58,0.72
28539,0.02,0.1
28540,0.09,0.95
28541,0.36,0.75
28542,0.07,0.11
28543,0.19,0.39
28544,0.2,0.54
28545,0.21,0.73
28546,0.19,0.21
28547,0.09,0.67
28548,0.03,0.12
28549,0.0,0.13
28550,0.06,0.47
28551,0.29,0.81
28552,0.27,0.43
28553,0.14,0.12
28554,0.14,0.54
28555,0.23,0.39
28556,0.02,0.11
28557,0.41,0.8
28558,0.07,0.51
28559,0.03,0.09
28560,0.18,0.58
28561,0.55,0.84
28562,0.24,0.24
28563,0.09,0.28
28564,0.07,0.12
28565,0.17,0.35
28566,0.14,0.7
28567,0.05,0.04
28568,0.15,0.46
28569,0.32,0.54
28570,0.03,0.27
28571,0.07,0.2
28572,0.02,0.06
28573,0.65,0.93
28574,0.2,0.38
28575,0.42,0.72
28576,0.11,0.19
28577,0.13,0.88
28578,0.02,0.02
28579,0.14,0.67
28580,0.17,0.6
28581,0.03,0.6
28582,0.31,0.5
28583,0.09,0.84
28584,0.19,0.77
28585,0.27,0.37
28586,0.07,0.12
28587,0.4,0.81
28588,0.12,0.5
28589,0.81,0.91
28590,0.05,0.23
28591,0.6,0.98
28592,0.9,0.95
28593,0.27,0.66
28594,0.07,0.19
28595,0.07,0.67
28596,0.01,0.12
28597,0.11,0.66
28598,0.05,0.22
28599,0.05,0.26
28600,0.08,0.38
28601,0.18,0.67
28602,0.5,0.62
28603,0.22,0.21
28604,0.21,0.29
28605,0.03,0.05
28606,0.11,0.38
28607,0.06,0.07
28608,0.11,0.21
28609,0.48,0.66
28610,0.14,0.3
28611,0.18,0.19
28612,0.17,0.83
28613,0.13,0.27
28614,0.05,0.1
28615,0.05,0.19
28616,0.13,0.24
28617,0.02,0.04
28618,0.07,0.13
28619,0.56,0.42
28620,0.47,0.55
28621,0.03,0.88
28622,0.6,0.64
28623,0.13,0.32
28624,0.03,0.4
28625,0.27,0.21
28626,0.22,0.65
28627,0.51,0.86
28628,0.25,0.46
28629,0.04,0.02
28630,0.72,0.86
28631,0.25,0.43
28632,0.06,0.28
28633,0.36,0.51
28634,0.47,0.48
28635,0.34,0.85
28636,0.08,0.48
28637,0.62,0.79
28638,0.13,0.27
28639,0.12,0.79
28640,0.07,0.52
28641,0.09,0.35
28642,0.19,0.44
28643,0.06,0.33
28644,0.12,0.36
28645,0.1,0.46
28646,0.18,0.27
28647,0.02,0.29
28648,0.1,0.53
28649,0.36,0.39
28650,0.13,0.3
28651,0.58,0.78
28652,0.07,0.02
28653,0.06,0.67
28654,0.11,0.7
28655,0.26,0.64
28656,0.68,0.7
28657,0.11,0.26
28658,0.72,0.86
28659,0.09,0.08
28660,0.44,0.29
28661,0.49,0.55
28662,0.09,0.17
28663,0.13,0.45
28664,0.27,0.62
28665,0.26,0.4
28666,0.04,0.15
28667,0.14,0.51
28668,0.11,0.41
28669,0.4,0.84
28670,0.17,0.22
28671,0.09,0.26
28672,0.1,0.61
28673,0.14,0.71
28674,0.16,0.28
28675,0.55,0.89
28676,0.12,0.53
28677,0.13,0.86
28678,0.01,0.08
28679,0.33,0.51
28680,0.18,0.29
28681,0.28,0.65
28682,0.67,0.92
28683,0.1,0.37
28684,0.01,0.1
28685,0.01,0.17
28686,0.16,0.85
28687,0.01,0.06
28688,0.3,0.62
28689,0.44,0.87
28690,0.1,0.36
28691,0.38,0.63
28692,0.19,0.78
28693,0.04,0.87
28694,0.07,0.72
28695,0.28,0.67
28696,0.1,0.29
28697,0.1,0.42
28698,0.83,0.76
28699,0.08,0.07
28700,0.11,0.86
28701,0.21,0.35
28702,0.05,0.3
28703,0.1,0.54
28704,0.3,0.76
28705,0.13,0.86
28706,0.25,0.25
28707,0.07,0.25
28708,0.28,0.22
28709,0.05,0.08
28710,0.75,0.88
28711,0.41,0.93
28712,0.16,0.27
28713,0.12,0.27
28714,0.5,0.47
28715,0.42,0.7
28716,0.04,0.12
28717,0.07,0.55
28718,0.02,0.43
28719,0.04,0.13
28720,0.1,0.16
28721,0.02,0.23
28722,0.28,0.39
28723,0.09,0.69
28724,0.11,0.67
28725,0.4,0.8
28726,0.08,0.38
28727,0.1,0.35
28728,0.18,0.11
28729,0.29,0.82
28730,0.3,0.66
28731,0.05,0.45
28732,0.08,0.14
28733,0.1,0.15
28734,0.05,0.3
28735,0.07,0.33
28736,0.24,0.26
28737,0.18,0.76
28738,0.07,0.92
28739,0.28,0.58
28740,0.4,0.77
28741,0.01,0.39
28742,0.33,0.2
28743,0.05,0.22
28744,0.05,0.74
28745,0.1,0.85
28746,0.2,0.25
28747,0.1,0.75
28748,0.73,0.79
28749,0.05,0.41
28750,0.14,0.36
28751,0.21,0.68
28752,0.2,0.37
28753,0.15,0.14
28754,0.54,0.66
28755,0.11,0.67
28756,0.07,0.15
28757,0.11,0.35
28758,0.02,0.1
28759,0.17,0.46
28760,0.03,0.18
28761,0.21,0.68
28762,0.19,0.83
28763,0.22,0.5
28764,0.51,0.67
28765,0.14,0.57
28766,0.17,0.62
28767,0.09,0.33
28768,0.07,0.08
28769,0.21,0.58
28770,0.17,0.68
28771,0.38,0.69
28772,0.07,0.59
28773,0.14,0.19
28774,0.59,0.93
28775,0.08,0.51
28776,0.08,0.54
28777,0.07,0.35
28778,0.26,0.33
28779,0.65,0.95
28780,0.02,0.06
28781,0.27,0.68
28782,0.13,0.9
28783,0.27,0.28
28784,0.01,0.31
28785,0.18,0.48
28786,0.07,0.09
28787,0.2,0.15
28788,0.08,0.22
28789,0.45,0.62
28790,0.39,0.85
28791,0.89,0.98
28792,0.41,0.82
28793,0.66,0.94
28794,0.01,0.09
28795,0.08,0.16
28796,0.02,0.03
28797,0.57,0.9
28798,0.1,0.88
28799,0.19,0.27
28800,0.18,0.18
28801,0.11,0.1
28802,0.33,0.31
28803,0.06,0.81
28804,0.06,0.91
28805,0.05,0.07
28806,0.47,0.74
28807,0.18,0.21
28808,0.13,0.14
28809,0.13,0.66
28810,0.19,0.18
28811,0.12,0.87
28812,0.03,0.05
28813,0.04,0.32
28814,0.21,0.31
28815,0.13,0.14
28816,0.14,0.55
28817,0.05,0.41
28818,0.1,0.26
28819,0.13,0.72
28820,0.02,0.08
28821,0.03,0.09
28822,0.12,0.13
28823,0.26,0.72
28824,0.47,0.79
28825,0.16,0.47
28826,0.18,0.35
28827,0.6,0.74
28828,0.15,0.27
28829,0.07,0.1
28830,0.2,0.56
28831,0.0,0.11
28832,0.07,0.45
28833,0.12,0.38
28834,0.43,0.71
28835,0.34,0.48
28836,0.08,0.57
28837,0.78,0.85
28838,0.37,0.66
28839,0.49,0.7
28840,0.08,0.62
28841,0.07,0.23
28842,0.3,0.32
28843,0.29,0.75
28844,0.01,0.26
28845,0.04,0.09
28846,0.43,0.83
28847,0.11,0.11
28848,0.27,0.46
28849,0.29,0.41
28850,0.15,0.31
28851,0.09,0.29
28852,0.47,0.81
28853,0.01,0.12
28854,0.19,0.82
28855,0.11,0.22
28856,0.05,0.58
28857,0.1,0.4
28858,0.27,0.73
28859,0.1,0.07
28860,0.16,0.48
28861,0.6,0.64
28862,0.28,0.38
28863,0.14,0.94
28864,0.45,0.49
28865,0.09,0.81
28866,0.26,0.24
28867,0.1,0.2
28868,0.05,0.09
28869,0.04,0.19
28870,0.22,0.25
28871,0.17,0.11
28872,0.04,0.61
28873,0.02,0.01
28874,0.11,0.63
28875,0.2,0.69
28876,0.2,0.58
28877,0.07,0.13
28878,0.02,0.11
28879,0.2,0.47
28880,0.39,0.67
28881,0.22,0.29
28882,0.48,0.77
28883,0.51,0.64
28884,0.35,0.23
28885,0.06,0.35
28886,0.03,0.17
28887,0.03,0.1
28888,0.07,0.24
28889,0.04,0.11
28890,0.07,0.75
28891,0.02,0.09
28892,0.11,0.18
28893,0.26,0.61
28894,0.06,0.12
28895,0.06,0.26
28896,0.27,0.29
28897,0.49,0.81
28898,0.09,0.46
28899,0.36,0.51
28900,0.28,0.36
28901,0.07,0.83
28902,0.27,0.29
28903,0.27,0.28
28904,0.11,0.62
28905,0.43,0.76
28906,0.14,0.79
28907,0.03,0.05
28908,0.52,0.84
28909,0.38,0.62
28910,0.15,0.57
28911,0.21,0.48
28912,0.09,0.86
28913,0.29,0.43
28914,0.39,0.87
28915,0.1,0.21
28916,0.19,0.67
28917,0.04,0.59
28918,0.78,0.94
28919,0.17,0.7
28920,0.27,0.53
28921,0.18,0.64
28922,0.18,0.37
28923,0.58,0.77
28924,0.09,0.87
28925,0.45,0.72
28926,0.2,0.33
28927,0.07,0.12
28928,0.6,0.74
28929,0.03,0.1
28930,0.01,0.08
28931,0.29,0.55
28932,0.55,0.48
28933,0.01,0.06
28934,0.4,0.53
28935,0.4,0.54
28936,0.07,0.18
28937,0.28,0.69
28938,0.03,0.17
28939,0.13,0.58
28940,0.37,0.59
28941,0.41,0.75
28942,0.15,0.25
28943,0.24,0.56
28944,0.05,0.14
28945,0.06,0.19
28946,0.23,0.47
28947,0.07,0.08
28948,0.15,0.6
28949,0.21,0.49
28950,0.04,0.97
28951,0.17,0.17
28952,0.06,0.45
28953,0.25,0.83
28954,0.15,0.3
28955,0.07,0.86
28956,0.24,0.57
28957,0.03,0.23
28958,0.06,0.19
28959,0.34,0.55
28960,0.21,0.66
28961,0.18,0.18
28962,0.27,0.31
28963,0.1,0.37
28964,0.1,0.53
28965,0.41,0.2
28966,0.12,0.17
28967,0.78,0.99
28968,0.26,0.74
28969,0.12,0.23
28970,0.11,0.16
28971,0.2,0.61
28972,0.07,0.82
28973,0.08,0.38
28974,0.04,0.07
28975,0.06,0.25
28976,0.19,0.74
28977,0.22,0.35
28978,0.05,0.26
28979,0.29,0.85
28980,0.03,0.14
28981,0.55,0.64
28982,0.04,0.29
28983,0.01,0.01
28984,0.51,0.68
28985,0.31,0.49
28986,0.39,0.41
28987,0.04,0.13
28988,0.34,0.49
28989,0.28,0.92
28990,0.28,0.31
28991,0.32,0.52
28992,0.03,0.12
28993,0.05,0.38
28994,0.17,0.3
28995,0.31,0.69
28996,0.26,0.54
28997,0.08,0.15
28998,0.54,0.81
28999,0.2,0.48
29000,0.75,0.93
29001,0.04,0.22
29002,0.13,0.35
29003,0.6,0.73
29004,0.49,0.68
29005,0.21,0.7
29006,0.14,0.04
29007,0.12,0.8
29008,0.34,0.54
29009,0.1,0.41
29010,0.16,0.35
29011,0.12,0.33
29012,0.4,0.41
29013,0.06,0.26
29014,0.22,0.49
29015,0.04,0.09
29016,0.25,0.66
29017,0.11,0.76
29018,0.03,0.09
29019,0.14,0.55
29020,0.45,0.71
29021,0.38,0.55
29022,0.27,0.42
29023,0.7,0.66
29024,0.2,0.45
29025,0.07,0.21
29026,0.45,0.51
29027,0.55,0.78
29028,0.07,0.35
29029,0.03,0.3
29030,0.08,0.33
29031,0.01,0.2
29032,0.69,0.8
29033,0.11,0.46
29034,0.48,0.52
29035,0.03,0.2
29036,0.07,0.31
29037,0.11,0.93
29038,0.01,0.3
29039,0.25,0.57
29040,0.02,0.08
29041,0.51,0.55
29042,0.2,0.1
29043,0.09,0.29
29044,0.69,0.83
29045,0.2,0.47
29046,0.04,0.23
29047,0.18,0.17
29048,0.69,0.86
29049,0.38,0.81
29050,0.04,0.7
29051,0.35,0.52
29052,0.05,0.11
29053,0.11,0.76
29054,0.05,0.15
29055,0.15,0.77
29056,0.18,0.8
29057,0.21,0.84
29058,0.04,0.07
29059,0.03,0.18
29060,0.13,0.49
29061,0.15,0.6
29062,0.17,0.35
29063,0.73,0.75
29064,0.89,0.92
29065,0.27,0.15
29066,0.13,0.61
29067,0.8,0.94
29068,0.02,0.12
29069,0.13,0.91
29070,0.17,0.58
29071,0.54,0.61
29072,0.08,0.66
29073,0.23,0.22
29074,0.57,0.87
29075,0.11,0.62
29076,0.61,0.72
29077,0.09,0.87
29078,0.06,0.56
29079,0.61,0.6
29080,0.07,0.28
29081,0.12,0.84
29082,0.02,0.1
29083,0.12,0.21
29084,0.39,0.81
29085,0.3,0.84
29086,0.73,0.74
29087,0.32,0.4
29088,0.13,0.61
29089,0.02,0.02
29090,0.15,0.64
29091,0.39,0.87
29092,0.44,0.51
29093,0.51,0.79
29094,0.05,0.07
29095,0.07,0.45
29096,0.32,0.77
29097,0.04,0.15
29098,0.47,0.77
29099,0.76,0.83
29100,0.52,0.62
29101,0.37,0.62
29102,0.24,0.81
29103,0.49,0.65
29104,0.15,0.62
29105,0.51,0.78
29106,0.07,0.53
29107,0.13,0.33
29108,0.43,0.85
29109,0.12,0.41
29110,0.07,0.31
29111,0.79,0.84
29112,0.36,0.64
29113,0.2,0.22
29114,0.18,0.25
29115,0.09,0.16
29116,0.21,0.25
29117,0.38,0.5
29118,0.28,0.66
29119,0.9,0.99
29120,0.07,0.25
29121,0.07,0.04
29122,0.44,0.91
29123,0.19,0.4
29124,0.2,0.13
29125,0.14,0.53
29126,0.36,0.3
29127,0.39,0.7
29128,0.11,0.63
29129,0.03,0.08
29130,0.26,0.58
29131,0.01,0.04
29132,0.59,0.68
29133,0.19,0.54
29134,0.12,0.33
29135,0.14,0.85
29136,0.12,0.19
29137,0.28,0.47
29138,0.04,0.11
29139,0.08,0.3
29140,0.2,0.16
29141,0.33,0.16
29142,0.54,0.66
29143,0.2,0.22
29144,0.74,0.94
29145,0.51,0.55
29146,0.05,0.21
29147,0.13,0.76
29148,0.24,0.68
29149,0.26,0.65
29150,0.06,0.42
29151,0.08,0.23
29152,0.53,0.7
29153,0.06,0.15
29154,0.07,0.14
29155,0.16,0.97
29156,0.09,0.17
29157,0.09,0.1
29158,0.14,0.82
29159,0.34,0.55
29160,0.06,0.12
29161,0.44,0.59
29162,0.08,0.19
29163,0.01,0.11
29164,0.1,0.09
29165,0.65,0.82
29166,0.1,0.4
29167,0.16,0.06
29168,0.11,0.47
29169,0.72,0.89
29170,0.13,0.5
29171,0.25,0.46
29172,0.04,0.4
29173,0.06,0.2
29174,0.32,0.16
29175,0.38,0.65
29176,0.25,0.58
29177,0.23,0.47
29178,0.14,0.21
29179,0.04,0.4
29180,0.08,0.45
29181,0.29,0.39
29182,0.03,0.08
29183,0.51,0.53
29184,0.03,0.09
29185,0.4,0.42
29186,0.04,0.35
29187,0.13,0.26
29188,0.11,0.3
29189,0.02,0.1
29190,0.17,0.46
29191,0.08,0.15
29192,0.11,0.18
29193,0.14,0.29
29194,0.04,0.08
29195,0.31,0.71
29196,0.08,0.19
29197,0.12,0.16
29198,0.18,0.29
29199,0.09,0.31
29200,0.35,0.33
29201,0.11,0.15
29202,0.44,0.52
29203,0.06,0.56
29204,0.15,0.79
29205,0.08,0.76
29206,0.24,0.77
29207,0.18,0.37
29208,0.19,0.98
29209,0.05,0.13
29210,0.04,0.15
29211,0.4,0.55
29212,0.02,0.05
29213,0.03,0.17
29214,0.28,0.87
29215,0.21,0.28
29216,0.6,0.8
29217,0.21,0.31
29218,0.65,0.77
29219,0.02,0.03
29220,0.1,0.6
29221,0.52,0.75
29222,0.06,0.09
29223,0.03,0.06
29224,0.55,0.48
29225,0.11,0.8
29226,0.21,0.24
29227,0.2,0.5
29228,0.66,0.7
29229,0.11,0.29
29230,0.43,0.39
29231,0.05,0.26
29232,0.18,0.39
29233,0.01,0.28
29234,0.02,0.05
29235,0.25,0.63
29236,0.69,0.76
29237,0.11,0.48
29238,0.65,0.86
29239,0.09,0.19
29240,0.29,0.48
29241,0.04,0.1
29242,0.12,0.76
29243,0.26,0.42
29244,0.66,0.69
29245,0.12,0.4
29246,0.1,0.79
29247,0.23,0.68
29248,0.17,0.21
29249,0.5,0.9
29250,0.19,0.68
29251,0.24,0.52
29252,0.61,0.86
29253,0.11,0.27
29254,0.34,0.67
29255,0.0,0.12
29256,0.2,0.55
29257,0.05,0.42
29258,0.03,0.13
29259,0.12,0.33
29260,0.69,0.82
29261,0.13,0.85
29262,0.29,0.32
29263,0.02,0.15
29264,0.58,0.78
29265,0.1,0.21
29266,0.2,0.05
29267,0.54,0.71
29268,0.34,0.16
29269,0.1,0.52
29270,0.14,0.25
29271,0.13,0.47
29272,0.09,0.38
29273,0.09,0.06
29274,0.05,0.88
29275,0.1,0.49
29276,0.07,0.25
29277,0.35,0.47
29278,0.02,0.1
29279,0.06,0.35
29280,0.19,0.89
29281,0.05,0.4
29282,0.18,0.54
29283,0.23,0.75
29284,0.06,0.21
29285,0.17,0.67
29286,0.19,0.36
29287,0.15,0.24
29288,0.21,0.79
29289,0.47,0.84
29290,0.11,0.21
29291,0.08,0.26
29292,0.57,0.82
29293,0.02,0.37
29294,0.26,0.47
29295,0.48,0.84
29296,0.22,0.89
29297,0.35,0.77
29298,0.14,0.42
29299,0.18,0.69
29300,0.03,0.5
29301,0.12,0.31
29302,0.48,0.82
29303,0.45,0.48
29304,0.2,0.53
29305,0.05,0.18
29306,0.09,0.3
29307,0.16,0.46
29308,0.48,0.55
29309,0.56,0.79
29310,0.08,0.94
29311,0.12,0.61
29312,0.02,0.08
29313,0.81,0.82
29314,0.02,0.12
29315,0.01,0.08
29316,0.03,0.25
29317,0.14,0.49
29318,0.48,0.68
29319,0.06,0.58
29320,0.36,0.59
29321,0.12,0.39
29322,0.06,0.14
29323,0.02,0.12
29324,0.49,0.78
29325,0.76,0.97
29326,0.22,0.52
29327,0.24,0.53
29328,0.27,0.62
29329,0.22,0.76
29330,0.08,0.27
29331,0.08,0.46
29332,0.04,0.09
29333,0.06,0.22
29334,0.26,0.27
29335,0.03,0.13
29336,0.06,0.21
29337,0.04,0.18
29338,0.12,0.28
29339,0.01,0.38
29340,0.1,0.65
29341,0.13,0.28
29342,0.15,0.68
29343,0.24,0.62
29344,0.12,0.09
29345,0.22,0.57
29346,0.03,0.11
29347,0.54,0.59
29348,0.47,0.75
29349,0.05,0.15
29350,0.13,0.31
29351,0.12,0.05
29352,0.22,0.49
29353,0.04,0.09
29354,0.09,0.1
29355,0.02,0.08
29356,0.03,0.14
29357,0.56,0.82
29358,0.67,0.79
29359,0.06,0.27
29360,0.07,0.04
29361,0.1,0.19
29362,0.12,0.59
29363,0.08,0.16
29364,0.32,0.66
29365,0.36,0.33
29366,0.13,0.14
29367,0.03,0.14
29368,0.17,0.31
29369,0.05,0.52
29370,0.24,0.52
29371,0.56,0.83
29372,0.23,0.69
29373,0.31,0.36
29374,0.32,0.27
29375,0.63,0.8
29376,0.18,0.53
29377,0.11,0.15
29378,0.32,0.26
29379,0.29,0.66
29380,0.1,0.6
29381,0.42,0.66
29382,0.41,0.3
29383,0.68,0.92
29384,0.56,0.71
29385,0.61,0.79
29386,0.13,0.5
29387,0.11,0.61
29388,0.05,0.59
29389,0.0,0.07
29390,0.02,0.93
29391,0.15,0.43
29392,0.55,0.86
29393,0.93,0.96
29394,0.09,0.58
29395,0.1,0.32
29396,0.15,0.21
29397,0.32,0.53
29398,0.12,0.86
29399,0.09,0.13
29400,0.06,0.15
29401,0.41,0.78
29402,0.22,0.88
29403,0.19,0.46
29404,0.11,0.46
29405,0.06,0.26
29406,0.13,0.57
29407,0.56,0.76
29408,0.06,0.6
29409,0.67,0.91
29410,0.08,0.1
29411,0.8,0.89
29412,0.14,0.83
29413,0.09,0.06
29414,0.19,0.8
29415,0.67,0.84
29416,0.16,0.43
29417,0.11,0.66
29418,0.71,0.88
29419,0.82,0.96
29420,0.13,0.41
29421,0.38,0.52
29422,0.09,0.6
29423,0.5,0.82
29424,0.45,0.51
29425,0.3,0.63
29426,0.65,0.74
29427,0.38,0.75
29428,0.05,0.19
29429,0.2,0.81
29430,0.07,0.65
29431,0.05,0.55
29432,0.09,0.82
29433,0.34,0.74
29434,0.15,0.21
29435,0.03,0.66
29436,0.19,0.19
29437,0.78,0.87
29438,0.34,0.72
29439,0.22,0.29
29440,0.14,0.88
29441,0.12,0.79
29442,0.78,0.88
29443,0.03,0.05
29444,0.71,0.94
29445,0.11,0.67
29446,0.25,0.23
29447,0.29,0.55
29448,0.02,0.14
29449,0.1,0.24
29450,0.05,0.99
29451,0.21,0.46
29452,0.19,0.52
29453,0.03,0.92
29454,0.07,0.29
29455,0.18,0.49
29456,0.51,0.65
29457,0.02,0.17
29458,0.06,0.15
29459,0.38,0.71
29460,0.83,0.91
29461,0.09,0.15
29462,0.02,0.1
29463,0.52,0.82
29464,0.46,0.68
29465,0.07,0.59
29466,0.1,0.67
29467,0.17,0.49
29468,0.05,0.32
29469,0.48,0.8
29470,0.13,0.21
29471,0.73,0.87
29472,0.07,0.11
29473,0.05,0.18
29474,0.14,0.59
29475,0.55,0.8
29476,0.06,0.67
29477,0.03,0.19
29478,0.08,0.16
29479,0.1,0.55
29480,0.2,0.7
29481,0.14,0.85
29482,0.4,0.56
29483,0.04,0.71
29484,0.43,0.43
29485,0.36,0.89
29486,0.48,0.74
29487,0.06,0.73
29488,0.42,0.47
29489,0.04,0.04
29490,0.19,0.8
29491,0.23,0.38
29492,0.71,0.83
29493,0.0,0.12
29494,0.09,0.84
29495,0.6,0.95
29496,0.25,0.1
29497,0.02,0.06
29498,0.71,0.76
29499,0.08,0.17
29500,0.23,0.48
29501,0.02,0.06
29502,0.31,0.49
29503,0.23,0.32
29504,0.6,0.48
29505,0.02,0.44
29506,0.03,0.07
29507,0.07,0.61
29508,0.15,0.29
29509,0.06,0.32
29510,0.18,0.87
29511,0.35,0.52
29512,0.03,0.19
29513,0.19,0.22
29514,0.09,0.09
29515,0.08,0.21
29516,0.31,0.5
29517,0.12,0.33
29518,0.02,0.44
29519,0.11,0.15
29520,0.01,0.07
29521,0.13,0.28
29522,0.08,0.29
29523,0.16,0.46
29524,0.0,0.22
29525,0.09,0.18
29526,0.06,0.45
29527,0.07,0.15
29528,0.44,0.63
29529,0.61,0.64
29530,0.36,0.39
29531,0.19,0.36
29532,0.02,0.08
29533,0.05,0.22
29534,0.13,0.4
29535,0.06,0.28
29536,0.08,0.54
29537,0.35,0.72
29538,0.2,0.08
29539,0.12,0.34
29540,0.11,0.36
29541,0.16,0.69
29542,0.04,0.13
29543,0.1,0.16
29544,0.5,0.7
29545,0.29,0.66
29546,0.5,0.73
29547,0.12,0.44
29548,0.06,0.12
29549,0.12,0.5
29550,0.07,0.16
29551,0.07,0.24
29552,0.35,0.81
29553,0.44,0.76
29554,0.2,0.6
29555,0.42,0.74
29556,0.52,0.76
29557,0.23,0.37
29558,0.2,0.55
29559,0.16,0.36
29560,0.4,0.46
29561,0.03,0.03
29562,0.32,0.26
29563,0.15,0.21
29564,0.53,0.81
29565,0.1,0.45
29566,0.14,0.23
29567,0.14,0.64
29568,0.16,0.95
29569,0.17,0.55
29570,0.02,0.05
29571,0.16,0.7
29572,0.64,0.65
29573,0.57,0.73
29574,0.46,0.48
29575,0.16,0.09
29576,0.11,0.29
29577,0.53,0.82
29578,0.08,0.3
29579,0.09,0.1
29580,0.08,0.01
29581,0.68,0.89
29582,0.47,0.85
29583,0.66,0.93
29584,0.09,0.47
29585,0.16,0.24
29586,0.63,0.78
29587,0.15,0.71
29588,0.07,0.27
29589,0.14,0.83
29590,0.14,0.71
29591,0.1,0.39
29592,0.4,0.67
29593,0.1,0.56
29594,0.11,0.76
29595,0.49,0.86
29596,0.18,0.16
29597,0.29,0.74
29598,0.02,0.28
29599,0.08,0.5
29600,0.09,0.31
29601,0.72,0.73
29602,0.29,0.72
29603,0.2,0.41
29604,0.02,0.14
29605,0.07,0.14
29606,0.02,0.22
29607,0.0,0.09
29608,0.21,0.73
29609,0.04,0.08
29610,0.2,0.12
29611,0.18,0.27
29612,0.06,0.14
29613,0.64,0.55
29614,0.03,0.1
29615,0.7,0.78
29616,0.15,0.77
29617,0.53,0.69
29618,0.06,0.16
29619,0.56,0.74
29620,0.48,0.73
29621,0.23,0.6
29622,0.05,0.19
29623,0.52,0.64
29624,0.08,0.21
29625,0.32,0.39
29626,0.1,0.3
29627,0.12,0.41
29628,0.2,0.5
29629,0.11,0.81
29630,0.07,0.41
29631,0.17,0.15
29632,0.35,0.83
29633,0.03,0.29
29634,0.76,0.8
29635,0.02,0.11
29636,0.05,0.29
29637,0.26,0.83
29638,0.19,0.82
29639,0.41,0.61
29640,0.07,0.12
29641,0.34,0.77
29642,0.56,0.83
29643,0.16,0.35
29644,0.41,0.59
29645,0.45,0.77
29646,0.25,0.35
29647,0.71,0.94
29648,0.36,0.81
29649,0.1,0.2
29650,0.32,0.82
29651,0.13,0.51
29652,0.08,0.19
29653,0.13,0.6
29654,0.07,0.39
29655,0.15,0.82
29656,0.12,0.18
29657,0.2,0.74
29658,0.08,0.48
29659,0.0,0.08
29660,0.09,0.12
29661,0.02,0.12
29662,0.54,0.87
29663,0.34,0.7
29664,0.02,0.05
29665,0.19,0.21
29666,0.04,0.03
29667,0.1,0.69
29668,0.22,0.59
29669,0.02,0.1
29670,0.07,0.15
29671,0.04,0.11
29672,0.04,0.03
29673,0.38,0.61
29674,0.29,0.49
29675,0.34,0.81
29676,0.12,0.3
29677,0.36,0.92
29678,0.13,0.18
29679,0.02,0.08
29680,0.46,0.82
29681,0.06,0.67
29682,0.17,0.27
29683,0.11,0.27
29684,0.16,0.61
29685,0.58,0.44
29686,0.1,0.69
29687,0.21,0.42
29688,0.37,0.69
29689,0.05,0.12
29690,0.38,0.51
29691,0.78,0.78
29692,0.15,0.68
29693,0.05,0.63
29694,0.09,0.13
29695,0.29,0.45
29696,0.06,0.85
29697,0.05,0.09
29698,0.21,0.22
29699,0.18,0.45
29700,0.19,0.22
29701,0.12,0.21
29702,0.02,0.08
29703,0.33,0.66
29704,0.05,0.32
29705,0.07,0.95
29706,0.06,0.19
29707,0.25,0.39
29708,0.44,0.85
29709,0.15,0.2
29710,0.11,0.22
29711,0.02,0.13
29712,0.07,0.5
29713,0.3,0.58
29714,0.22,0.37
29715,0.07,0.89
29716,0.29,0.73
29717,0.06,0.09
29718,0.01,0.09
29719,0.5,0.92
29720,0.73,0.85
29721,0.04,0.18
29722,0.22,0.28
29723,0.0,0.13
29724,0.24,0.5
29725,0.25,0.5
29726,0.14,0.67
29727,0.4,0.65
29728,0.06,0.61
29729,0.03,0.15
29730,0.08,0.24
29731,0.05,0.17
29732,0.05,0.09
29733,0.21,0.81
29734,0.13,0.89
29735,0.22,0.58
29736,0.16,0.87
29737,0.04,0.85
29738,0.07,0.45
29739,0.03,0.17
29740,0.16,0.83
29741,0.53,0.63
29742,0.06,0.1
29743,0.13,0.2
29744,0.05,0.08
29745,0.05,0.18
29746,0.07,0.11
29747,0.0,0.23
29748,0.02,0.1
29749,0.08,0.56
29750,0.07,0.12
29751,0.16,0.22
29752,0.42,0.73
29753,0.33,0.59
29754,0.03,0.74
29755,0.08,0.14
29756,0.53,0.78
29757,0.36,0.75
29758,0.11,0.89
29759,0.06,0.22
29760,0.06,0.31
29761,0.29,0.51
29762,0.19,0.19
29763,0.19,0.37
29764,0.68,0.76
29765,0.06,0.13
29766,0.15,0.42
29767,0.11,0.31
29768,0.08,0.33
29769,0.48,0.77
29770,0.18,0.26
29771,0.7,0.86
29772,0.08,0.9
29773,0.17,0.92
29774,0.3,0.72
29775,0.27,0.83
29776,0.12,0.21
29777,0.15,0.31
29778,0.61,0.73
29779,0.08,0.14
29780,0.3,0.59
29781,0.28,0.33
29782,0.22,0.53
29783,0.36,0.64
29784,0.02,0.04
29785,0.33,0.85
29786,0.14,0.36
29787,0.26,0.61
29788,0.82,0.94
29789,0.41,0.59
29790,0.07,0.09
29791,0.16,0.47
29792,0.76,0.6
29793,0.03,0.34
29794,0.1,0.32
29795,0.25,0.22
29796,0.1,0.21
29797,0.43,0.69
29798,0.2,0.55
29799,0.08,0.14
29800,0.1,0.27
29801,0.61,0.74
29802,0.11,0.52
29803,0.24,0.32
29804,0.47,0.72
29805,0.18,0.45
29806,0.13,0.46
29807,0.83,0.85
29808,0.04,0.28
29809,0.04,0.1
29810,0.15,0.12
29811,0.07,0.21
29812,0.21,0.39
29813,0.12,0.38
29814,0.37,0.58
29815,0.43,0.85
29816,0.04,0.33
29817,0.07,0.32
29818,0.23,0.58
29819,0.19,0.73
29820,0.12,0.5
29821,0.21,0.19
29822,0.32,0.39
29823,0.25,0.65
29824,0.14,0.35
29825,0.15,0.71
29826,0.18,0.39
29827,0.1,0.81
29828,0.69,0.72
29829,0.12,0.27
29830,0.14,0.63
29831,0.1,0.66
29832,0.49,0.77
29833,0.49,0.66
29834,0.05,0.1
29835,0.61,0.77
29836,0.11,0.63
29837,0.1,0.07
29838,0.1,0.63
29839,0.18,0.19
29840,0.28,0.83
29841,0.38,0.58
29842,0.16,0.43
29843,0.35,0.73
29844,0.04,0.1
29845,0.31,0.36
29846,0.04,0.03
29847,0.12,0.13
29848,0.03,0.21
29849,0.08,0.68
29850,0.56,0.72
29851,0.06,0.23
29852,0.21,0.61
29853,0.07,0.18
29854,0.26,0.62
29855,0.34,0.66
29856,0.43,0.43
29857,0.04,0.27
29858,0.22,0.37
29859,0.65,0.86
29860,0.05,0.79
29861,0.14,0.79
29862,0.11,0.6
29863,0.13,0.82
29864,0.88,0.87
29865,0.02,0.01
29866,0.07,0.4
29867,0.11,0.5
29868,0.09,0.97
29869,0.83,0.91
29870,0.05,0.23
29871,0.1,0.83
29872,0.09,0.23
29873,0.01,0.11
29874,0.07,0.85
29875,0.39,0.74
29876,0.02,0.29
29877,0.21,0.55
29878,0.39,0.74
29879,0.27,0.55
29880,0.12,0.76
29881,0.43,0.75
29882,0.38,0.37
29883,0.25,0.42
29884,0.2,0.11
29885,0.06,0.9
29886,0.17,0.33
29887,0.67,0.55
29888,0.13,0.57
29889,0.08,0.17
29890,0.12,0.55
29891,0.03,0.51
29892,0.36,0.98
29893,0.12,0.8
29894,0.16,0.56
29895,0.12,0.22
29896,0.09,0.02
29897,0.09,0.23
29898,0.17,0.41
29899,0.04,0.9
29900,0.57,0.61
29901,0.28,0.81
29902,0.21,0.89
29903,0.12,0.85
29904,0.16,0.69
29905,0.21,0.59
29906,0.38,0.65
29907,0.09,0.83
29908,0.24,0.62
29909,0.1,0.63
29910,0.57,0.85
29911,0.01,0.09
29912,0.1,0.24
29913,0.49,0.42
29914,0.43,0.66
29915,0.11,0.17
29916,0.13,0.13
29917,0.08,0.34
29918,0.46,0.84
29919,0.07,0.2
29920,0.29,0.64
29921,0.34,0.3
29922,0.67,0.75
29923,0.21,0.2
29924,0.5,0.62
29925,0.1,0.26
29926,0.13,0.54
29927,0.45,0.71
29928,0.23,0.34
29929,0.07,0.47
29930,0.28,0.84
29931,0.59,0.78
29932,0.13,0.66
29933,0.12,0.76
29934,0.19,0.83
29935,0.79,0.94
29936,0.27,0.4
29937,0.29,0.4
29938,0.32,0.25
29939,0.39,0.8
29940,0.16,0.2
29941,0.33,0.4
29942,0.48,0.71
29943,0.47,0.51
29944,0.19,0.35
29945,0.35,0.74
29946,0.11,0.6
29947,0.19,0.13
29948,0.0,0.01
29949,0.34,0.66
29950,0.51,0.91
29951,0.19,0.55
29952,0.51,0.96
29953,0.12,0.74
29954,0.03,0.14
29955,0.4,0.44
29956,0.46,0.3
29957,0.11,0.53
29958,0.28,0.54
29959,0.07,0.1
29960,0.08,0.26
29961,0.11,0.76
29962,0.4,0.85
29963,0.44,0.69
29964,0.2,0.45
29965,0.11,0.2
29966,0.09,0.62
29967,0.09,0.8
29968,0.11,0.84
29969,0.51,0.72
29970,0.25,0.79
29971,0.01,0.11
29972,0.05,0.07
29973,0.06,0.13
29974,0.39,0.4
29975,0.38,0.6
29976,0.28,0.83
29977,0.31,0.15
29978,0.27,0.52
29979,0.02,0.72
29980,0.41,0.62
29981,0.13,0.81
29982,0.13,0.25
29983,0.06,0.42
29984,0.04,0.1
29985,0.18,0.85
29986,0.79,0.95
29987,0.01,0.09
29988,0.22,0.58
29989,0.12,0.16
29990,0.07,0.11
29991,0.04,0.14
29992,0.08,0.07
29993,0.07,0.05
29994,0.15,0.18
29995,0.1,0.42
29996,0.1,0.33
29997,0.44,0.82
29998,0.09,0.17
29999,0.43,0.55
30000,0.24,0.22
30001,0.63,0.7
30002,0.4,0.6
30003,0.47,0.67
30004,0.37,0.81
30005,0.42,0.7
30006,0.19,0.72
30007,0.05,0.43
30008,0.17,0.4
30009,0.12,0.59
30010,0.07,0.6
30011,0.04,0.57
30012,0.32,0.8
30013,0.01,0.07
30014,0.11,0.47
30015,0.2,0.47
30016,0.11,0.39
30017,0.23,0.8
30018,0.07,0.74
30019,0.39,0.68
30020,0.06,0.14
30021,0.17,0.45
30022,0.09,0.37
30023,0.21,0.71
30024,0.31,0.76
30025,0.11,0.13
30026,0.29,0.44
30027,0.03,0.04
30028,0.22,0.46
30029,0.06,0.2
30030,0.02,0.18
30031,0.05,0.07
30032,0.03,0.12
30033,0.06,0.26
30034,0.44,0.59
30035,0.1,0.13
30036,0.04,0.07
30037,0.29,0.75
30038,0.21,0.25
30039,0.23,0.31
30040,0.02,0.18
30041,0.06,0.24
30042,0.22,0.93
30043,0.29,0.4
30044,0.05,0.41
30045,0.11,0.47
30046,0.24,0.69
30047,0.25,0.54
30048,0.23,0.27
30049,0.08,0.86
30050,0.7,0.86
30051,0.02,0.16
30052,0.13,0.61
30053,0.15,0.29
30054,0.28,0.55
30055,0.29,0.56
30056,0.09,0.21
30057,0.05,0.06
30058,0.57,0.73
30059,0.0,0.16
30060,0.37,0.46
30061,0.07,0.92
30062,0.12,0.69
30063,0.16,0.24
30064,0.07,0.92
30065,0.07,0.48
30066,0.06,0.15
30067,0.22,0.58
30068,0.19,0.22
30069,0.08,0.12
30070,0.07,0.23
30071,0.78,0.87
30072,0.17,0.83
30073,0.09,0.39
30074,0.51,0.91
30075,0.18,0.3
30076,0.1,0.11
30077,0.14,0.75
30078,0.16,0.38
30079,0.26,0.34
30080,0.59,0.87
30081,0.67,0.84
30082,0.07,0.92
30083,0.11,0.4
30084,0.28,0.44
30085,0.12,0.1
30086,0.1,0.16
30087,0.2,0.46
30088,0.08,0.29
30089,0.13,0.34
30090,0.1,0.1
30091,0.72,0.91
30092,0.09,0.11
30093,0.48,0.79
30094,0.11,0.96
30095,0.27,0.25
30096,0.28,0.39
30097,0.33,0.72
30098,0.16,0.37
30099,0.03,0.14
30100,0.07,0.07
30101,0.1,0.07
30102,0.22,0.3
30103,0.35,0.58
30104,0.74,0.72
30105,0.03,0.34
30106,0.38,0.56
30107,0.59,0.94
30108,0.22,0.42
30109,0.09,0.18
30110,0.28,0.98
30111,0.15,0.83
30112,0.21,0.3
30113,0.04,0.68
30114,0.18,0.64
30115,0.74,0.96
30116,0.15,0.36
30117,0.09,0.21
30118,0.41,0.33
30119,0.15,0.26
30120,0.4,0.71
30121,0.11,0.77
30122,0.01,0.06
30123,0.25,0.17
30124,0.39,0.54
30125,0.11,0.43
30126,0.04,0.18
30127,0.24,0.49
30128,0.38,0.59
30129,0.36,0.81
30130,0.29,0.41
30131,0.0,0.73
30132,0.1,0.26
30133,0.01,0.08
30134,0.14,0.9
30135,0.22,0.38
30136,0.07,0.49
30137,0.03,0.18
30138,0.13,0.51
30139,0.39,0.65
30140,0.11,0.11
30141,0.17,0.29
30142,0.61,0.85
30143,0.14,0.45
30144,0.69,0.76
30145,0.07,0.58
30146,0.1,0.17
30147,0.36,0.65
30148,0.15,0.48
30149,0.12,0.22
30150,0.84,0.86
30151,0.89,0.93
30152,0.12,0.21
30153,0.1,0.95
30154,0.19,0.96
30155,0.48,0.82
30156,0.39,0.62
30157,0.33,0.32
30158,0.65,0.87
30159,0.25,0.26
30160,0.38,0.66
30161,0.05,0.07
30162,0.12,0.48
30163,0.02,0.1
30164,0.83,0.85
30165,0.24,0.42
30166,0.16,0.84
30167,0.09,0.31
30168,0.26,0.14
30169,0.04,0.1
30170,0.38,0.17
30171,0.03,0.17
30172,0.62,0.6
30173,0.27,0.69
30174,0.42,0.79
30175,0.31,0.3
30176,0.13,0.87
30177,0.19,0.75
30178,0.11,0.58
30179,0.08,0.12
30180,0.14,0.43
30181,0.12,0.89
30182,0.61,0.85
30183,0.72,0.79
30184,0.19,0.41
30185,0.09,0.68
30186,0.07,0.42
30187,0.29,0.61
30188,0.5,0.85
30189,0.03,0.08
30190,0.04,0.31
30191,0.23,0.41
30192,0.05,0.18
30193,0.29,0.47
30194,0.04,0.23
30195,0.1,0.53
30196,0.9,0.83
30197,0.3,0.72
30198,0.06,0.62
30199,0.08,0.1
30200,0.42,0.89
30201,0.04,0.14
30202,0.16,0.37
30203,0.79,0.68
30204,0.13,0.24
30205,0.08,0.11
30206,0.16,0.38
30207,0.44,0.81
30208,0.11,0.28
30209,0.06,0.07
30210,0.05,0.78
30211,0.07,0.19
30212,0.35,0.46
30213,0.21,0.76
30214,0.11,0.61
30215,0.06,0.27
30216,0.46,0.6
30217,0.88,0.84
30218,0.05,0.2
30219,0.12,0.64
30220,0.12,0.9
30221,0.04,0.17
30222,0.03,0.12
30223,0.53,0.74
30224,0.14,0.33
30225,0.04,0.07
30226,0.4,0.83
30227,0.13,0.81
30228,0.2,0.41
30229,0.11,0.45
30230,0.16,0.29
30231,0.1,0.66
30232,0.14,0.44
30233,0.22,0.26
30234,0.31,0.3
30235,0.17,0.32
30236,0.28,0.85
30237,0.16,0.62
30238,0.18,0.3
30239,0.31,0.65
30240,0.08,0.92
30241,0.22,0.84
30242,0.13,0.61
30243,0.34,0.54
30244,0.04,0.22
30245,0.1,0.47
30246,0.03,0.89
30247,0.04,0.49
30248,0.35,0.79
30249,0.62,0.92
30250,0.11,0.24
30251,0.13,0.82
30252,0.21,0.53
30253,0.13,0.95
30254,0.26,0.27
30255,0.27,0.24
30256,0.48,0.62
30257,0.11,0.92
30258,0.22,0.35
30259,0.05,0.11
30260,0.26,0.42
30261,0.1,0.82
30262,0.3,0.72
30263,0.05,0.18
30264,0.08,0.41
30265,0.06,0.24
30266,0.0,0.03
30267,0.02,0.03
30268,0.04,0.37
30269,0.09,0.86
30270,0.05,0.78
30271,0.05,0.86
30272,0.22,0.36
30273,0.41,0.36
30274,0.46,0.52
30275,0.01,0.45
30276,0.08,0.13
30277,0.05,0.67
30278,0.08,0.64
30279,0.21,0.68
30280,0.6,0.86
30281,0.02,0.1
30282,0.05,0.1
30283,0.07,0.24
30284,0.09,0.26
30285,0.14,0.55
30286,0.06,0.16
30287,0.18,0.42
30288,0.24,0.49
30289,0.26,0.4
30290,0.0,0.05
30291,0.08,0.17
30292,0.48,0.83
30293,0.21,0.38
30294,0.62,0.8
30295,0.01,0.09
30296,0.41,0.48
30297,0.11,0.23
30298,0.08,0.47
30299,0.05,0.47
30300,0.32,0.88
30301,0.33,0.46
30302,0.14,0.3
30303,0.69,0.73
30304,0.1,0.55
30305,0.11,0.8
30306,0.23,0.82
30307,0.79,0.98
30308,0.08,0.59
30309,0.12,0.86
30310,0.65,0.84
30311,0.02,0.06
30312,0.2,0.63
30313,0.07,0.22
30314,0.11,0.17
30315,0.06,0.16
30316,0.35,0.61
30317,0.18,0.78
30318,0.16,0.63
30319,0.15,0.7
30320,0.35,0.8
30321,0.03,0.14
30322,0.05,0.15
30323,0.36,0.49
30324,0.08,0.19
30325,0.06,0.1
30326,0.06,0.48
30327,0.11,0.87
30328,0.26,0.85
30329,0.0,0.01
30330,0.1,0.3
30331,0.26,0.72
30332,0.15,0.24
30333,0.06,0.37
30334,0.09,0.45
30335,0.27,0.86
30336,0.07,0.12
30337,0.8,0.96
30338,0.21,0.79
30339,0.44,0.66
30340,0.14,0.26
30341,0.36,0.59
30342,0.44,0.67
30343,0.11,0.49
30344,0.61,0.68
30345,0.28,0.25
30346,0.19,0.37
30347,0.17,0.38
30348,0.11,0.16
30349,0.27,0.68
30350,0.5,0.53
30351,0.03,0.06
30352,0.26,0.39
30353,0.39,0.31
30354,0.04,0.13
30355,0.06,0.16
30356,0.13,0.08
30357,0.03,0.11
30358,0.58,0.93
30359,0.03,0.26
30360,0.45,0.89
30361,0.11,0.64
30362,0.3,0.39
30363,0.23,0.22
30364,0.43,0.7
30365,0.21,0.48
30366,0.02,0.43
30367,0.72,0.84
30368,0.05,0.11
30369,0.06,0.09
30370,0.58,0.94
30371,0.08,0.18
30372,0.05,0.23
30373,0.14,0.38
30374,0.29,0.48
30375,0.11,0.4
30376,0.31,0.22
30377,0.08,0.14
30378,0.64,0.68
30379,0.57,0.86
30380,0.07,0.38
30381,0.18,0.17
30382,0.38,0.87
30383,0.18,0.47
30384,0.2,0.43
30385,0.31,0.47
30386,0.58,0.59
30387,0.43,0.84
30388,0.04,0.05
30389,0.34,0.39
30390,0.05,0.45
30391,0.75,0.99
30392,0.36,0.37
30393,0.09,0.19
30394,0.07,0.35
30395,0.13,0.13
30396,0.2,0.21
30397,0.26,0.36
30398,0.69,0.85
30399,0.3,0.36
30400,0.1,0.6
30401,0.04,0.21
30402,0.23,0.55
30403,0.25,0.65
30404,0.29,0.65
30405,0.04,0.15
30406,0.03,0.24
30407,0.08,0.14
30408,0.06,0.22
30409,0.26,0.51
30410,0.11,0.59
30411,0.3,0.79
30412,0.44,0.5
30413,0.15,0.2
30414,0.03,0.02
30415,0.17,0.72
30416,0.12,0.07
30417,0.08,0.24
30418,0.05,0.07
30419,0.05,0.25
30420,0.07,0.45
30421,0.53,0.43
30422,0.13,0.29
30423,0.05,0.65
30424,0.04,0.07
30425,0.79,0.9
30426,0.75,0.93
30427,0.56,0.69
30428,0.33,0.7
30429,0.22,0.53
30430,0.22,0.84
30431,0.08,0.26
30432,0.25,0.72
30433,0.24,0.18
30434,0.05,0.38
30435,0.14,0.27
30436,0.11,0.33
30437,0.67,0.8
30438,0.13,0.34
30439,0.11,0.24
30440,0.5,0.78
30441,0.57,0.55
30442,0.42,0.53
30443,0.09,0.54
30444,0.08,0.12
30445,0.15,0.76
30446,0.09,0.15
30447,0.16,0.6
30448,0.09,0.47
30449,0.3,0.53
30450,0.28,0.67
30451,0.24,0.43
30452,0.08,0.5
30453,0.13,0.26
30454,0.2,0.47
30455,0.32,0.4
30456,0.47,0.51
30457,0.05,0.07
30458,0.08,0.48
30459,0.17,0.36
30460,0.39,0.6
30461,0.22,0.72
30462,0.03,0.11
30463,0.03,0.2
30464,0.42,0.54
30465,0.12,0.66
30466,0.4,0.35
30467,0.28,0.27
30468,0.11,0.23
30469,0.2,0.27
30470,0.04,0.06
30471,0.4,0.73
30472,0.1,0.1
30473,0.1,0.25
30474,0.39,0.57
30475,0.03,0.05
30476,0.05,0.53
30477,0.09,0.57
30478,0.19,0.57
30479,0.73,0.85
30480,0.06,0.49
30481,0.16,0.66
30482,0.16,0.39
30483,0.04,0.27
30484,0.11,0.39
30485,0.08,0.64
30486,0.05,0.56
30487,0.29,0.77
30488,0.16,0.55
30489,0.29,0.41
30490,0.35,0.61
30491,0.25,0.36
30492,0.02,0.25
30493,0.24,0.36
30494,0.04,0.24
30495,0.2,0.49
30496,0.08,0.36
30497,0.2,0.68
30498,0.24,0.3
30499,0.57,0.9
30500,0.06,0.1
30501,0.3,0.64
30502,0.23,0.46
30503,0.42,0.35
30504,0.28,0.57
30505,0.35,0.34
30506,0.16,0.86
30507,0.54,0.53
30508,0.51,0.95
30509,0.22,0.68
30510,0.13,0.12
30511,0.36,0.42
30512,0.05,0.21
30513,0.08,0.14
30514,0.35,0.45
30515,0.31,0.56
30516,0.01,0.17
30517,0.03,0.07
30518,0.02,0.19
30519,0.34,0.68
30520,0.08,0.16
30521,0.01,0.04
30522,0.53,0.83
30523,0.51,0.88
30524,0.08,0.19
30525,0.86,0.95
30526,0.24,0.33
30527,0.32,0.25
30528,0.22,0.63
30529,0.4,0.65
30530,0.11,0.7
30531,0.27,0.76
30532,0.09,0.11
30533,0.07,0.2
30534,0.52,0.89
30535,0.12,0.07
30536,0.73,0.88
30537,0.05,0.81
30538,0.04,0.16
30539,0.13,0.92
30540,0.05,0.69
30541,0.66,0.74
30542,0.52,0.43
30543,0.78,0.95
30544,0.04,0.12
30545,0.22,0.2
30546,0.24,0.9
30547,0.12,0.61
30548,0.09,0.75
30549,0.26,0.62
30550,0.08,0.33
30551,0.1,0.59
30552,0.17,0.95
30553,0.14,0.32
30554,0.12,0.24
30555,0.15,0.11
30556,0.16,0.51
30557,0.19,0.76
30558,0.1,0.86
30559,0.39,0.69
30560,0.05,0.11
30561,0.26,0.48
30562,0.05,0.16
30563,0.41,0.74
30564,0.13,0.78
30565,0.05,0.19
30566,0.24,0.41
30567,0.34,0.71
30568,0.46,0.79
30569,0.11,0.33
30570,0.04,0.32
30571,0.06,0.91
30572,0.18,0.59
30573,0.09,0.4
30574,0.01,0.07
30575,0.15,0.25
30576,0.14,0.18
30577,0.18,0.33
30578,0.09,0.14
30579,0.45,0.58
30580,0.01,0.13
30581,0.23,0.82
30582,0.07,0.2
30583,0.29,0.29
30584,0.07,0.22
30585,0.02,0.89
30586,0.39,0.31
30587,0.32,0.82
30588,0.11,0.38
30589,0.25,0.14
30590,0.17,0.35
30591,0.04,0.54
30592,0.47,0.8
30593,0.04,0.05
30594,0.14,0.23
30595,0.14,0.1
30596,0.05,0.89
30597,0.09,0.23
30598,0.09,0.37
30599,0.06,0.15
30600,0.28,0.36
30601,0.13,0.72
30602,0.06,0.76
30603,0.14,0.39
30604,0.09,0.22
30605,0.06,0.24
30606,0.03,0.06
30607,0.06,0.59
30608,0.06,0.11
30609,0.59,0.89
30610,0.11,0.29
30611,0.1,0.08
30612,0.0,0.03
30613,0.51,0.8
30614,0.36,0.8
30615,0.02,0.17
30616,0.05,0.18
30617,0.23,0.33
30618,0.21,0.77
30619,0.01,0.02
30620,0.18,0.79
30621,0.11,0.5
30622,0.02,0.11
30623,0.1,0.88
30624,0.15,0.78
30625,0.24,0.64
30626,0.03,0.92
30627,0.28,0.35
30628,0.18,0.57
30629,0.08,0.59
30630,0.03,0.12
30631,0.06,0.68
30632,0.11,0.28
30633,0.45,0.88
30634,0.07,0.13
30635,0.01,0.11
30636,0.42,0.41
30637,0.15,0.23
30638,0.26,0.56
30639,0.39,0.54
30640,0.13,0.25
30641,0.22,0.53
30642,0.01,0.26
30643,0.61,0.88
30644,0.07,0.03
30645,0.15,0.29
30646,0.21,0.56
30647,0.69,0.81
30648,0.17,0.68
30649,0.21,0.62
30650,0.05,0.1
30651,0.11,0.75
30652,0.1,0.52
30653,0.38,0.49
30654,0.1,0.72
30655,0.05,0.2
30656,0.1,0.05
30657,0.05,0.25
30658,0.05,0.09
30659,0.21,0.61
30660,0.11,0.38
30661,0.21,0.84
30662,0.08,0.2
30663,0.16,0.55
30664,0.32,0.49
30665,0.04,0.22
30666,0.09,0.23
30667,0.09,0.77
30668,0.08,0.41
30669,0.26,0.33
30670,0.14,0.44
30671,0.05,0.21
30672,0.22,0.72
30673,0.19,0.67
30674,0.12,0.39
30675,0.2,0.31
30676,0.06,0.2
30677,0.21,0.25
30678,0.74,0.87
30679,0.09,0.66
30680,0.66,0.79
30681,0.36,0.48
30682,0.13,0.35
30683,0.37,0.45
30684,0.11,0.32
30685,0.09,0.5
30686,0.62,0.73
30687,0.24,0.18
30688,0.14,0.5
30689,0.17,0.59
30690,0.11,0.76
30691,0.09,0.22
30692,0.51,0.66
30693,0.05,0.12
30694,0.12,0.52
30695,0.56,0.79
30696,0.2,0.28
30697,0.02,0.19
30698,0.01,0.22
30699,0.09,0.47
30700,0.31,0.73
30701,0.33,0.65
30702,0.07,0.91
30703,0.06,0.96
30704,0.17,0.29
30705,0.06,0.25
30706,0.11,0.36
30707,0.31,0.71
30708,0.15,0.26
30709,0.51,0.78
30710,0.79,0.98
30711,0.05,0.26
30712,0.1,0.1
30713,0.69,0.87
30714,0.63,0.76
30715,0.03,0.46
30716,0.19,0.86
30717,0.26,0.57
30718,0.1,0.54
30719,0.08,0.17
30720,0.18,0.15
30721,0.13,0.11
30722,0.05,0.08
30723,0.23,0.78
30724,0.13,0.95
30725,0.15,0.82
30726,0.14,0.11
30727,0.64,0.91
30728,0.81,1.0
30729,0.1,0.07
30730,0.05,0.81
30731,0.9,0.94
30732,0.32,0.45
30733,0.32,0.72
30734,0.09,0.84
30735,0.3,0.86
30736,0.53,0.89
30737,0.11,0.14
30738,0.33,0.27
30739,0.07,0.27
30740,0.03,0.29
30741,0.09,0.31
30742,0.08,0.11
30743,0.15,0.49
30744,0.11,0.14
30745,0.11,0.89
30746,0.26,0.48
30747,0.12,0.21
30748,0.12,0.46
30749,0.05,0.09
30750,0.03,0.08
30751,0.05,0.29
30752,0.22,0.59
30753,0.1,0.86
30754,0.25,0.84
30755,0.25,0.36
30756,0.07,0.54
30757,0.15,0.76
30758,0.07,0.13
30759,0.14,0.75
30760,0.06,0.86
30761,0.79,0.87
30762,0.31,0.64
30763,0.23,0.33
30764,0.03,0.13
30765,0.75,0.89
30766,0.15,0.36
30767,0.2,0.3
30768,0.05,0.2
30769,0.29,0.44
30770,0.2,0.12
30771,0.1,0.87
30772,0.26,0.86
30773,0.11,0.22
30774,0.31,0.28
30775,0.05,0.3
30776,0.06,0.18
30777,0.19,0.41
30778,0.48,0.72
30779,0.26,0.8
30780,0.04,0.03
30781,0.02,0.06
30782,0.12,0.49
30783,0.07,0.17
30784,0.35,0.4
30785,0.39,0.71
30786,0.09,0.18
30787,0.56,0.79
30788,0.31,0.37
30789,0.36,0.48
30790,0.12,0.18
30791,0.18,0.6
30792,0.46,0.84
30793,0.27,0.22
30794,0.03,0.05
30795,0.23,0.36
30796,0.45,0.8
30797,0.06,0.11
30798,0.09,0.18
30799,0.02,0.27
30800,0.65,0.88
30801,0.07,0.12
30802,0.08,0.46
30803,0.14,0.45
30804,0.36,0.91
30805,0.09,0.34
30806,0.12,0.33
30807,0.14,0.33
30808,0.05,0.08
30809,0.26,0.63
30810,0.49,0.44
30811,0.51,0.85
30812,0.07,0.09
30813,0.07,0.57
30814,0.69,0.85
30815,0.16,0.86
30816,0.11,0.27
30817,0.07,0.85
30818,0.07,0.89
30819,0.15,0.78
30820,0.19,0.17
30821,0.19,0.58
30822,0.06,0.81
30823,0.07,0.28
30824,0.58,0.71
30825,0.19,0.17
30826,0.22,0.51
30827,0.42,0.47
30828,0.08,0.07
30829,0.15,0.11
30830,0.37,0.43
30831,0.21,0.51
30832,0.05,0.06
30833,0.13,0.28
30834,0.31,0.5
30835,0.36,0.8
30836,0.02,0.11
30837,0.14,0.51
30838,0.06,0.9
30839,0.21,0.35
30840,0.1,0.54
30841,0.06,0.15
30842,0.08,0.6
30843,0.05,0.37
30844,0.24,0.46
30845,0.16,0.21
30846,0.4,0.5
30847,0.14,0.05
30848,0.02,0.15
30849,0.01,0.1
30850,0.12,0.4
30851,0.21,0.51
30852,0.07,0.11
30853,0.03,0.1
30854,0.13,0.48
30855,0.19,0.58
30856,0.09,0.29
30857,0.01,0.28
30858,0.28,0.6
30859,0.11,0.38
30860,0.19,0.54
30861,0.65,0.69
30862,0.57,0.83
30863,0.08,0.4
30864,0.07,0.11
30865,0.03,0.26
30866,0.04,0.04
30867,0.57,0.61
30868,0.19,0.64
30869,0.19,0.55
30870,0.16,0.61
30871,0.21,0.54
30872,0.03,0.1
30873,0.77,0.92
30874,0.11,0.2
30875,0.03,0.08
30876,0.04,0.17
30877,0.4,0.82
30878,0.14,0.36
30879,0.33,0.41
30880,0.08,0.39
30881,0.15,0.7
30882,0.13,0.35
30883,0.09,0.32
30884,0.05,0.92
30885,0.13,0.33
30886,0.02,0.94
30887,0.05,0.12
30888,0.07,0.41
30889,0.57,0.58
30890,0.67,0.64
30891,0.26,0.51
30892,0.01,0.06
30893,0.5,0.5
30894,0.48,0.4
30895,0.35,0.73
30896,0.33,0.66
30897,0.12,0.51
30898,0.11,0.78
30899,0.22,0.95
30900,0.08,0.15
30901,0.51,0.69
30902,0.06,0.08
30903,0.01,0.12
30904,0.21,0.37
30905,0.45,0.64
30906,0.09,0.29
30907,0.04,0.14
30908,0.22,0.25
30909,0.11,0.59
30910,0.63,0.85
30911,0.17,0.67
30912,0.07,0.66
30913,0.03,0.37
30914,0.05,0.08
30915,0.65,0.89
30916,0.08,0.12
30917,0.44,0.73
30918,0.08,0.46
30919,0.13,0.1
30920,0.18,0.13
30921,0.29,0.43
30922,0.3,0.22
30923,0.09,0.51
30924,0.26,0.29
30925,0.52,0.84
30926,0.49,0.55
30927,0.03,0.29
30928,0.39,0.47
30929,0.16,0.23
30930,0.52,0.88
30931,0.21,0.77
30932,0.22,0.73
30933,0.34,0.53
30934,0.11,0.09
30935,0.12,0.68
30936,0.23,0.21
30937,0.26,0.78
30938,0.12,0.82
30939,0.15,0.3
30940,0.06,0.94
30941,0.01,0.05
30942,0.23,0.7
30943,0.14,0.91
30944,0.31,0.33
30945,0.0,0.02
30946,0.14,0.64
30947,0.3,0.43
30948,0.11,0.78
30949,0.01,0.84
30950,0.05,0.93
30951,0.08,0.27
30952,0.11,0.15
30953,0.09,0.6
30954,0.54,0.66
30955,0.07,0.79
30956,0.32,0.7
30957,0.02,0.19
30958,0.42,0.65
30959,0.7,0.76
30960,0.4,0.46
30961,0.19,0.62
30962,0.05,0.19
30963,0.16,0.88
30964,0.18,0.59
30965,0.15,0.55
30966,0.02,0.1
30967,0.73,0.81
30968,0.19,0.66
30969,0.37,0.8
30970,0.07,0.18
30971,0.01,0.05
30972,0.38,0.58
30973,0.06,0.19
30974,0.09,0.61
30975,0.59,0.61
30976,0.18,0.27
30977,0.13,0.44
30978,0.11,0.45
30979,0.36,0.68
30980,0.83,0.93
30981,0.11,0.28
30982,0.04,0.27
30983,0.09,0.75
30984,0.32,0.49
30985,0.62,0.71
30986,0.02,0.24
30987,0.01,0.16
30988,0.53,0.94
30989,0.09,0.85
30990,0.65,0.91
30991,0.02,0.19
30992,0.3,0.29
30993,0.03,0.19
30994,0.01,0.17
30995,0.24,0.21
30996,0.24,0.53
30997,0.32,0.76
30998,0.24,0.69
30999,0.28,0.8
31000,0.04,0.19
31001,0.63,0.83
31002,0.04,0.16
31003,0.03,0.11
31004,0.52,0.85
31005,0.31,0.49
31006,0.04,0.14
31007,0.08,0.48
31008,0.26,0.36
31009,0.1,0.27
31010,0.42,0.35
31011,0.28,0.64
31012,0.45,0.41
31013,0.22,0.25
31014,0.14,0.27
31015,0.01,0.06
31016,0.41,0.67
31017,0.11,0.36
31018,0.3,0.28
31019,0.09,0.56
31020,0.11,0.7
31021,0.06,0.22
31022,0.28,0.78
31023,0.07,0.08
31024,0.07,0.22
31025,0.73,0.9
31026,0.01,0.14
31027,0.6,0.7
31028,0.1,0.77
31029,0.01,0.1
31030,0.08,0.28
31031,0.04,0.54
31032,0.12,0.42
31033,0.07,0.15
31034,0.03,0.81
31035,0.71,0.83
31036,0.44,0.72
31037,0.09,0.24
31038,0.08,0.26
31039,0.27,0.79
31040,0.19,0.11
31041,0.09,0.85
31042,0.17,0.39
31043,0.02,0.48
31044,0.05,0.24
31045,0.21,0.79
31046,0.12,0.62
31047,0.02,0.05
31048,0.54,0.92
31049,0.11,0.17
31050,0.01,0.19
31051,0.04,0.29
31052,0.58,0.65
31053,0.03,0.16
31054,0.51,0.56
31055,0.42,0.37
31056,0.07,0.07
31057,0.53,0.57
31058,0.08,0.71
31059,0.16,0.43
31060,0.57,0.83
31061,0.04,0.31
31062,0.32,0.6
31063,0.35,0.77
31064,0.29,0.49
31065,0.1,0.11
31066,0.34,0.84
31067,0.21,0.19
31068,0.25,0.3
31069,0.68,0.89
31070,0.09,0.42
31071,0.43,0.57
31072,0.08,0.14
31073,0.55,0.85
31074,0.14,0.82
31075,0.23,0.72
31076,0.68,0.91
31077,0.15,0.22
31078,0.04,0.15
31079,0.55,0.9
31080,0.77,0.87
31081,0.13,0.52
31082,0.26,0.57
31083,0.17,0.87
31084,0.03,0.11
31085,0.06,0.21
31086,0.06,0.24
31087,0.22,0.74
31088,0.14,0.7
31089,0.11,0.16
31090,0.4,0.5
31091,0.13,0.6
31092,0.09,0.11
31093,0.09,0.13
31094,0.08,0.7
31095,0.12,0.27
31096,0.1,0.25
31097,0.72,0.79
31098,0.05,0.05
31099,0.06,0.27
31100,0.12,0.74
31101,0.15,0.41
31102,0.36,0.81
31103,0.61,0.87
31104,0.13,0.65
31105,0.26,0.71
31106,0.21,0.53
31107,0.12,0.65
31108,0.08,0.22
31109,0.28,0.12
31110,0.07,0.13
31111,0.11,0.7
31112,0.0,0.13
31113,0.09,0.23
31114,0.16,0.8
31115,0.04,0.06
31116,0.04,0.1
31117,0.37,0.86
31118,0.05,0.69
31119,0.19,0.22
31120,0.12,0.16
31121,0.72,0.84
31122,0.48,0.65
31123,0.22,0.27
31124,0.03,0.13
31125,0.32,0.36
31126,0.1,0.19
31127,0.27,0.19
31128,0.12,0.53
31129,0.0,0.07
31130,0.03,0.02
31131,0.54,0.8
31132,0.12,0.81
31133,0.05,0.16
31134,0.13,0.51
31135,0.08,0.73
31136,0.39,0.81
31137,0.06,0.19
31138,0.61,0.68
31139,0.29,0.42
31140,0.04,0.1
31141,0.22,0.9
31142,0.78,0.9
31143,0.31,0.66
31144,0.12,0.73
31145,0.38,0.5
31146,0.04,0.12
31147,0.24,0.38
31148,0.26,0.61
31149,0.12,0.1
31150,0.12,0.66
31151,0.04,0.02
31152,0.03,0.41
31153,0.04,0.25
31154,0.2,0.13
31155,0.66,0.93
31156,0.05,0.36
31157,0.24,0.75
31158,0.85,0.94
31159,0.08,0.1
31160,0.01,0.36
31161,0.36,0.46
31162,0.39,0.78
31163,0.22,0.4
31164,0.13,0.45
31165,0.3,0.29
31166,0.1,0.24
31167,0.08,0.13
31168,0.18,0.65
31169,0.07,0.39
31170,0.22,0.15
31171,0.17,0.32
31172,0.56,0.91
31173,0.19,0.61
31174,0.21,0.18
31175,0.19,0.3
31176,0.42,0.55
31177,0.11,0.78
31178,0.54,0.91
31179,0.46,0.78
31180,0.15,0.5
31181,0.32,0.51
31182,0.08,0.4
31183,0.22,0.38
31184,0.01,0.04
31185,0.15,0.29
31186,0.42,0.54
31187,0.04,0.13
31188,0.22,0.21
31189,0.06,0.46
31190,0.19,0.32
31191,0.27,0.53
31192,0.05,0.17
31193,0.06,0.28
31194,0.05,0.17
31195,0.27,0.29
31196,0.35,0.73
31197,0.04,0.48
31198,0.11,0.14
31199,0.13,0.35
31200,0.14,0.54
31201,0.1,0.09
31202,0.51,0.88
31203,0.03,0.09
31204,0.06,0.09
31205,0.03,0.97
31206,0.13,0.36
31207,0.11,0.19
31208,0.33,0.8
31209,0.25,0.45
31210,0.19,0.54
31211,0.01,0.13
31212,0.17,0.41
31213,0.06,0.2
31214,0.16,0.27
31215,0.11,0.64
31216,0.01,0.07
31217,0.27,0.79
31218,0.67,0.88
31219,0.51,0.76
31220,0.1,0.43
31221,0.24,0.54
31222,0.24,0.6
31223,0.23,0.38
31224,0.19,0.64
31225,0.1,0.05
31226,0.51,0.88
31227,0.05,0.16
31228,0.52,0.54
31229,0.57,0.8
31230,0.05,0.24
31231,0.03,0.05
31232,0.13,0.77
31233,0.51,0.57
31234,0.48,0.84
31235,0.36,0.46
31236,0.41,0.92
31237,0.08,0.46
31238,0.33,0.83
31239,0.65,0.74
31240,0.49,0.65
31241,0.07,0.35
31242,0.03,0.12
31243,0.13,0.55
31244,0.27,0.52
31245,0.28,0.46
31246,0.03,0.39
31247,0.17,0.66
31248,0.44,0.73
31249,0.07,0.16
31250,0.27,0.61
31251,0.53,0.86
31252,0.35,0.2
31253,0.14,0.96
31254,0.1,0.34
31255,0.15,0.41
31256,0.05,0.4
31257,0.05,0.5
31258,0.04,0.11
31259,0.28,0.75
31260,0.13,0.08
31261,0.05,0.23
31262,0.66,0.86
31263,0.29,0.29
31264,0.04,0.2
31265,0.3,0.42
31266,0.08,0.15
31267,0.28,0.9
31268,0.54,0.92
31269,0.16,0.3
31270,0.1,0.6
31271,0.21,0.33
31272,0.53,0.69
31273,0.34,0.46
31274,0.13,0.61
31275,0.08,0.05
31276,0.03,0.95
31277,0.09,0.18
31278,0.17,0.35
31279,0.06,0.22
31280,0.17,0.67
31281,0.08,0.15
31282,0.37,0.61
31283,0.07,0.44
31284,0.06,0.26
31285,0.05,0.96
31286,0.43,0.44
31287,0.08,0.76
31288,0.09,0.3
31289,0.23,0.71
31290,0.04,0.06
31291,0.08,0.16
31292,0.02,0.82
31293,0.11,0.6
31294,0.74,0.94
31295,0.07,0.16
31296,0.43,0.59
31297,0.17,0.93
31298,0.11,0.91
31299,0.22,0.31
31300,0.33,0.67
31301,0.62,0.73
31302,0.14,0.42
31303,0.05,0.11
31304,0.08,0.35
31305,0.25,0.58
31306,0.33,0.7
31307,0.09,0.01
31308,0.4,0.39
31309,0.14,0.5
31310,0.28,0.65
31311,0.12,0.28
31312,0.4,0.75
31313,0.06,0.17
31314,0.29,0.57
31315,0.06,0.14
31316,0.1,0.09
31317,0.05,0.08
31318,0.16,0.37
31319,0.14,0.5
31320,0.06,0.83
31321,0.19,0.17
31322,0.69,0.97
31323,0.38,0.82
31324,0.06,0.28
31325,0.3,0.51
31326,0.68,0.79
31327,0.14,0.43
31328,0.86,0.98
31329,0.09,0.67
31330,0.03,0.05
31331,0.13,0.38
31332,0.65,0.88
31333,0.74,0.93
31334,0.25,0.31
31335,0.14,0.27
31336,0.12,0.4
31337,0.06,0.19
31338,0.06,0.19
31339,0.07,0.73
31340,0.1,0.35
31341,0.19,0.56
31342,0.21,0.34
31343,0.13,0.39
31344,0.48,0.44
31345,0.54,0.92
31346,0.16,0.58
31347,0.14,0.49
31348,0.49,0.57
31349,0.05,0.26
31350,0.22,0.74
31351,0.07,0.81
31352,0.02,0.1
31353,0.13,0.21
31354,0.06,0.77
31355,0.17,0.8
31356,0.09,0.42
31357,0.44,0.42
31358,0.01,0.11
31359,0.06,0.22
31360,0.18,0.25
31361,0.25,0.48
31362,0.02,0.21
31363,0.54,0.8
31364,0.19,0.48
31365,0.39,0.6
31366,0.13,0.15
31367,0.06,0.08
31368,0.12,0.49
31369,0.46,0.84
31370,0.12,0.22
31371,0.1,0.09
31372,0.76,0.76
31373,0.05,0.55
31374,0.31,0.41
31375,0.43,0.67
31376,0.16,0.68
31377,0.78,0.91
31378,0.1,0.33
31379,0.74,0.71
31380,0.46,0.46
31381,0.14,0.23
31382,0.13,0.59
31383,0.81,0.98
31384,0.75,0.88
31385,0.28,0.64
31386,0.37,0.58
31387,0.37,0.65
31388,0.43,0.46
31389,0.09,0.79
31390,0.2,0.75
31391,0.67,0.88
31392,0.33,0.9
31393,0.05,0.1
31394,0.35,0.47
31395,0.01,0.08
31396,0.64,0.7
31397,0.05,0.15
31398,0.15,0.37
31399,0.66,0.87
31400,0.74,0.84
31401,0.11,0.58
31402,0.25,0.72
31403,0.29,0.25
31404,0.11,0.12
31405,0.11,0.66
31406,0.06,0.52
31407,0.47,0.64
31408,0.1,0.17
31409,0.05,0.22
31410,0.05,0.18
31411,0.26,0.28
31412,0.13,0.66
31413,0.19,0.22
31414,0.06,0.12
31415,0.16,0.38
31416,0.16,0.53
31417,0.3,0.72
31418,0.12,0.21
31419,0.67,0.89
31420,0.01,0.04
31421,0.02,0.25
31422,0.06,0.13
31423,0.6,0.85
31424,0.12,0.4
31425,0.07,0.31
31426,0.23,0.71
31427,0.12,0.6
31428,0.28,0.78
31429,0.16,0.71
31430,0.16,0.56
31431,0.14,0.24
31432,0.02,0.11
31433,0.79,0.89
31434,0.32,0.45
31435,0.05,0.27
31436,0.36,0.72
31437,0.32,0.55
31438,0.28,0.27
31439,0.33,0.79
31440,0.21,0.7
31441,0.62,0.75
31442,0.62,0.88
31443,0.01,0.05
31444,0.07,0.14
31445,0.18,0.23
31446,0.45,0.81
31447,0.38,0.59
31448,0.78,0.94
31449,0.05,0.07
31450,0.4,0.82
31451,0.37,0.69
31452,0.3,0.23
31453,0.17,0.37
31454,0.73,0.84
31455,0.14,0.92
31456,0.04,0.47
31457,0.25,0.41
31458,0.31,0.52
31459,0.13,0.2
31460,0.05,0.11
31461,0.19,0.5
31462,0.12,0.93
31463,0.14,0.79
31464,0.07,0.35
31465,0.81,0.88
31466,0.08,0.21
31467,0.4,0.9
31468,0.25,0.42
31469,0.65,0.38
31470,0.13,0.83
31471,0.16,0.74
31472,0.37,0.62
31473,0.68,0.87
31474,0.27,0.75
31475,0.51,0.76
31476,0.03,0.12
31477,0.2,0.22
31478,0.13,0.2
31479,0.31,0.88
31480,0.03,0.11
31481,0.18,0.61
31482,0.27,0.79
31483,0.13,0.23
31484,0.05,0.07
31485,0.02,0.06
31486,0.29,0.65
31487,0.63,0.87
31488,0.08,0.29
31489,0.84,0.89
31490,0.71,0.89
31491,0.48,0.74
31492,0.41,0.3
31493,0.05,0.11
31494,0.05,0.18
31495,0.03,0.58
31496,0.22,0.7
31497,0.05,0.22
31498,0.15,0.33
31499,0.12,0.44
31500,0.84,0.93
31501,0.11,0.58
31502,0.11,0.32
31503,0.05,0.18
31504,0.17,0.56
31505,0.56,0.91
31506,0.07,0.16
31507,0.17,0.73
31508,0.21,0.4
31509,0.06,0.94
31510,0.33,0.69
31511,0.15,0.39
31512,0.23,0.36
31513,0.2,0.34
31514,0.63,0.72
31515,0.32,0.56
31516,0.0,0.11
31517,0.33,0.62
31518,0.14,0.73
31519,0.12,0.65
31520,0.08,0.71
31521,0.17,0.87
31522,0.66,0.93
31523,0.16,0.38
31524,0.04,0.05
31525,0.39,0.66
31526,0.37,0.92
31527,0.1,0.41
31528,0.17,0.4
31529,0.11,0.41
31530,0.09,0.26
31531,0.25,0.34
31532,0.02,0.09
31533,0.81,0.72
31534,0.19,0.24
31535,0.36,0.68
31536,0.15,0.82
31537,0.08,0.34
31538,0.06,0.19
31539,0.62,0.77
31540,0.06,0.4
31541,0.02,0.5
31542,0.21,0.35
31543,0.21,0.18
31544,0.54,0.78
31545,0.09,0.56
31546,0.08,0.18
31547,0.61,0.88
31548,0.12,0.48
31549,0.23,0.73
31550,0.02,0.07
31551,0.55,0.71
31552,0.03,0.95
31553,0.19,0.4
31554,0.06,0.11
31555,0.5,0.7
31556,0.43,0.51
31557,0.03,0.09
31558,0.27,0.41
31559,0.44,0.75
31560,0.63,0.85
31561,0.03,0.14
31562,0.08,0.1
31563,0.07,0.25
31564,0.09,0.48
31565,0.25,0.72
31566,0.21,0.29
31567,0.1,0.25
31568,0.07,0.86
31569,0.04,0.17
31570,0.51,0.74
31571,0.08,0.43
31572,0.14,0.33
31573,0.24,0.29
31574,0.3,0.75
31575,0.3,0.44
31576,0.29,0.62
31577,0.09,0.44
31578,0.21,0.76
31579,0.11,0.21
31580,0.33,0.75
31581,0.36,0.87
31582,0.2,0.39
31583,0.27,0.77
31584,0.14,0.33
31585,0.07,0.23
31586,0.01,0.09
31587,0.19,0.65
31588,0.2,0.61
31589,0.12,0.18
31590,0.57,0.27
31591,0.19,0.41
31592,0.15,0.2
31593,0.26,0.46
31594,0.07,0.39
31595,0.18,0.27
31596,0.52,0.76
31597,0.08,0.62
31598,0.33,0.62
31599,0.33,0.75
31600,0.2,0.61
31601,0.22,0.79
31602,0.0,0.02
31603,0.09,0.46
31604,0.13,0.41
31605,0.1,0.34
31606,0.09,0.27
31607,0.19,0.23
31608,0.3,0.55
31609,0.07,0.19
31610,0.05,0.25
31611,0.04,0.56
31612,0.29,0.52
31613,0.01,0.03
31614,0.0,0.09
31615,0.2,0.29
31616,0.15,0.42
31617,0.45,0.71
31618,0.1,0.28
31619,0.33,0.52
31620,0.01,0.06
31621,0.05,0.13
31622,0.57,0.85
31623,0.25,0.11
31624,0.01,0.06
31625,0.1,0.75
31626,0.24,0.52
31627,0.04,0.14
31628,0.21,0.79
31629,0.36,0.36
31630,0.06,0.75
31631,0.04,0.1
31632,0.28,0.41
31633,0.2,0.24
31634,0.04,0.6
31635,0.28,0.18
31636,0.37,0.64
31637,0.06,0.21
31638,0.35,0.64
31639,0.44,0.86
31640,0.11,0.31
31641,0.71,0.92
31642,0.66,0.88
31643,0.12,0.27
31644,0.1,0.56
31645,0.01,0.06
31646,0.2,0.66
31647,0.38,0.85
31648,0.32,0.51
31649,0.32,0.8
31650,0.51,0.42
31651,0.84,0.97
31652,0.7,0.82
31653,0.19,0.29
31654,0.14,0.18
31655,0.2,0.2
31656,0.13,0.53
31657,0.09,0.45
31658,0.09,0.41
31659,0.12,0.84
31660,0.81,0.89
31661,0.32,0.9
31662,0.15,0.13
31663,0.61,0.53
31664,0.44,0.76
31665,0.09,0.96
31666,0.21,0.71
31667,0.09,0.19
31668,0.15,0.25
31669,0.06,0.27
31670,0.24,0.82
31671,0.08,0.43
31672,0.16,0.1
31673,0.14,0.54
31674,0.14,0.73
31675,0.46,0.42
31676,0.05,0.35
31677,0.16,0.44
31678,0.8,0.91
31679,0.14,0.66
31680,0.09,0.98
31681,0.07,0.17
31682,0.04,0.58
31683,0.05,0.17
31684,0.03,0.15
31685,0.27,0.57
31686,0.4,0.27
31687,0.1,0.58
31688,0.02,0.02
31689,0.2,0.79
31690,0.02,0.5
31691,0.19,0.71
31692,0.01,0.32
31693,0.06,0.37
31694,0.26,0.81
31695,0.31,0.43
31696,0.12,0.3
31697,0.47,0.75
31698,0.11,0.05
31699,0.18,0.73
31700,0.33,0.52
31701,0.17,0.84
31702,0.03,0.76
31703,0.04,0.14
31704,0.57,0.81
31705,0.25,0.58
31706,0.28,0.73
31707,0.54,0.87
31708,0.23,0.63
31709,0.67,0.64
31710,0.45,0.71
31711,0.23,0.39
31712,0.21,0.66
31713,0.03,0.23
31714,0.11,0.46
31715,0.51,0.8
31716,0.05,0.26
31717,0.35,0.76
31718,0.11,0.24
31719,0.23,0.34
31720,0.3,0.89
31721,0.02,0.08
31722,0.31,0.83
31723,0.1,0.42
31724,0.46,0.49
31725,0.02,0.08
31726,0.0,0.23
31727,0.09,0.41
31728,0.12,0.65
31729,0.28,0.31
31730,0.44,0.79
31731,0.01,0.11
31732,0.31,0.51
31733,0.48,0.79
31734,0.08,0.44
31735,0.33,0.63
31736,0.05,0.32
31737,0.14,0.14
31738,0.22,0.44
31739,0.12,0.88
31740,0.35,0.6
31741,0.05,0.23
31742,0.44,0.83
31743,0.31,0.38
31744,0.3,0.51
31745,0.07,0.52
31746,0.08,0.18
31747,0.09,0.48
31748,0.04,0.12
31749,0.17,0.87
31750,0.12,0.56
31751,0.15,0.06
31752,0.02,0.08
31753,0.09,0.92
31754,0.44,0.84
31755,0.05,0.12
31756,0.49,0.85
31757,0.25,0.73
31758,0.71,0.73
31759,0.03,0.15
31760,0.18,0.18
31761,0.12,0.35
31762,0.12,0.31
31763,0.65,0.57
31764,0.18,0.37
31765,0.26,0.72
31766,0.26,0.34
31767,0.42,0.87
31768,0.06,0.11
31769,0.02,0.02
31770,0.19,0.6
31771,0.19,0.43
31772,0.18,0.76
31773,0.07,0.46
31774,0.11,0.44
31775,0.22,0.86
31776,0.56,0.79
31777,0.08,0.11
31778,0.07,0.18
31779,0.0,0.1
31780,0.12,0.6
31781,0.1,0.11
31782,0.13,0.48
31783,0.27,0.26
31784,0.06,0.15
31785,0.24,0.18
31786,0.12,0.11
31787,0.16,0.44
31788,0.26,0.45
31789,0.06,0.62
31790,0.11,0.22
31791,0.05,0.08
31792,0.31,0.55
31793,0.09,0.26
31794,0.17,0.64
31795,0.29,0.15
31796,0.31,0.3
31797,0.32,0.76
31798,0.44,0.73
31799,0.0,0.05
31800,0.27,0.33
31801,0.39,0.68
31802,0.74,0.95
31803,0.27,0.93
31804,0.06,0.08
31805,0.07,0.17
31806,0.21,0.27
31807,0.63,0.73
31808,0.05,0.67
31809,0.36,0.35
31810,0.07,0.15
31811,0.63,0.24
31812,0.1,0.92
31813,0.29,0.72
31814,0.22,0.39
31815,0.22,0.49
31816,0.17,0.68
31817,0.12,0.09
31818,0.49,0.69
31819,0.03,0.19
31820,0.11,0.26
31821,0.06,0.2
31822,0.36,0.65
31823,0.21,0.55
31824,0.23,0.78
31825,0.23,0.45
31826,0.04,0.49
31827,0.43,0.32
31828,0.15,0.43
31829,0.01,0.07
31830,0.27,0.39
31831,0.15,0.66
31832,0.14,0.66
31833,0.18,0.51
31834,0.16,0.46
31835,0.1,0.25
31836,0.03,0.06
31837,0.58,0.87
31838,0.3,0.56
31839,0.07,0.21
31840,0.09,0.16
31841,0.08,0.29
31842,0.15,0.21
31843,0.55,0.78
31844,0.17,0.89
31845,0.45,0.62
31846,0.42,0.93
31847,0.02,0.57
31848,0.11,0.24
31849,0.07,0.2
31850,0.04,0.13
31851,0.25,0.18
31852,0.17,0.3
31853,0.56,0.88
31854,0.69,0.94
31855,0.76,0.9
31856,0.04,0.08
31857,0.05,0.69
31858,0.15,0.46
31859,0.37,0.83
31860,0.21,0.48
31861,0.03,0.1
31862,0.01,0.05
31863,0.16,0.63
31864,0.12,0.38
31865,0.08,0.56
31866,0.13,0.25
31867,0.16,0.52
31868,0.14,0.19
31869,0.02,0.19
31870,0.06,0.16
31871,0.62,0.92
31872,0.15,0.29
31873,0.2,0.36
31874,0.11,0.26
31875,0.2,0.41
31876,0.06,0.22
31877,0.08,0.05
31878,0.11,0.9
31879,0.23,0.66
31880,0.04,0.1
31881,0.47,0.48
31882,0.03,0.18
31883,0.29,0.35
31884,0.03,0.03
31885,0.26,0.64
31886,0.05,0.25
31887,0.05,0.28
31888,0.11,0.27
31889,0.31,0.81
31890,0.37,0.29
31891,0.03,0.08
31892,0.35,0.77
31893,0.25,0.83
31894,0.52,0.77
31895,0.04,0.13
31896,0.29,0.68
31897,0.55,0.83
31898,0.12,0.21
31899,0.63,0.74
31900,0.32,0.3
31901,0.07,0.2
31902,0.07,0.28
31903,0.31,0.36
31904,0.01,0.15
31905,0.07,0.09
31906,0.07,0.28
31907,0.12,0.69
31908,0.05,0.08
31909,0.17,0.5
31910,0.04,0.54
31911,0.1,0.96
31912,0.31,0.6
31913,0.1,0.57
31914,0.25,0.79
31915,0.13,0.67
31916,0.05,0.8
31917,0.39,0.27
31918,0.19,0.77
31919,0.48,0.44
31920,0.04,0.94
31921,0.15,0.52
31922,0.01,0.12
31923,0.06,0.17
31924,0.16,0.32
31925,0.09,0.89
31926,0.02,0.05
31927,0.2,0.37
31928,0.16,0.81
31929,0.21,0.24
31930,0.25,0.32
31931,0.22,0.85
31932,0.1,0.24
31933,0.5,0.2
31934,0.15,0.39
31935,0.51,0.91
31936,0.07,0.27
31937,0.24,0.48
31938,0.31,0.57
31939,0.05,0.08
31940,0.15,0.13
31941,0.09,0.52
31942,0.05,0.04
31943,0.05,0.23
31944,0.03,0.79
31945,0.23,0.52
31946,0.18,0.22
31947,0.1,0.21
31948,0.09,0.91
31949,0.09,0.19
31950,0.03,0.12
31951,0.35,0.48
31952,0.03,0.37
31953,0.0,0.35
31954,0.36,0.75
31955,0.07,0.18
31956,0.09,0.18
31957,0.3,0.57
31958,0.04,0.06
31959,0.04,0.08
31960,0.09,0.28
31961,0.0,0.06
31962,0.44,0.52
31963,0.61,0.86
31964,0.06,0.09
31965,0.08,0.93
31966,0.15,0.15
31967,0.05,0.14
31968,0.56,0.29
31969,0.39,0.58
31970,0.33,0.48
31971,0.15,0.51
31972,0.17,0.18
31973,0.09,0.11
31974,0.02,0.16
31975,0.04,0.04
31976,0.2,0.27
31977,0.05,0.08
31978,0.22,0.55
31979,0.05,0.2
31980,0.21,0.63
31981,0.29,0.35
31982,0.04,0.14
31983,0.43,0.51
31984,0.04,0.07
31985,0.01,0.17
31986,0.31,0.88
31987,0.1,0.38
31988,0.5,0.83
31989,0.31,0.93
31990,0.11,0.93
31991,0.37,0.61
31992,0.13,0.13
31993,0.47,0.55
31994,0.14,0.18
31995,0.52,0.61
31996,0.11,0.2
31997,0.09,0.85
31998,0.01,0.24
31999,0.01,0.13
32000,0.41,0.86
32001,0.18,0.49
32002,0.43,0.64
32003,0.18,0.42
32004,0.39,0.74
32005,0.06,0.14
32006,0.24,0.61
32007,0.61,0.88
32008,0.01,0.06
32009,0.05,0.25
32010,0.15,0.41
32011,0.08,0.87
32012,0.18,0.71
32013,0.3,0.82
32014,0.15,0.36
32015,0.26,0.32
32016,0.38,0.62
32017,0.09,0.22
32018,0.08,0.11
32019,0.21,0.56
32020,0.59,0.66
32021,0.1,0.25
32022,0.28,0.5
32023,0.11,0.7
32024,0.23,0.34
32025,0.45,0.48
32026,0.45,0.54
32027,0.1,0.95
32028,0.57,0.75
32029,0.06,0.1
32030,0.2,0.33
32031,0.01,0.1
32032,0.41,0.42
32033,0.01,0.13
32034,0.18,0.53
32035,0.1,0.1
32036,0.15,0.76
32037,0.15,0.79
32038,0.32,0.69
32039,0.44,0.39
32040,0.17,0.8
32041,0.72,0.94
32042,0.08,0.54
32043,0.4,0.65
32044,0.03,0.17
32045,0.17,0.96
32046,0.13,0.34
32047,0.85,0.87
32048,0.11,0.52
32049,0.04,0.11
32050,0.44,0.63
32051,0.06,0.66
32052,0.43,0.7
32053,0.06,0.11
32054,0.17,0.27
32055,0.04,0.36
32056,0.07,0.47
32057,0.01,0.08
32058,0.01,0.2
32059,0.08,0.6
32060,0.11,0.72
32061,0.1,0.11
32062,0.08,0.18
32063,0.08,0.62
32064,0.13,0.24
32065,0.14,0.33
32066,0.03,0.25
32067,0.04,0.11
32068,0.02,0.21
32069,0.41,0.85
32070,0.64,0.81
32071,0.37,0.8
32072,0.73,0.88
32073,0.04,0.11
32074,0.03,0.41
32075,0.02,0.1
32076,0.05,0.66
32077,0.11,0.37
32078,0.03,0.1
32079,0.01,0.15
32080,0.02,0.07
32081,0.58,0.87
32082,0.04,0.04
32083,0.05,0.15
32084,0.03,0.43
32085,0.09,0.69
32086,0.58,0.85
32087,0.1,0.88
32088,0.1,0.56
32089,0.33,0.8
32090,0.03,0.58
32091,0.32,0.4
32092,0.51,0.67
32093,0.05,0.32
32094,0.25,0.44
32095,0.63,0.77
32096,0.12,0.85
32097,0.26,0.57
32098,0.1,0.15
32099,0.21,0.29
32100,0.07,0.32
32101,0.47,0.7
32102,0.03,0.35
32103,0.16,0.43
32104,0.08,0.49
32105,0.14,0.76
32106,0.37,0.53
32107,0.22,0.32
32108,0.17,0.24
32109,0.09,0.33
32110,0.06,0.32
32111,0.52,0.5
32112,0.66,0.59
32113,0.1,0.43
32114,0.45,0.63
32115,0.05,0.09
32116,0.05,0.09
32117,0.8,0.84
32118,0.03,0.5
32119,0.29,0.59
32120,0.3,0.74
32121,0.69,0.68
32122,0.16,0.74
32123,0.04,0.41
32124,0.13,0.99
32125,0.07,0.12
32126,0.5,0.84
32127,0.18,0.51
32128,0.22,0.56
32129,0.21,0.22
32130,0.48,0.49
32131,0.91,0.98
32132,0.03,0.8
32133,0.06,0.06
32134,0.09,0.77
32135,0.1,0.46
32136,0.06,0.09
32137,0.24,0.72
32138,0.23,0.59
32139,0.06,0.19
32140,0.4,0.19
32141,0.08,0.16
32142,0.1,0.85
32143,0.08,0.38
32144,0.31,0.34
32145,0.1,0.41
32146,0.16,0.11
32147,0.08,0.27
32148,0.56,0.9
32149,0.07,0.49
32150,0.11,0.89
32151,0.02,0.11
32152,0.1,0.7
32153,0.18,0.46
32154,0.02,0.06
32155,0.11,0.4
32156,0.03,0.1
32157,0.02,0.05
32158,0.05,0.85
32159,0.7,0.88
32160,0.32,0.32
32161,0.35,0.12
32162,0.05,0.28
32163,0.1,0.21
32164,0.28,0.15
32165,0.31,0.62
32166,0.09,0.3
32167,0.07,0.44
32168,0.06,0.27
32169,0.06,0.24
32170,0.5,0.72
32171,0.08,0.52
32172,0.69,0.93
32173,0.22,0.52
32174,0.09,0.17
32175,0.22,0.84
32176,0.61,0.87
32177,0.22,0.5
32178,0.02,0.11
32179,0.07,0.63
32180,0.04,0.28
32181,0.16,0.26
32182,0.17,0.24
32183,0.51,0.93
32184,0.03,0.2
32185,0.4,0.39
32186,0.18,0.37
32187,0.2,0.61
32188,0.32,0.33
32189,0.33,0.82
32190,0.26,0.63
32191,0.08,0.17
32192,0.05,0.31
32193,0.06,0.41
32194,0.0,0.04
32195,0.17,0.18
32196,0.46,0.71
32197,0.0,0.09
32198,0.37,0.59
32199,0.37,0.87
32200,0.24,0.41
32201,0.2,0.13
32202,0.1,0.9
32203,0.08,0.88
32204,0.15,0.56
32205,0.16,0.82
32206,0.12,0.93
32207,0.53,0.78
32208,0.03,0.09
32209,0.03,0.23
32210,0.08,0.68
32211,0.02,0.11
32212,0.02,0.34
32213,0.05,0.15
32214,0.07,0.11
32215,0.29,0.35
32216,0.75,0.83
32217,0.06,0.21
32218,0.22,0.73
32219,0.07,0.09
32220,0.77,0.79
32221,0.49,0.59
32222,0.06,0.09
32223,0.4,0.81
32224,0.53,0.69
32225,0.16,0.44
32226,0.31,0.73
32227,0.14,0.34
32228,0.61,0.82
32229,0.14,0.33
32230,0.05,0.11
32231,0.4,0.62
32232,0.3,0.48
32233,0.05,0.53
32234,0.05,0.57
32235,0.17,0.75
32236,0.18,0.95
32237,0.73,0.91
32238,0.08,0.09
32239,0.03,0.04
32240,0.08,0.23
32241,0.58,0.72
32242,0.16,0.44
32243,0.14,0.22
32244,0.06,0.08
32245,0.16,0.73
32246,0.35,0.5
32247,0.09,0.61
32248,0.36,0.62
32249,0.08,0.27
32250,0.11,0.43
32251,0.18,0.22
32252,0.39,0.56
32253,0.16,0.32
32254,0.07,0.16
32255,0.17,0.58
32256,0.34,0.41
32257,0.16,0.66
32258,0.1,0.16
32259,0.08,0.74
32260,0.07,0.38
32261,0.14,0.41
32262,0.19,0.19
32263,0.14,0.51
32264,0.15,0.23
32265,0.33,0.62
32266,0.03,0.31
32267,0.13,0.18
32268,0.07,0.16
32269,0.34,0.57
32270,0.48,0.69
32271,0.35,0.78
32272,0.13,0.44
32273,0.16,0.4
32274,0.3,0.68
32275,0.15,0.73
32276,0.37,0.32
32277,0.18,0.35
32278,0.18,0.49
32279,0.03,0.13
32280,0.29,0.13
32281,0.69,0.88
32282,0.09,0.1
32283,0.16,0.74
32284,0.48,0.82
32285,0.08,0.51
32286,0.32,0.63
32287,0.08,0.41
32288,0.1,0.63
32289,0.38,0.82
32290,0.02,0.1
32291,0.24,0.39
32292,0.17,0.36
32293,0.65,0.81
32294,0.42,0.49
32295,0.09,0.27
32296,0.13,0.6
32297,0.25,0.82
32298,0.03,0.12
32299,0.06,0.36
32300,0.04,0.15
32301,0.14,0.44
32302,0.05,0.18
32303,0.22,0.33
32304,0.05,0.38
32305,0.16,0.45
32306,0.29,0.7
32307,0.18,0.32
32308,0.44,0.77
32309,0.23,0.59
32310,0.47,0.6
32311,0.07,0.3
32312,0.35,0.49
32313,0.09,0.23
32314,0.13,0.52
32315,0.07,0.19
32316,0.04,0.92
32317,0.2,0.35
32318,0.08,0.41
32319,0.26,0.91
32320,0.0,0.02
32321,0.15,0.47
32322,0.23,0.35
32323,0.71,0.72
32324,0.18,0.66
32325,0.1,0.35
32326,0.2,0.32
32327,0.03,0.13
32328,0.02,0.14
32329,0.14,0.67
32330,0.24,0.64
32331,0.35,0.68
32332,0.02,0.08
32333,0.02,0.08
32334,0.11,0.34
32335,0.04,0.17
32336,0.04,0.41
32337,0.12,0.21
32338,0.22,0.42
32339,0.24,0.52
32340,0.53,0.84
32341,0.4,0.55
32342,0.09,0.58
32343,0.69,0.85
32344,0.56,0.85
32345,0.03,0.29
32346,0.06,0.07
32347,0.21,0.57
32348,0.22,0.95
32349,0.23,0.61
32350,0.16,0.72
32351,0.39,0.53
32352,0.0,0.02
32353,0.1,0.2
32354,0.2,0.45
32355,0.13,0.62
32356,0.18,0.41
32357,0.32,0.5
32358,0.25,0.81
32359,0.58,0.72
32360,0.22,0.83
32361,0.05,0.65
32362,0.12,0.36
32363,0.11,0.88
32364,0.12,0.09
32365,0.09,0.28
32366,0.15,0.45
32367,0.27,0.83
32368,0.12,0.76
32369,0.31,0.63
32370,0.08,0.43
32371,0.21,0.32
32372,0.06,0.1
32373,0.13,0.41
32374,0.56,0.83
32375,0.19,0.71
32376,0.07,0.16
32377,0.09,0.62
32378,0.04,0.43
32379,0.15,0.4
32380,0.13,0.52
32381,0.08,0.32
32382,0.16,0.24
32383,0.24,0.7
32384,0.12,0.29
32385,0.03,0.17
32386,0.11,0.5
32387,0.36,0.38
32388,0.09,0.23
32389,0.07,0.15
32390,0.09,0.51
32391,0.37,0.66
32392,0.22,0.58
32393,0.65,0.75
32394,0.02,0.23
32395,0.39,0.91
32396,0.02,0.12
32397,0.11,0.37
32398,0.19,0.53
32399,0.56,0.71
32400,0.47,0.56
32401,0.26,0.71
32402,0.04,0.19
32403,0.14,0.79
32404,0.02,0.11
32405,0.2,0.83
32406,0.23,0.45
32407,0.07,0.24
32408,0.09,0.73
32409,0.12,0.52
32410,0.33,0.81
32411,0.4,0.37
32412,0.06,0.13
32413,0.15,0.38
32414,0.14,0.84
32415,0.02,0.24
32416,0.56,0.91
32417,0.12,0.67
32418,0.11,0.2
32419,0.2,0.35
32420,0.46,0.46
32421,0.05,0.45
32422,0.09,0.1
32423,0.05,0.59
32424,0.29,0.48
32425,0.6,0.6
32426,0.15,0.19
32427,0.2,0.4
32428,0.23,0.41
32429,0.43,0.82
32430,0.11,0.34
32431,0.79,0.99
32432,0.23,0.32
32433,0.32,0.26
32434,0.11,0.52
32435,0.36,0.87
32436,0.06,0.47
32437,0.06,0.14
32438,0.13,0.14
32439,0.33,0.74
32440,0.08,0.38
32441,0.32,0.66
32442,0.04,0.61
32443,0.1,0.71
32444,0.65,0.78
32445,0.04,0.16
32446,0.48,0.75
32447,0.03,0.21
32448,0.13,0.33
32449,0.08,0.02
32450,0.6,0.8
32451,0.01,0.28
32452,0.04,0.26
32453,0.48,0.29
32454,0.32,0.58
32455,0.22,0.28
32456,0.14,0.15
32457,0.06,0.55
32458,0.19,0.27
32459,0.04,0.3
32460,0.08,0.89
32461,0.05,0.09
32462,0.17,0.72
32463,0.42,0.86
32464,0.23,0.69
32465,0.12,0.85
32466,0.11,0.22
32467,0.08,0.13
32468,0.0,0.17
32469,0.06,0.63
32470,0.13,0.53
32471,0.08,0.42
32472,0.1,0.34
32473,0.04,0.17
32474,0.08,0.17
32475,0.31,0.93
32476,0.04,0.31
32477,0.01,0.14
32478,0.17,0.58
32479,0.15,0.37
32480,0.12,0.21
32481,0.12,0.32
32482,0.09,0.7
32483,0.31,0.62
32484,0.42,0.73
32485,0.08,0.1
32486,0.04,0.17
32487,0.31,0.36
32488,0.19,0.49
32489,0.24,0.51
32490,0.2,0.82
32491,0.58,0.85
32492,0.31,0.61
32493,0.08,0.09
32494,0.22,0.86
32495,0.44,0.67
32496,0.1,0.18
32497,0.19,0.28
32498,0.59,0.73
32499,0.06,0.16
32500,0.1,0.06
32501,0.68,0.81
32502,0.51,0.58
32503,0.04,0.42
32504,0.38,0.69
32505,0.06,0.7
32506,0.5,0.72
32507,0.1,0.11
32508,0.45,0.62
32509,0.11,0.48
32510,0.35,0.88
32511,0.34,0.47
32512,0.06,0.31
32513,0.47,0.56
32514,0.13,0.4
32515,0.28,0.26
32516,0.35,0.75
32517,0.09,0.17
32518,0.34,0.57
32519,0.39,0.8
32520,0.12,0.16
32521,0.01,0.1
32522,0.04,0.32
32523,0.1,0.65
32524,0.3,0.42
32525,0.44,0.74
32526,0.06,0.33
32527,0.3,0.65
32528,0.39,0.82
32529,0.06,0.76
32530,0.41,0.6
32531,0.03,0.17
32532,0.26,0.31
32533,0.66,0.92
32534,0.71,0.74
32535,0.14,0.19
32536,0.26,0.25
32537,0.76,0.86
32538,0.16,0.33
32539,0.05,0.13
32540,0.09,0.31
32541,0.11,0.37
32542,0.17,0.64
32543,0.25,0.68
32544,0.07,0.31
32545,0.48,0.94
32546,0.42,0.23
32547,0.2,0.67
32548,0.04,0.16
32549,0.11,0.17
32550,0.28,0.84
32551,0.06,0.1
32552,0.38,0.84
32553,0.04,0.3
32554,0.4,0.83
32555,0.08,0.65
32556,0.37,0.62
32557,0.03,0.15
32558,0.23,0.46
32559,0.07,0.35
32560,0.48,0.83
32561,0.1,0.2
32562,0.13,0.14
32563,0.58,0.72
32564,0.42,0.87
32565,0.09,0.29
32566,0.1,0.66
32567,0.26,0.53
32568,0.2,0.44
32569,0.23,0.79
32570,0.02,0.21
32571,0.56,0.55
32572,0.08,0.93
32573,0.0,0.04
32574,0.08,0.81
32575,0.13,0.25
32576,0.14,0.85
32577,0.03,0.14
32578,0.14,0.66
32579,0.5,0.81
32580,0.35,0.67
32581,0.15,0.69
32582,0.12,0.94
32583,0.07,0.52
32584,0.59,0.77
32585,0.16,0.35
32586,0.17,0.52
32587,0.25,0.79
32588,0.02,0.23
32589,0.41,0.65
32590,0.15,0.16
32591,0.06,0.95
32592,0.43,0.6
32593,0.13,0.58
32594,0.07,0.55
32595,0.09,0.36
32596,0.16,0.26
32597,0.06,0.85
32598,0.16,0.39
32599,0.02,0.1
32600,0.27,0.47
32601,0.14,0.6
32602,0.69,0.89
32603,0.01,0.14
32604,0.22,0.27
32605,0.12,0.23
32606,0.03,0.59
32607,0.12,0.54
32608,0.08,0.3
32609,0.35,0.87
32610,0.7,0.91
32611,0.49,0.72
32612,0.14,0.64
32613,0.03,0.18
32614,0.15,0.35
32615,0.23,0.95
32616,0.05,0.75
32617,0.09,0.85
32618,0.47,0.45
32619,0.02,0.23
32620,0.52,0.87
32621,0.17,0.6
32622,0.08,0.28
32623,0.09,0.3
32624,0.33,0.5
32625,0.1,0.46
32626,0.12,0.73
32627,0.03,0.08
32628,0.68,0.94
32629,0.1,0.31
32630,0.28,0.73
32631,0.08,0.8
32632,0.04,0.09
32633,0.63,0.71
32634,0.04,0.28
32635,0.19,0.35
32636,0.2,0.25
32637,0.05,0.1
32638,0.37,0.71
32639,0.11,0.27
32640,0.08,0.86
32641,0.09,0.58
32642,0.26,0.55
32643,0.15,0.87
32644,0.69,0.73
32645,0.09,0.16
32646,0.17,0.88
32647,0.33,0.68
32648,0.26,0.64
32649,0.12,0.78
32650,0.18,0.49
32651,0.29,0.4
32652,0.62,0.6
32653,0.16,0.82
32654,0.1,0.68
32655,0.15,0.62
32656,0.43,0.52
32657,0.28,0.24
32658,0.02,0.42
32659,0.21,0.38
32660,0.05,0.24
32661,0.14,0.72
32662,0.16,0.2
32663,0.19,0.88
32664,0.08,0.17
32665,0.12,0.85
32666,0.14,0.52
32667,0.49,0.67
32668,0.0,0.01
32669,0.05,0.8
32670,0.29,0.35
32671,0.05,0.21
32672,0.37,0.44
32673,0.15,0.32
32674,0.05,0.2
32675,0.03,0.11
32676,0.23,0.68
32677,0.01,0.74
32678,0.1,0.19
32679,0.08,0.09
32680,0.06,0.07
32681,0.09,0.44
32682,0.22,0.93
32683,0.18,0.46
32684,0.21,0.17
32685,0.08,0.46
32686,0.03,0.14
32687,0.23,0.55
32688,0.02,0.13
32689,0.74,0.88
32690,0.12,0.62
32691,0.08,0.3
32692,0.06,0.26
32693,0.13,0.32
32694,0.15,0.32
32695,0.51,0.76
32696,0.31,0.67
32697,0.19,0.2
32698,0.1,0.64
32699,0.33,0.51
32700,0.08,0.26
32701,0.0,0.03
32702,0.11,0.3
32703,0.06,0.18
32704,0.18,0.29
32705,0.24,0.17
32706,0.09,0.49
32707,0.06,0.34
32708,0.04,0.33
32709,0.16,0.39
32710,0.09,0.14
32711,0.18,0.79
32712,0.2,0.52
32713,0.04,0.12
32714,0.2,0.6
32715,0.15,0.62
32716,0.06,0.25
32717,0.09,0.57
32718,0.05,0.06
32719,0.05,0.07
32720,0.1,0.93
32721,0.16,0.69
32722,0.19,0.31
32723,0.04,0.07
32724,0.47,0.16
32725,0.31,0.67
32726,0.26,0.55
32727,0.29,0.5
32728,0.01,0.3
32729,0.14,0.17
32730,0.03,0.07
32731,0.72,0.97
32732,0.13,0.7
32733,0.19,0.38
32734,0.04,0.05
32735,0.03,0.14
32736,0.08,0.15
32737,0.08,0.29
32738,0.39,0.7
32739,0.01,0.06
32740,0.12,0.86
32741,0.03,0.19
32742,0.08,0.84
32743,0.02,0.09
32744,0.24,0.62
32745,0.29,0.56
32746,0.38,0.45
32747,0.11,0.29
32748,0.17,0.77
32749,0.18,0.23
32750,0.52,0.81
32751,0.04,0.93
32752,0.12,0.43
32753,0.27,0.3
32754,0.04,0.05
32755,0.76,0.89
32756,0.15,0.46
32757,0.03,0.08
32758,0.82,0.94
32759,0.2,0.55
32760,0.13,0.28
32761,0.07,0.81
32762,0.05,0.05
32763,0.02,0.09
32764,0.02,0.05
32765,0.11,0.19
32766,0.01,0.05
32767,0.13,0.27
32768,0.12,0.33
32769,0.08,0.12
32770,0.58,0.85
32771,0.06,0.04
32772,0.31,0.53
32773,0.07,0.28
32774,0.04,0.15
32775,0.08,0.69
32776,0.04,0.89
32777,0.62,0.75
32778,0.05,0.03
32779,0.42,0.51
32780,0.12,0.1
32781,0.23,0.47
32782,0.04,0.94
32783,0.05,0.18
32784,0.4,0.45
32785,0.08,0.32
32786,0.45,0.64
32787,0.15,0.6
32788,0.2,0.78
32789,0.46,0.65
32790,0.68,0.67
32791,0.18,0.83
32792,0.45,0.64
32793,0.07,0.17
32794,0.15,0.4
32795,0.06,0.07
32796,0.54,0.66
32797,0.03,0.26
32798,0.06,0.25
32799,0.32,0.78
32800,0.03,0.19
32801,0.42,0.46
32802,0.38,0.48
32803,0.03,0.24
32804,0.28,0.69
32805,0.12,0.34
32806,0.11,0.2
32807,0.07,0.43
32808,0.05,0.23
32809,0.15,0.21
32810,0.38,0.6
32811,0.07,0.08
32812,0.13,0.35
32813,0.05,0.14
32814,0.07,0.11
32815,0.44,0.77
32816,0.26,0.67
32817,0.13,0.94
32818,0.51,0.92
32819,0.16,0.27
32820,0.39,0.42
32821,0.37,0.55
32822,0.08,0.71
32823,0.18,0.46
32824,0.07,0.36
32825,0.34,0.58
32826,0.58,0.82
32827,0.02,0.71
32828,0.21,0.79
32829,0.53,0.9
32830,0.06,0.17
32831,0.07,0.06
32832,0.11,0.39
32833,0.05,0.08
32834,0.35,0.68
32835,0.14,0.66
32836,0.63,0.3
32837,0.46,0.61
32838,0.13,0.76
32839,0.12,0.4
32840,0.11,0.16
32841,0.42,0.37
32842,0.09,0.18
32843,0.71,0.9
32844,0.02,0.15
32845,0.04,0.16
32846,0.21,0.3
32847,0.26,0.34
32848,0.19,0.35
32849,0.14,0.18
32850,0.1,0.41
32851,0.37,0.17
32852,0.41,0.8
32853,0.02,0.13
32854,0.34,0.74
32855,0.05,0.28
32856,0.14,0.89
32857,0.14,0.47
32858,0.18,0.14
32859,0.11,0.34
32860,0.36,0.83
32861,0.15,0.63
32862,0.46,0.48
32863,0.11,0.09
32864,0.12,0.17
32865,0.12,0.38
32866,0.11,0.13
32867,0.31,0.41
32868,0.24,0.45
32869,0.08,0.14
32870,0.13,0.61
32871,0.12,0.21
32872,0.15,0.45
32873,0.43,0.57
32874,0.04,0.34
32875,0.04,0.11
32876,0.76,0.88
32877,0.04,0.24
32878,0.02,0.26
32879,0.02,0.11
32880,0.39,0.73
32881,0.27,0.46
32882,0.23,0.38
32883,0.06,0.59
32884,0.08,0.14
32885,0.53,0.63
32886,0.03,0.16
32887,0.21,0.79
32888,0.18,0.23
32889,0.4,0.34
32890,0.13,0.36
32891,0.54,0.6
32892,0.36,0.71
32893,0.13,0.38
32894,0.3,0.5
32895,0.14,0.7
32896,0.16,0.18
32897,0.16,0.39
32898,0.38,0.66
32899,0.39,0.67
32900,0.15,0.68
32901,0.23,0.94
32902,0.1,0.32
32903,0.22,0.6
32904,0.07,0.07
32905,0.02,0.15
32906,0.25,0.45
32907,0.54,0.7
32908,0.54,0.59
32909,0.31,0.69
32910,0.07,0.51
32911,0.2,0.41
32912,0.08,0.2
32913,0.6,0.94
32914,0.19,0.62
32915,0.16,0.47
32916,0.18,0.37
32917,0.09,0.75
32918,0.26,0.76
32919,0.61,0.59
32920,0.23,0.41
32921,0.42,0.36
32922,0.04,0.1
32923,0.19,0.92
32924,0.42,0.81
32925,0.06,0.31
32926,0.04,0.12
32927,0.03,0.12
32928,0.23,0.17
32929,0.16,0.45
32930,0.1,0.57
32931,0.05,0.17
32932,0.15,0.2
32933,0.07,0.06
32934,0.17,0.45
32935,0.18,0.43
32936,0.37,0.3
32937,0.57,0.83
32938,0.08,0.19
32939,0.0,0.11
32940,0.4,0.49
32941,0.09,0.39
32942,0.13,0.32
32943,0.12,0.28
32944,0.43,0.74
32945,0.35,0.3
32946,0.08,0.29
32947,0.05,0.05
32948,0.35,0.41
32949,0.08,0.11
32950,0.2,0.79
32951,0.47,0.44
32952,0.69,0.64
32953,0.18,0.52
32954,0.24,0.47
32955,0.22,0.65
32956,0.73,0.6
32957,0.01,0.21
32958,0.27,0.56
32959,0.03,0.16
32960,0.04,0.81
32961,0.36,0.53
32962,0.02,0.04
32963,0.15,0.49
32964,0.05,0.33
32965,0.25,0.36
32966,0.18,0.91
32967,0.1,0.48
32968,0.08,0.34
32969,0.06,0.32
32970,0.03,0.49
32971,0.03,0.09
32972,0.26,0.33
32973,0.53,0.82
32974,0.13,0.08
32975,0.42,0.57
32976,0.12,0.28
32977,0.13,0.22
32978,0.1,0.66
32979,0.12,0.86
32980,0.17,0.19
32981,0.05,0.12
32982,0.14,0.64
32983,0.76,0.85
32984,0.51,0.69
32985,0.1,0.61
32986,0.11,0.78
32987,0.43,0.81
32988,0.04,0.17
32989,0.04,0.11
32990,0.61,0.83
32991,0.02,0.04
32992,0.45,0.59
32993,0.03,0.17
32994,0.08,0.59
32995,0.11,0.58
32996,0.37,0.74
32997,0.19,0.34
32998,0.14,0.12
32999,0.12,0.31
33000,0.04,0.17
33001,0.04,0.54
33002,0.17,0.58
33003,0.09,0.7
33004,0.05,0.52
33005,0.18,0.21
33006,0.53,0.69
33007,0.1,0.25
33008,0.08,0.14
33009,0.36,0.35
33010,0.18,0.5
33011,0.1,0.69
33012,0.16,0.29
33013,0.24,0.81
33014,0.11,0.91
33015,0.14,0.27
33016,0.05,0.47
33017,0.51,0.7
33018,0.43,0.74
33019,0.82,0.92
33020,0.3,0.2
33021,0.02,0.05
33022,0.43,0.66
33023,0.06,0.04
33024,0.18,0.77
33025,0.25,0.87
33026,0.66,0.84
33027,0.31,0.94
33028,0.2,0.42
33029,0.43,0.77
33030,0.06,0.37
33031,0.12,0.69
33032,0.23,0.87
33033,0.11,0.54
33034,0.06,0.17
33035,0.03,0.04
33036,0.1,0.74
33037,0.55,0.57
33038,0.21,0.35
33039,0.14,0.21
33040,0.29,0.79
33041,0.04,0.11
33042,0.07,0.11
33043,0.01,0.11
33044,0.18,0.11
33045,0.01,0.09
33046,0.19,0.23
33047,0.2,0.42
33048,0.69,0.83
33049,0.06,0.15
33050,0.21,0.82
33051,0.04,0.04
33052,0.81,0.89
33053,0.12,0.6
33054,0.11,0.26
33055,0.11,0.56
33056,0.24,0.65
33057,0.02,0.2
33058,0.15,0.49
33059,0.18,0.32
33060,0.41,0.8
33061,0.04,0.05
33062,0.18,0.54
33063,0.03,0.18
33064,0.19,0.21
33065,0.43,0.73
33066,0.15,0.27
33067,0.09,0.23
33068,0.08,0.08
33069,0.17,0.15
33070,0.1,0.49
33071,0.51,0.87
33072,0.18,0.94
33073,0.16,0.57
33074,0.09,0.54
33075,0.15,0.19
33076,0.17,0.43
33077,0.36,0.88
33078,0.32,0.79
33079,0.01,0.07
33080,0.13,0.26
33081,0.02,0.21
33082,0.24,0.75
33083,0.75,0.91
33084,0.4,0.5
33085,0.36,0.62
33086,0.1,0.79
33087,0.01,0.13
33088,0.19,0.3
33089,0.07,0.8
33090,0.06,0.15
33091,0.24,0.68
33092,0.0,0.09
33093,0.27,0.23
33094,0.48,0.73
33095,0.4,0.6
33096,0.14,0.38
33097,0.12,0.33
33098,0.43,0.53
33099,0.08,0.15
33100,0.03,0.15
33101,0.06,0.17
33102,0.38,0.85
33103,0.2,0.65
33104,0.11,0.56
33105,0.17,0.22
33106,0.15,0.63
33107,0.09,0.33
33108,0.06,0.1
33109,0.19,0.61
33110,0.0,0.05
33111,0.1,0.15
33112,0.1,0.81
33113,0.19,0.96
33114,0.5,0.78
33115,0.59,0.54
33116,0.01,0.13
33117,0.16,0.79
33118,0.08,0.4
33119,0.37,0.46
33120,0.23,0.14
33121,0.36,0.83
33122,0.12,0.76
33123,0.09,0.3
33124,0.05,0.11
33125,0.57,0.77
33126,0.07,0.3
33127,0.24,0.55
33128,0.05,0.37
33129,0.29,0.67
33130,0.01,0.16
33131,0.18,0.71
33132,0.45,0.66
33133,0.33,0.81
33134,0.13,0.12
33135,0.16,0.46
33136,0.69,0.81
33137,0.07,0.21
33138,0.72,0.67
33139,0.14,0.66
33140,0.03,0.05
33141,0.33,0.3
33142,0.15,0.38
33143,0.09,0.22
33144,0.34,0.29
33145,0.03,0.91
33146,0.1,0.2
33147,0.09,0.05
33148,0.53,0.84
33149,0.29,0.33
33150,0.12,0.69
33151,0.14,0.26
33152,0.27,0.86
33153,0.25,0.41
33154,0.05,0.95
33155,0.11,0.25
33156,0.35,0.23
33157,0.12,0.86
33158,0.11,0.1
33159,0.08,0.27
33160,0.29,0.33
33161,0.06,0.1
33162,0.02,0.1
33163,0.02,0.11
33164,0.03,0.7
33165,0.2,0.82
33166,0.06,0.63
33167,0.16,0.12
33168,0.18,0.2
33169,0.2,0.53
33170,0.15,0.87
33171,0.46,0.77
33172,0.44,0.54
33173,0.05,0.81
33174,0.08,0.09
33175,0.06,0.24
33176,0.13,0.53
33177,0.15,0.8
33178,0.2,0.45
33179,0.13,0.1
33180,0.03,0.12
33181,0.18,0.51
33182,0.02,0.18
33183,0.07,0.43
33184,0.13,0.59
33185,0.23,0.4
33186,0.05,0.8
33187,0.2,0.46
33188,0.19,0.96
33189,0.24,0.11
33190,0.11,0.08
33191,0.06,0.04
33192,0.05,0.11
33193,0.3,0.7
33194,0.06,0.95
33195,0.18,0.71
33196,0.04,0.05
33197,0.13,0.59
33198,0.49,0.81
33199,0.27,0.32
33200,0.07,0.51
33201,0.54,0.64
33202,0.04,0.27
33203,0.4,0.64
33204,0.11,0.47
33205,0.02,0.14
33206,0.32,0.73
33207,0.07,0.22
33208,0.42,0.68
33209,0.03,0.22
33210,0.14,0.61
33211,0.05,0.15
33212,0.02,0.15
33213,0.38,0.53
33214,0.01,0.1
33215,0.06,0.09
33216,0.11,0.12
33217,0.16,0.59
33218,0.14,0.87
33219,0.28,0.3
33220,0.19,0.52
33221,0.38,0.58
33222,0.64,0.82
33223,0.39,0.67
33224,0.29,0.44
33225,0.41,0.73
33226,0.01,0.06
33227,0.01,0.07
33228,0.42,0.35
33229,0.06,0.83
33230,0.02,0.06
33231,0.04,0.19
33232,0.02,0.08
33233,0.27,0.4
33234,0.44,0.61
33235,0.15,0.48
33236,0.29,0.28
33237,0.08,0.09
33238,0.02,0.11
33239,0.14,0.49
33240,0.35,0.57
33241,0.22,0.45
33242,0.1,0.66
33243,0.52,0.79
33244,0.61,0.83
33245,0.32,0.42
33246,0.86,0.92
33247,0.14,0.15
33248,0.25,0.72
33249,0.02,0.13
33250,0.22,0.6
33251,0.02,0.08
33252,0.67,0.81
33253,0.66,0.93
33254,0.09,0.75
33255,0.09,0.76
33256,0.1,0.13
33257,0.05,0.06
33258,0.16,0.13
33259,0.17,0.72
33260,0.43,0.39
33261,0.29,0.65
33262,0.81,0.94
33263,0.0,0.05
33264,0.13,0.84
33265,0.18,0.68
33266,0.07,0.05
33267,0.07,0.47
33268,0.31,0.55
33269,0.18,0.88
33270,0.1,0.21
33271,0.26,0.79
33272,0.26,0.94
33273,0.21,0.9
33274,0.04,0.07
33275,0.53,0.91
33276,0.28,0.63
33277,0.04,0.33
33278,0.09,0.13
33279,0.4,0.58
33280,0.59,0.89
33281,0.04,0.12
33282,0.26,0.53
33283,0.24,0.88
33284,0.05,0.24
33285,0.38,0.51
33286,0.05,0.69
33287,0.36,0.86
33288,0.08,0.2
33289,0.23,0.37
33290,0.35,0.79
33291,0.05,0.11
33292,0.2,0.43
33293,0.16,0.37
33294,0.16,0.16
33295,0.17,0.25
33296,0.34,0.66
33297,0.2,0.34
33298,0.09,0.07
33299,0.19,0.34
33300,0.35,0.85
33301,0.11,0.79
33302,0.26,0.59
33303,0.65,0.89
33304,0.13,0.27
33305,0.24,0.29
33306,0.11,0.04
33307,0.16,0.16
33308,0.01,0.38
33309,0.14,0.49
33310,0.18,0.15
33311,0.07,0.5
33312,0.02,0.08
33313,0.23,0.62
33314,0.14,0.29
33315,0.11,0.18
33316,0.11,0.27
33317,0.13,0.39
33318,0.19,0.73
33319,0.14,0.33
33320,0.2,0.32
33321,0.09,0.14
33322,0.31,0.39
33323,0.07,0.19
33324,0.05,0.17
33325,0.18,0.12
33326,0.2,0.36
33327,0.06,0.06
33328,0.24,0.46
33329,0.09,0.26
33330,0.14,0.56
33331,0.4,0.58
33332,0.18,0.33
33333,0.03,0.06
33334,0.07,0.19
33335,0.4,0.7
33336,0.14,0.7
33337,0.14,0.63
33338,0.02,0.11
33339,0.05,0.09
33340,0.23,0.29
33341,0.13,0.32
33342,0.61,0.63
33343,0.14,0.87
33344,0.41,0.57
33345,0.16,0.26
33346,0.09,0.74
33347,0.49,0.6
33348,0.26,0.46
33349,0.27,0.34
33350,0.15,0.5
33351,0.18,0.57
33352,0.07,0.43
33353,0.13,0.1
33354,0.48,0.81
33355,0.64,0.9
33356,0.15,0.49
33357,0.69,0.7
33358,0.39,0.61
33359,0.15,0.91
33360,0.13,0.11
33361,0.39,0.44
33362,0.03,0.06
33363,0.14,0.68
33364,0.11,0.43
33365,0.6,0.83
33366,0.12,0.71
33367,0.18,0.72
33368,0.13,0.38
33369,0.2,0.78
33370,0.2,0.58
33371,0.76,0.84
33372,0.16,0.81
33373,0.21,0.42
33374,0.14,0.18
33375,0.05,0.1
33376,0.05,0.25
33377,0.14,0.57
33378,0.17,0.26
33379,0.33,0.8
33380,0.43,0.67
33381,0.44,0.66
33382,0.26,0.36
33383,0.08,0.33
33384,0.27,0.55
33385,0.17,0.58
33386,0.13,0.14
33387,0.03,0.08
33388,0.12,0.49
33389,0.03,0.78
33390,0.08,0.93
33391,0.22,0.3
33392,0.7,0.79
33393,0.26,0.6
33394,0.09,0.17
33395,0.28,0.36
33396,0.15,0.22
33397,0.08,0.09
33398,0.33,0.21
33399,0.2,0.48
33400,0.26,0.71
33401,0.06,0.19
33402,0.58,0.79
33403,0.14,0.23
33404,0.0,0.01
33405,0.24,0.65
33406,0.35,0.64
33407,0.62,0.7
33408,0.07,0.14
33409,0.04,0.25
33410,0.04,0.33
33411,0.06,0.06
33412,0.58,0.8
33413,0.06,0.36
33414,0.25,0.78
33415,0.5,0.61
33416,0.01,0.09
33417,0.39,0.57
33418,0.05,0.16
33419,0.58,0.9
33420,0.27,0.3
33421,0.1,0.89
33422,0.12,0.9
33423,0.03,0.08
33424,0.07,0.17
33425,0.02,0.11
33426,0.07,0.26
33427,0.12,0.54
33428,0.06,0.12
33429,0.16,0.7
33430,0.43,0.45
33431,0.24,0.73
33432,0.27,0.43
33433,0.88,0.96
33434,0.06,0.9
33435,0.49,0.65
33436,0.11,0.24
33437,0.21,0.65
33438,0.1,0.35
33439,0.18,0.19
33440,0.23,0.5
33441,0.21,0.5
33442,0.12,0.77
33443,0.15,0.15
33444,0.1,0.48
33445,0.05,0.21
33446,0.61,0.79
33447,0.14,0.67
33448,0.11,0.91
33449,0.09,0.19
33450,0.06,0.3
33451,0.15,0.35
33452,0.12,0.82
33453,0.5,0.4
33454,0.61,0.93
33455,0.09,0.93
33456,0.12,0.43
33457,0.04,0.56
33458,0.38,0.61
33459,0.08,0.44
33460,0.01,0.15
33461,0.14,0.76
33462,0.35,0.54
33463,0.06,0.14
33464,0.09,0.45
33465,0.18,0.75
33466,0.33,0.36
33467,0.53,0.78
33468,0.09,0.63
33469,0.14,0.88
33470,0.02,0.05
33471,0.03,0.18
33472,0.44,0.66
33473,0.31,0.68
33474,0.11,0.41
33475,0.21,0.08
33476,0.06,0.21
33477,0.37,0.36
33478,0.25,0.6
33479,0.35,0.73
33480,0.04,0.13
33481,0.34,0.95
33482,0.11,0.24
33483,0.01,0.14
33484,0.04,0.07
33485,0.1,0.21
33486,0.41,0.54
33487,0.08,0.29
33488,0.44,0.76
33489,0.19,0.39
33490,0.24,0.78
33491,0.13,0.58
33492,0.09,0.41
33493,0.21,0.66
33494,0.72,0.92
33495,0.16,0.38
33496,0.14,0.56
33497,0.19,0.56
33498,0.08,0.21
33499,0.09,0.72
33500,0.16,0.29
33501,0.07,0.1
33502,0.02,0.18
33503,0.23,0.28
33504,0.01,0.05
33505,0.31,0.35
33506,0.05,0.19
33507,0.15,0.38
33508,0.12,0.52
33509,0.24,0.37
33510,0.53,0.66
33511,0.6,0.79
33512,0.1,0.86
33513,0.08,0.51
33514,0.17,0.84
33515,0.31,0.86
33516,0.06,0.31
33517,0.13,0.77
33518,0.1,0.68
33519,0.21,0.39
33520,0.05,0.5
33521,0.19,0.26
33522,0.14,0.24
33523,0.05,0.16
33524,0.2,0.35
33525,0.06,0.19
33526,0.32,0.73
33527,0.56,0.86
33528,0.15,0.59
33529,0.52,0.75
33530,0.22,0.44
33531,0.13,0.13
33532,0.04,0.17
33533,0.05,0.11
33534,0.04,0.11
33535,0.09,0.23
33536,0.12,0.7
33537,0.14,0.66
33538,0.19,0.11
33539,0.13,0.29
33540,0.03,0.31
33541,0.26,0.3
33542,0.09,0.25
33543,0.14,0.39
33544,0.12,0.12
33545,0.19,0.58
33546,0.25,0.93
33547,0.08,0.46
33548,0.1,0.3
33549,0.02,0.13
33550,0.11,0.53
33551,0.03,0.73
33552,0.21,0.57
33553,0.06,0.18
33554,0.08,0.49
33555,0.12,0.58
33556,0.14,0.62
33557,0.46,0.74
33558,0.11,0.21
33559,0.13,0.52
33560,0.11,0.52
33561,0.06,0.39
33562,0.16,0.67
33563,0.02,0.2
33564,0.07,0.61
33565,0.22,0.22
33566,0.25,0.7
33567,0.08,0.16
33568,0.24,0.15
33569,0.18,0.37
33570,0.75,0.83
33571,0.21,0.32
33572,0.09,0.52
33573,0.03,0.03
33574,0.16,0.28
33575,0.19,0.52
33576,0.44,0.75
33577,0.13,0.18
33578,0.11,0.28
33579,0.1,0.35
33580,0.06,0.61
33581,0.19,0.59
33582,0.59,0.77
33583,0.29,0.49
33584,0.56,0.81
33585,0.52,0.65
33586,0.07,0.17
33587,0.01,0.41
33588,0.03,0.08
33589,0.16,0.21
33590,0.03,0.23
33591,0.21,0.36
33592,0.1,0.2
33593,0.21,0.32
33594,0.14,0.23
33595,0.24,0.51
33596,0.05,0.73
33597,0.65,0.71
33598,0.67,0.89
33599,0.09,0.73
33600,0.04,0.06
33601,0.41,0.46
33602,0.47,0.56
33603,0.09,0.64
33604,0.5,0.79
33605,0.13,0.21
33606,0.52,0.74
33607,0.74,0.88
33608,0.08,0.36
33609,0.22,0.66
33610,0.15,0.81
33611,0.47,0.35
33612,0.22,0.7
33613,0.51,0.55
33614,0.48,0.44
33615,0.22,0.37
33616,0.49,0.71
33617,0.17,0.15
33618,0.1,0.84
33619,0.07,0.54
33620,0.08,0.08
33621,0.14,0.65
33622,0.48,0.87
33623,0.03,0.42
33624,0.01,0.19
33625,0.08,0.53
33626,0.43,0.51
33627,0.16,0.46
33628,0.12,0.85
33629,0.14,0.39
33630,0.08,0.75
33631,0.28,0.44
33632,0.13,0.2
33633,0.05,0.08
33634,0.18,0.26
33635,0.5,0.68
33636,0.19,0.73
33637,0.32,0.77
33638,0.06,0.47
33639,0.05,0.87
33640,0.51,0.69
33641,0.2,0.21
33642,0.13,0.16
33643,0.06,0.12
33644,0.55,0.68
33645,0.21,0.81
33646,0.05,0.28
33647,0.43,0.52
33648,0.54,0.95
33649,0.24,0.17
33650,0.38,0.27
33651,0.21,0.64
33652,0.09,0.1
33653,0.02,0.17
33654,0.12,0.59
33655,0.13,0.18
33656,0.12,0.13
33657,0.09,0.12
33658,0.61,0.94
33659,0.2,0.23
33660,0.31,0.67
33661,0.27,0.83
33662,0.62,0.77
33663,0.04,0.14
33664,0.09,0.17
33665,0.36,0.88
33666,0.03,0.12
33667,0.05,0.36
33668,0.66,0.72
33669,0.31,0.58
33670,0.11,0.31
33671,0.12,0.94
33672,0.41,0.79
33673,0.12,0.1
33674,0.07,0.41
33675,0.06,0.93
33676,0.38,0.56
33677,0.03,0.3
33678,0.05,0.2
33679,0.09,0.31
33680,0.17,0.82
33681,0.13,0.78
33682,0.05,0.14
33683,0.02,0.09
33684,0.41,0.66
33685,0.19,0.64
33686,0.03,0.22
33687,0.53,0.8
33688,0.06,0.54
33689,0.18,0.58
33690,0.3,0.38
33691,0.14,0.2
33692,0.04,0.21
33693,0.34,0.55
33694,0.4,0.75
33695,0.13,0.48
33696,0.38,0.59
33697,0.23,0.65
33698,0.16,0.61
33699,0.33,0.62
33700,0.18,0.42
33701,0.03,0.07
33702,0.2,0.82
33703,0.18,0.24
33704,0.0,0.18
33705,0.11,0.51
33706,0.28,0.68
33707,0.12,0.13
33708,0.28,0.29
33709,0.09,0.14
33710,0.22,0.42
33711,0.11,0.55
33712,0.11,0.58
33713,0.22,0.46
33714,0.2,0.49
33715,0.05,0.94
33716,0.56,0.75
33717,0.09,0.49
33718,0.1,0.11
33719,0.02,0.26
33720,0.0,0.06
33721,0.19,0.35
33722,0.07,0.79
33723,0.71,0.9
33724,0.1,0.95
33725,0.18,0.73
33726,0.11,0.08
33727,0.28,0.15
33728,0.13,0.7
33729,0.28,0.14
33730,0.04,0.18
33731,0.04,0.39
33732,0.07,0.21
33733,0.02,0.11
33734,0.49,0.64
33735,0.13,0.18
33736,0.04,0.09
33737,0.22,0.51
33738,0.47,0.64
33739,0.04,0.24
33740,0.21,0.9
33741,0.48,0.55
33742,0.25,0.73
33743,0.1,0.92
33744,0.17,0.19
33745,0.27,0.57
33746,0.18,0.77
33747,0.17,0.14
33748,0.1,0.9
33749,0.9,0.95
33750,0.42,0.7
33751,0.69,0.72
33752,0.42,0.55
33753,0.08,0.47
33754,0.49,0.82
33755,0.18,0.35
33756,0.17,0.42
33757,0.22,0.4
33758,0.58,0.97
33759,0.04,0.1
33760,0.17,0.37
33761,0.23,0.16
33762,0.21,0.24
33763,0.58,0.73
33764,0.19,0.27
33765,0.2,0.75
33766,0.01,0.16
33767,0.16,0.43
33768,0.48,0.38
33769,0.13,0.32
33770,0.44,0.39
33771,0.23,0.33
33772,0.07,0.13
33773,0.07,0.72
33774,0.06,0.15
33775,0.04,0.18
33776,0.38,0.47
33777,0.13,0.28
33778,0.22,0.6
33779,0.15,0.77
33780,0.1,0.37
33781,0.0,0.03
33782,0.11,0.15
33783,0.14,0.65
33784,0.01,0.14
33785,0.06,0.3
33786,0.02,0.52
33787,0.05,0.37
33788,0.09,0.59
33789,0.04,0.23
33790,0.04,0.1
33791,0.02,0.24
33792,0.04,0.1
33793,0.34,0.69
33794,0.28,0.11
33795,0.35,0.73
33796,0.48,0.63
33797,0.23,0.51
33798,0.04,0.84
33799,0.19,0.7
33800,0.13,0.4
33801,0.24,0.69
33802,0.17,0.13
33803,0.17,0.83
33804,0.04,0.19
33805,0.76,0.79
33806,0.08,0.07
33807,0.09,0.77
33808,0.12,0.46
33809,0.07,0.1
33810,0.57,0.52
33811,0.14,0.24
33812,0.11,0.11
33813,0.39,0.41
33814,0.12,0.09
33815,0.43,0.83
33816,0.19,0.57
33817,0.13,0.32
33818,0.68,0.86
33819,0.56,0.75
33820,0.04,0.09
33821,0.55,0.87
33822,0.33,0.69
33823,0.02,0.06
33824,0.12,0.2
33825,0.16,0.63
33826,0.24,0.68
33827,0.21,0.45
33828,0.51,0.68
33829,0.56,0.71
33830,0.19,0.45
33831,0.38,0.9
33832,0.42,0.52
33833,0.08,0.62
33834,0.06,0.11
33835,0.01,0.14
33836,0.09,0.33
33837,0.12,0.4
33838,0.04,0.29
33839,0.21,0.28
33840,0.05,0.12
33841,0.64,0.76
33842,0.13,0.2
33843,0.04,0.24
33844,0.19,0.29
33845,0.59,0.87
33846,0.03,0.1
33847,0.16,0.49
33848,0.06,0.41
33849,0.22,0.17
33850,0.03,0.05
33851,0.03,0.45
33852,0.59,0.83
33853,0.08,0.63
33854,0.04,0.06
33855,0.38,0.89
33856,0.04,0.34
33857,0.08,0.79
33858,0.26,0.63
33859,0.12,0.34
33860,0.11,0.08
33861,0.28,0.49
33862,0.17,0.73
33863,0.09,0.19
33864,0.16,0.94
33865,0.02,0.14
33866,0.39,0.61
33867,0.26,0.38
33868,0.23,0.59
33869,0.02,0.06
33870,0.02,0.24
33871,0.07,0.83
33872,0.25,0.61
33873,0.02,0.11
33874,0.1,0.34
33875,0.55,0.92
33876,0.0,0.03
33877,0.52,0.81
33878,0.24,0.76
33879,0.02,0.16
33880,0.09,0.16
33881,0.03,0.11
33882,0.08,0.25
33883,0.24,0.41
33884,0.19,0.19
33885,0.11,0.67
33886,0.1,0.56
33887,0.16,0.34
33888,0.2,0.66
33889,0.26,0.69
33890,0.15,0.32
33891,0.22,0.95
33892,0.4,0.78
33893,0.09,0.23
33894,0.9,0.96
33895,0.19,0.15
33896,0.38,0.84
33897,0.07,0.29
33898,0.11,0.47
33899,0.13,0.14
33900,0.06,0.14
33901,0.19,0.24
33902,0.04,0.82
33903,0.13,0.18
33904,0.28,0.91
33905,0.19,0.43
33906,0.56,0.69
33907,0.09,0.61
33908,0.02,0.1
33909,0.05,0.77
33910,0.44,0.62
33911,0.25,0.49
33912,0.02,0.02
33913,0.5,0.74
33914,0.03,0.09
33915,0.62,0.88
33916,0.7,0.55
33917,0.08,0.28
33918,0.24,0.27
33919,0.02,0.17
33920,0.72,0.73
33921,0.22,0.72
33922,0.36,0.62
33923,0.31,0.8
33924,0.04,0.43
33925,0.04,0.32
33926,0.08,0.67
33927,0.58,0.6
33928,0.03,0.05
33929,0.02,0.09
33930,0.36,0.67
33931,0.13,0.42
33932,0.32,0.21
33933,0.55,0.79
33934,0.31,0.77
33935,0.11,0.36
33936,0.08,0.62
33937,0.25,0.47
33938,0.62,0.91
33939,0.77,0.92
33940,0.05,0.09
33941,0.12,0.11
33942,0.0,0.18
33943,0.16,0.58
33944,0.1,0.42
33945,0.19,0.85
33946,0.08,0.79
33947,0.14,0.45
33948,0.03,0.24
33949,0.66,0.9
33950,0.03,0.09
33951,0.24,0.51
33952,0.0,0.08
33953,0.09,0.44
33954,0.83,0.99
33955,0.7,0.7
33956,0.09,0.2
33957,0.06,0.28
33958,0.08,0.09
33959,0.3,0.67
33960,0.23,0.19
33961,0.01,0.08
33962,0.34,0.81
33963,0.03,0.06
33964,0.1,0.37
33965,0.75,0.93
33966,0.65,0.68
33967,0.35,0.56
33968,0.42,0.84
33969,0.25,0.72
33970,0.22,0.6
33971,0.24,0.39
33972,0.12,0.69
33973,0.05,0.14
33974,0.07,0.09
33975,0.1,0.14
33976,0.26,0.21
33977,0.21,0.35
33978,0.15,0.19
33979,0.08,0.23
33980,0.03,0.08
33981,0.4,0.74
33982,0.05,0.57
33983,0.54,0.68
33984,0.1,0.15
33985,0.11,0.09
33986,0.0,0.26
33987,0.14,0.52
33988,0.31,0.58
33989,0.03,0.12
33990,0.11,0.84
33991,0.05,0.09
33992,0.19,0.16
33993,0.09,0.22
33994,0.01,0.09
33995,0.36,0.5
33996,0.21,0.73
33997,0.23,0.79
33998,0.23,0.45
33999,0.33,0.6
34000,0.15,0.92
34001,0.49,0.66
34002,0.13,0.85
34003,0.14,0.27
34004,0.81,0.94
34005,0.07,0.4
34006,0.16,0.24
34007,0.26,0.3
34008,0.29,0.68
34009,0.04,0.31
34010,0.09,0.23
34011,0.52,0.87
34012,0.19,0.41
34013,0.08,0.13
34014,0.52,0.94
34015,0.01,0.14
34016,0.04,0.12
34017,0.08,0.42
34018,0.34,0.53
34019,0.31,0.58
34020,0.15,0.6
34021,0.14,0.25
34022,0.35,0.92
34023,0.37,0.93
34024,0.05,0.22
34025,0.08,0.45
34026,0.17,0.68
34027,0.09,0.28
34028,0.3,0.5
34029,0.1,0.91
34030,0.02,0.71
34031,0.02,0.72
34032,0.48,0.82
34033,0.72,0.86
34034,0.05,0.42
34035,0.37,0.74
34036,0.41,0.66
34037,0.27,0.63
34038,0.03,0.09
34039,0.18,0.7
34040,0.27,0.41
34041,0.16,0.59
34042,0.69,0.89
34043,0.74,0.92
34044,0.19,0.4
34045,0.03,0.1
34046,0.03,0.08
34047,0.37,0.84
34048,0.22,0.51
34049,0.09,0.15
34050,0.28,0.37
34051,0.11,0.17
34052,0.1,0.36
34053,0.08,0.55
34054,0.38,0.37
34055,0.05,0.32
34056,0.13,0.96
34057,0.54,0.83
34058,0.05,0.3
34059,0.53,0.76
34060,0.16,0.53
34061,0.44,0.63
34062,0.08,0.69
34063,0.47,0.51
34064,0.29,0.8
34065,0.11,0.26
34066,0.07,0.43
34067,0.56,0.7
34068,0.02,0.09
34069,0.07,0.17
34070,0.05,0.2
34071,0.1,0.91
34072,0.3,0.53
34073,0.57,0.44
34074,0.08,0.98
34075,0.18,0.62
34076,0.09,0.17
34077,0.82,1.0
34078,0.01,0.04
34079,0.38,0.61
34080,0.14,0.24
34081,0.35,0.76
34082,0.24,0.39
34083,0.16,0.64
34084,0.05,0.39
34085,0.23,0.83
34086,0.03,0.39
34087,0.7,0.66
34088,0.01,0.11
34089,0.2,0.47
34090,0.19,0.15
34091,0.17,0.57
34092,0.11,0.29
34093,0.13,0.37
34094,0.41,0.61
34095,0.17,0.13
34096,0.19,0.21
34097,0.08,0.92
34098,0.07,0.09
34099,0.08,0.2
34100,0.39,0.4
34101,0.02,0.2
34102,0.13,0.21
34103,0.06,0.05
34104,0.08,0.14
34105,0.05,0.7
34106,0.34,0.63
34107,0.25,0.63
34108,0.04,0.18
34109,0.16,0.27
34110,0.04,0.11
34111,0.02,0.0
34112,0.32,0.31
34113,0.39,0.57
34114,0.05,0.09
34115,0.34,0.5
34116,0.55,0.61
34117,0.17,0.48
34118,0.08,0.2
34119,0.16,0.16
34120,0.03,0.05
34121,0.12,0.46
34122,0.77,0.82
34123,0.01,0.27
34124,0.42,0.88
34125,0.04,0.17
34126,0.12,0.36
34127,0.19,0.64
34128,0.2,0.45
34129,0.17,0.53
34130,0.46,0.86
34131,0.05,0.96
34132,0.03,0.09
34133,0.09,0.53
34134,0.32,0.8
34135,0.36,0.81
34136,0.17,0.45
34137,0.35,0.53
34138,0.55,0.64
34139,0.06,0.75
34140,0.21,0.42
34141,0.27,0.69
34142,0.29,0.56
34143,0.16,0.58
34144,0.69,0.73
34145,0.39,0.66
34146,0.77,0.86
34147,0.07,0.08
34148,0.26,0.89
34149,0.07,0.76
34150,0.13,0.9
34151,0.18,0.45
34152,0.12,0.83
34153,0.24,0.67
34154,0.11,0.31
34155,0.08,0.1
34156,0.1,0.24
34157,0.1,0.35
34158,0.11,0.74
34159,0.29,0.83
34160,0.09,0.24
34161,0.21,0.59
34162,0.15,0.36
34163,0.13,0.61
34164,0.06,0.22
34165,0.21,0.91
34166,0.31,0.65
34167,0.37,0.68
34168,0.14,0.33
34169,0.29,0.21
34170,0.57,0.75
34171,0.04,0.13
34172,0.06,0.25
34173,0.05,0.11
34174,0.05,0.23
34175,0.27,0.46
34176,0.19,0.16
34177,0.08,0.46
34178,0.03,0.13
34179,0.23,0.57
34180,0.05,0.14
34181,0.35,0.84
34182,0.24,0.46
34183,0.0,0.04
34184,0.25,0.59
34185,0.04,0.19
34186,0.09,0.22
34187,0.25,0.75
34188,0.13,0.33
34189,0.04,0.92
34190,0.19,0.31
34191,0.4,0.83
34192,0.35,0.86
34193,0.17,0.67
34194,0.05,0.1
34195,0.69,0.88
34196,0.06,0.13
34197,0.63,0.78
34198,0.12,0.56
34199,0.11,0.87
34200,0.21,0.54
34201,0.09,0.77
34202,0.09,0.88
34203,0.12,0.51
34204,0.2,0.79
34205,0.61,0.84
34206,0.1,0.54
34207,0.11,0.12
34208,0.17,0.34
34209,0.39,0.54
34210,0.57,0.81
34211,0.46,0.48
34212,0.1,0.32
34213,0.32,0.78
34214,0.61,0.84
34215,0.02,0.12
34216,0.19,0.97
34217,0.08,0.74
34218,0.14,0.85
34219,0.15,0.72
34220,0.3,0.61
34221,0.16,0.92
34222,0.53,0.63
34223,0.13,0.85
34224,0.26,0.69
34225,0.05,0.82
34226,0.0,0.14
34227,0.06,0.19
34228,0.12,0.21
34229,0.26,0.64
34230,0.14,0.31
34231,0.17,0.39
34232,0.14,0.94
34233,0.2,0.21
34234,0.51,0.94
34235,0.33,0.55
34236,0.11,0.2
34237,0.25,0.24
34238,0.07,0.33
34239,0.19,0.45
34240,0.08,0.05
34241,0.28,0.4
34242,0.23,0.34
34243,0.05,0.11
34244,0.41,0.9
34245,0.67,0.76
34246,0.11,0.74
34247,0.11,0.15
34248,0.13,0.86
34249,0.02,0.19
34250,0.33,0.68
34251,0.12,0.17
34252,0.83,0.84
34253,0.05,0.13
34254,0.36,0.51
34255,0.14,0.28
34256,0.13,0.5
34257,0.11,0.19
34258,0.11,0.29
34259,0.03,0.08
34260,0.15,0.15
34261,0.03,0.07
34262,0.64,0.79
34263,0.24,0.2
34264,0.07,0.12
34265,0.07,0.09
34266,0.5,0.65
34267,0.69,0.79
34268,0.04,0.06
34269,0.03,0.03
34270,0.19,0.52
34271,0.05,0.36
34272,0.15,0.15
34273,0.15,0.63
34274,0.06,0.4
34275,0.68,0.83
34276,0.49,0.58
34277,0.51,0.67
34278,0.32,0.35
34279,0.04,0.17
34280,0.15,0.2
34281,0.23,0.39
34282,0.44,0.63
34283,0.51,0.79
34284,0.3,0.63
34285,0.01,0.07
34286,0.21,0.57
34287,0.3,0.35
34288,0.46,0.85
34289,0.14,0.25
34290,0.64,0.9
34291,0.07,0.81
34292,0.06,0.39
34293,0.2,0.36
34294,0.02,0.31
34295,0.14,0.18
34296,0.05,0.28
34297,0.63,0.86
34298,0.06,0.43
34299,0.11,0.1
34300,0.28,0.2
34301,0.32,0.68
34302,0.2,0.64
34303,0.17,0.5
34304,0.0,0.05
34305,0.0,0.11
34306,0.27,0.47
34307,0.16,0.11
34308,0.06,0.23
34309,0.07,0.16
34310,0.07,0.09
34311,0.06,0.34
34312,0.05,0.09
34313,0.5,0.82
34314,0.17,0.26
34315,0.07,0.26
34316,0.8,0.97
34317,0.1,0.95
34318,0.27,0.8
34319,0.39,0.56
34320,0.04,0.55
34321,0.35,0.4
34322,0.09,0.44
34323,0.15,0.12
34324,0.61,0.6
34325,0.04,0.29
34326,0.14,0.31
34327,0.63,0.94
34328,0.17,0.27
34329,0.14,0.73
34330,0.51,0.88
34331,0.37,0.17
34332,0.33,0.39
34333,0.12,0.3
34334,0.38,0.58
34335,0.04,0.11
34336,0.07,0.24
34337,0.4,0.42
34338,0.43,0.91
34339,0.06,0.13
34340,0.08,0.7
34341,0.09,0.29
34342,0.33,0.59
34343,0.13,0.12
34344,0.15,0.87
34345,0.07,0.08
34346,0.06,0.09
34347,0.1,0.47
34348,0.11,0.7
34349,0.39,0.85
34350,0.1,0.21
34351,0.1,0.15
34352,0.24,0.52
34353,0.15,0.15
34354,0.32,0.49
34355,0.39,0.61
34356,0.38,0.61
34357,0.44,0.82
34358,0.16,0.53
34359,0.0,0.09
34360,0.02,0.72
34361,0.12,0.37
34362,0.09,0.1
34363,0.53,0.83
34364,0.25,0.71
34365,0.47,0.64
34366,0.19,0.69
34367,0.25,0.17
34368,0.08,0.18
34369,0.24,0.69
34370,0.11,0.24
34371,0.12,0.52
34372,0.03,0.14
34373,0.17,0.4
34374,0.11,0.78
34375,0.11,0.46
34376,0.33,0.55
34377,0.24,0.55
34378,0.18,0.85
34379,0.22,0.55
34380,0.17,0.41
34381,0.15,0.69
34382,0.31,0.81
34383,0.07,0.33
34384,0.29,0.74
34385,0.19,0.85
34386,0.32,0.85
34387,0.01,0.06
34388,0.29,0.57
34389,0.46,0.63
34390,0.49,0.97
34391,0.11,0.4
34392,0.06,0.15
34393,0.14,0.48
34394,0.02,0.02
34395,0.22,0.22
34396,0.25,0.46
34397,0.05,0.07
34398,0.45,0.56
34399,0.05,0.4
34400,0.67,0.73
34401,0.24,0.31
34402,0.08,0.1
34403,0.09,0.38
34404,0.08,0.76
34405,0.07,0.24
34406,0.74,0.79
34407,0.43,0.62
34408,0.05,0.24
34409,0.05,0.47
34410,0.18,0.9
34411,0.07,0.14
34412,0.21,0.4
34413,0.03,0.12
34414,0.82,0.91
34415,0.03,0.24
34416,0.16,0.24
34417,0.13,0.67
34418,0.17,0.47
34419,0.05,0.54
34420,0.03,0.23
34421,0.24,0.64
34422,0.11,0.13
34423,0.08,0.32
34424,0.09,0.92
34425,0.03,0.08
34426,0.11,0.08
34427,0.77,0.89
34428,0.05,0.4
34429,0.07,0.37
34430,0.44,0.58
34431,0.06,0.69
34432,0.0,0.19
34433,0.46,0.66
34434,0.52,0.78
34435,0.32,0.8
34436,0.21,0.69
34437,0.06,0.07
34438,0.19,0.51
34439,0.08,0.14
34440,0.26,0.17
34441,0.11,0.18
34442,0.05,0.41
34443,0.04,0.21
34444,0.09,0.24
34445,0.06,0.07
34446,0.01,0.03
34447,0.21,0.6
34448,0.15,0.14
34449,0.07,0.21
34450,0.42,0.68
34451,0.2,0.35
34452,0.56,0.64
34453,0.16,0.67
34454,0.18,0.52
34455,0.25,0.2
34456,0.07,0.58
34457,0.38,0.79
34458,0.06,0.47
34459,0.18,0.54
34460,0.46,0.44
34461,0.14,0.24
34462,0.04,0.31
34463,0.53,0.7
34464,0.06,0.2
34465,0.09,0.15
34466,0.0,0.17
34467,0.48,0.84
34468,0.6,0.74
34469,0.33,0.44
34470,0.69,0.9
34471,0.03,0.07
34472,0.69,0.93
34473,0.05,0.24
34474,0.02,0.58
34475,0.14,0.19
34476,0.32,0.87
34477,0.17,0.32
34478,0.19,0.64
34479,0.02,0.07
34480,0.08,0.33
34481,0.42,0.86
34482,0.33,0.7
34483,0.5,0.62
34484,0.02,0.18
34485,0.27,0.74
34486,0.1,0.26
34487,0.02,0.07
34488,0.12,0.71
34489,0.01,0.15
34490,0.24,0.64
34491,0.08,0.58
34492,0.15,0.35
34493,0.09,0.63
34494,0.37,0.42
34495,0.23,0.55
34496,0.31,0.38
34497,0.62,0.81
34498,0.07,0.14
34499,0.19,0.51
34500,0.1,0.54
34501,0.48,0.76
34502,0.0,0.03
34503,0.06,0.35
34504,0.23,0.24
34505,0.03,0.09
34506,0.07,0.13
34507,0.03,0.09
34508,0.19,0.76
34509,0.52,0.65
34510,0.03,0.68
34511,0.17,0.2
34512,0.12,0.47
34513,0.42,0.85
34514,0.05,0.78
34515,0.16,0.21
34516,0.22,0.6
34517,0.27,0.27
34518,0.17,0.47
34519,0.1,0.32
34520,0.13,0.55
34521,0.7,0.85
34522,0.47,0.83
34523,0.16,0.13
34524,0.42,0.89
34525,0.02,0.07
34526,0.36,0.19
34527,0.14,0.15
34528,0.39,0.2
34529,0.26,0.68
34530,0.19,0.32
34531,0.04,0.2
34532,0.1,0.23
34533,0.08,0.92
34534,0.04,0.16
34535,0.07,0.37
34536,0.23,0.66
34537,0.13,0.24
34538,0.37,0.7
34539,0.07,0.11
34540,0.09,0.67
34541,0.28,0.68
34542,0.44,0.49
34543,0.04,0.34
34544,0.16,0.22
34545,0.41,0.72
34546,0.29,0.46
34547,0.24,0.84
34548,0.17,0.43
34549,0.01,0.08
34550,0.1,0.44
34551,0.46,0.85
34552,0.02,0.1
34553,0.65,0.81
34554,0.1,0.12
34555,0.09,0.22
34556,0.05,0.58
34557,0.34,0.79
34558,0.32,0.72
34559,0.01,0.04
34560,0.31,0.4
34561,0.13,0.18
34562,0.04,0.2
34563,0.15,0.48
34564,0.17,0.81
34565,0.41,0.57
34566,0.08,0.82
34567,0.16,0.17
34568,0.12,0.16
34569,0.12,0.74
34570,0.29,0.73
34571,0.6,0.87
34572,0.24,0.51
34573,0.07,0.21
34574,0.09,0.28
34575,0.17,0.71
34576,0.23,0.16
34577,0.37,0.89
34578,0.35,0.78
34579,0.23,0.29
34580,0.08,0.15
34581,0.04,0.08
34582,0.12,0.21
34583,0.15,0.87
34584,0.23,0.44
34585,0.08,0.12
34586,0.08,0.13
34587,0.51,0.75
34588,0.38,0.59
34589,0.68,0.92
34590,0.67,0.86
34591,0.07,0.09
34592,0.13,0.88
34593,0.41,0.43
34594,0.28,0.36
34595,0.21,0.46
34596,0.53,0.81
34597,0.16,0.35
34598,0.08,0.33
34599,0.54,0.74
34600,0.38,0.7
34601,0.32,0.55
34602,0.15,0.14
34603,0.08,0.12
34604,0.05,0.45
34605,0.35,0.48
34606,0.16,0.15
34607,0.18,0.86
34608,0.63,0.91
34609,0.04,0.35
34610,0.04,0.11
34611,0.05,0.21
34612,0.15,0.14
34613,0.1,0.21
34614,0.51,0.75
34615,0.05,0.11
34616,0.23,0.56
34617,0.0,0.0
34618,0.22,0.58
34619,0.12,0.24
34620,0.28,0.38
34621,0.21,0.65
34622,0.09,0.22
34623,0.83,0.96
34624,0.35,0.55
34625,0.56,0.74
34626,0.54,0.67
34627,0.1,0.1
34628,0.18,0.75
34629,0.06,0.07
34630,0.14,0.5
34631,0.05,0.81
34632,0.05,0.12
34633,0.24,0.47
34634,0.1,0.41
34635,0.02,0.19
34636,0.68,0.73
34637,0.04,0.13
34638,0.57,0.7
34639,0.03,0.13
34640,0.06,0.62
34641,0.14,0.1
34642,0.17,0.61
34643,0.65,0.78
34644,0.23,0.49
34645,0.1,0.09
34646,0.14,0.54
34647,0.76,0.67
34648,0.06,0.24
34649,0.04,0.17
34650,0.48,0.66
34651,0.53,0.53
34652,0.18,0.38
34653,0.44,0.91
34654,0.43,0.77
34655,0.19,0.32
34656,0.15,0.21
34657,0.27,0.74
34658,0.37,0.43
34659,0.2,0.3
34660,0.08,0.78
34661,0.13,0.36
34662,0.3,0.56
34663,0.38,0.56
34664,0.14,0.63
34665,0.19,0.27
34666,0.0,0.11
34667,0.03,0.1
34668,0.09,0.95
34669,0.23,0.48
34670,0.7,0.75
34671,0.1,0.77
34672,0.17,0.6
34673,0.43,0.67
34674,0.06,0.14
34675,0.58,0.87
34676,0.61,0.73
34677,0.16,0.21
34678,0.15,0.97
34679,0.46,0.69
34680,0.18,0.77
34681,0.02,0.08
34682,0.36,0.72
34683,0.55,0.86
34684,0.02,0.08
34685,0.18,0.34
34686,0.07,0.44
34687,0.27,0.61
34688,0.03,0.54
34689,0.53,0.57
34690,0.47,0.7
34691,0.16,0.51
34692,0.64,0.8
34693,0.25,0.19
34694,0.02,0.54
34695,0.06,0.19
34696,0.22,0.84
34697,0.06,0.25
34698,0.43,0.54
34699,0.04,0.28
34700,0.19,0.26
34701,0.02,0.21
34702,0.05,0.1
34703,0.04,0.09
34704,0.08,0.66
34705,0.21,0.94
34706,0.29,0.69
34707,0.02,0.04
34708,0.05,0.42
34709,0.06,0.12
34710,0.03,0.09
34711,0.72,0.8
34712,0.41,0.71
34713,0.07,0.21
34714,0.11,0.21
34715,0.09,0.28
34716,0.34,0.71
34717,0.03,0.51
34718,0.14,0.25
34719,0.16,0.57
34720,0.31,0.65
34721,0.08,0.09
34722,0.05,0.11
34723,0.07,0.14
34724,0.67,0.75
34725,0.46,0.9
34726,0.16,0.25
34727,0.13,0.79
34728,0.11,0.79
34729,0.67,0.83
34730,0.05,0.11
34731,0.07,0.13
34732,0.11,0.26
34733,0.26,0.72
34734,0.12,0.79
34735,0.14,0.89
34736,0.01,0.95
34737,0.01,0.17
34738,0.02,0.08
34739,0.01,0.1
34740,0.11,0.36
34741,0.06,0.14
34742,0.18,0.67
34743,0.01,0.16
34744,0.1,0.21
34745,0.1,0.34
34746,0.12,0.4
34747,0.23,0.41
34748,0.52,0.77
34749,0.17,0.17
34750,0.1,0.6
34751,0.44,0.56
34752,0.48,0.85
34753,0.49,0.85
34754,0.08,0.34
34755,0.44,0.86
34756,0.33,0.41
34757,0.14,0.53
34758,0.18,0.61
34759,0.07,0.49
34760,0.41,0.57
34761,0.01,0.04
34762,0.35,0.75
34763,0.47,0.71
34764,0.07,0.08
34765,0.22,0.39
34766,0.37,0.77
34767,0.14,0.7
34768,0.48,0.86
34769,0.27,0.52
34770,0.05,0.48
34771,0.15,0.88
34772,0.21,0.37
34773,0.34,0.87
34774,0.51,0.74
34775,0.22,0.34
34776,0.27,0.27
34777,0.04,0.16
34778,0.48,0.75
34779,0.14,0.28
34780,0.26,0.17
34781,0.17,0.95
34782,0.1,0.03
34783,0.17,0.32
34784,0.04,0.15
34785,0.08,0.19
34786,0.77,0.83
34787,0.02,0.52
34788,0.42,0.78
34789,0.1,0.64
34790,0.57,0.6
34791,0.04,0.08
34792,0.09,0.14
34793,0.56,0.58
34794,0.05,0.37
34795,0.18,0.43
34796,0.17,0.78
34797,0.07,0.49
34798,0.38,0.9
34799,0.39,0.66
34800,0.1,0.56
34801,0.2,0.39
34802,0.17,0.2
34803,0.5,0.83
34804,0.48,0.75
34805,0.14,0.31
34806,0.24,0.71
34807,0.24,0.8
34808,0.33,0.4
34809,0.21,0.22
34810,0.47,0.56
34811,0.06,0.73
34812,0.14,0.33
34813,0.06,0.17
34814,0.05,0.19
34815,0.41,0.64
34816,0.15,0.39
34817,0.09,0.14
34818,0.08,0.51
34819,0.03,0.13
34820,0.12,0.13
34821,0.03,0.11
34822,0.05,0.34
34823,0.24,0.11
34824,0.09,0.24
34825,0.01,0.17
34826,0.06,0.04
34827,0.29,0.59
34828,0.1,0.3
34829,0.58,0.8
34830,0.43,0.77
34831,0.16,0.62
34832,0.09,0.46
34833,0.09,0.21
34834,0.05,0.17
34835,0.18,0.53
34836,0.12,0.69
34837,0.24,0.38
34838,0.06,0.12
34839,0.29,0.5
34840,0.14,0.63
34841,0.07,0.08
34842,0.01,0.05
34843,0.18,0.26
34844,0.23,0.75
34845,0.05,0.2
34846,0.2,0.56
34847,0.55,0.83
34848,0.02,0.14
34849,0.47,0.86
34850,0.32,0.28
34851,0.12,0.44
34852,0.2,0.44
34853,0.12,0.18
34854,0.24,0.53
34855,0.2,0.38
34856,0.58,0.66
34857,0.02,0.1
34858,0.06,0.35
34859,0.14,0.46
34860,0.64,0.83
34861,0.05,0.49
34862,0.19,0.21
34863,0.02,0.14
34864,0.81,0.88
34865,0.64,0.83
34866,0.88,0.89
34867,0.14,0.17
34868,0.49,0.64
34869,0.12,0.65
34870,0.06,0.3
34871,0.01,0.19
34872,0.52,0.8
34873,0.25,0.23
34874,0.23,0.48
34875,0.38,0.63
34876,0.27,0.64
34877,0.27,0.45
34878,0.2,0.87
34879,0.02,0.29
34880,0.1,0.12
34881,0.53,0.77
34882,0.11,0.13
34883,0.02,0.28
34884,0.12,0.3
34885,0.79,0.84
34886,0.46,0.79
34887,0.1,0.26
34888,0.42,0.88
34889,0.24,0.22
34890,0.14,0.1
34891,0.04,0.1
34892,0.72,0.95
34893,0.14,0.43
34894,0.07,0.25
34895,0.64,0.87
34896,0.1,0.54
34897,0.73,0.75
34898,0.05,0.81
34899,0.55,0.83
34900,0.21,0.44
34901,0.06,0.13
34902,0.06,0.26
34903,0.14,0.14
34904,0.1,0.15
34905,0.13,0.19
34906,0.14,0.38
34907,0.08,0.09
34908,0.06,0.12
34909,0.05,0.21
34910,0.46,0.56
34911,0.6,0.41
34912,0.13,0.17
34913,0.27,0.23
34914,0.14,0.67
34915,0.18,0.31
34916,0.2,0.71
34917,0.33,0.87
34918,0.24,0.39
34919,0.31,0.52
34920,0.72,0.91
34921,0.35,0.69
34922,0.09,0.27
34923,0.06,0.52
34924,0.33,0.56
34925,0.03,0.14
34926,0.19,0.55
34927,0.14,0.9
34928,0.13,0.45
34929,0.08,0.66
34930,0.28,0.78
34931,0.24,0.51
34932,0.07,0.64
34933,0.2,0.35
34934,0.06,0.1
34935,0.29,0.65
34936,0.2,0.71
34937,0.07,0.04
34938,0.46,0.89
34939,0.1,0.2
34940,0.54,0.85
34941,0.05,0.05
34942,0.45,0.7
34943,0.0,0.38
34944,0.24,0.18
34945,0.19,0.21
34946,0.3,0.38
34947,0.21,0.2
34948,0.32,0.4
34949,0.1,0.23
34950,0.1,0.38
34951,0.15,0.54
34952,0.23,0.77
34953,0.36,0.6
34954,0.49,0.9
34955,0.02,0.33
34956,0.63,0.9
34957,0.6,0.75
34958,0.2,0.57
34959,0.23,0.27
34960,0.11,0.74
34961,0.17,0.78
34962,0.43,0.68
34963,0.09,0.85
34964,0.02,0.06
34965,0.03,0.2
34966,0.04,0.37
34967,0.24,0.26
34968,0.14,0.43
34969,0.12,0.26
34970,0.22,0.46
34971,0.25,0.38
34972,0.12,0.37
34973,0.16,0.21
34974,0.39,0.7
34975,0.25,0.18
34976,0.01,0.25
34977,0.21,0.16
34978,0.2,0.47
34979,0.14,0.15
34980,0.72,0.79
34981,0.07,0.73
34982,0.56,0.67
34983,0.03,0.25
34984,0.35,0.7
34985,0.18,0.64
34986,0.5,0.61
34987,0.02,0.02
34988,0.29,0.58
34989,0.06,0.26
34990,0.09,0.51
34991,0.48,0.45
34992,0.17,0.87
34993,0.13,0.69
34994,0.3,0.86
34995,0.26,0.75
34996,0.73,0.87
34997,0.37,0.29
34998,0.4,0.48
34999,0.09,0.51
35000,0.22,0.42
35001,0.01,0.27
35002,0.1,0.75
35003,0.26,0.51
35004,0.08,0.18
35005,0.12,0.4
35006,0.18,0.49
35007,0.08,0.1
35008,0.21,0.38
35009,0.12,0.76
35010,0.12,0.27
35011,0.14,0.41
35012,0.6,0.6
35013,0.01,0.44
35014,0.07,0.17
35015,0.3,0.46
35016,0.1,0.25
35017,0.63,0.76
35018,0.04,0.05
35019,0.07,0.82
35020,0.6,0.85
35021,0.01,0.11
35022,0.01,0.26
35023,0.14,0.19
35024,0.3,0.36
35025,0.05,0.12
35026,0.06,0.13
35027,0.07,0.24
35028,0.65,0.88
35029,0.53,0.74
35030,0.36,0.62
35031,0.06,0.2
35032,0.24,0.47
35033,0.15,0.56
35034,0.15,0.37
35035,0.08,0.79
35036,0.16,0.44
35037,0.08,0.61
35038,0.16,0.16
35039,0.67,0.66
35040,0.15,0.14
35041,0.32,0.32
35042,0.03,0.14
35043,0.05,0.58
35044,0.07,0.26
35045,0.01,0.06
35046,0.62,0.7
35047,0.49,0.61
35048,0.11,0.46
35049,0.34,0.69
35050,0.03,0.07
35051,0.14,0.31
35052,0.1,0.24
35053,0.13,0.86
35054,0.03,0.09
35055,0.19,0.53
35056,0.12,0.21
35057,0.04,0.04
35058,0.44,0.44
35059,0.11,0.22
35060,0.2,0.26
35061,0.11,0.31
35062,0.26,0.85
35063,0.11,0.17
35064,0.22,0.2
35065,0.44,0.59
35066,0.08,0.3
35067,0.05,0.21
35068,0.09,0.54
35069,0.1,0.15
35070,0.48,0.67
35071,0.39,0.34
35072,0.56,0.68
35073,0.37,0.2
35074,0.46,0.37
35075,0.05,0.09
35076,0.1,0.32
35077,0.04,0.07
35078,0.37,0.62
35079,0.72,0.83
35080,0.27,0.43
35081,0.09,0.57
35082,0.04,0.09
35083,0.16,0.22
35084,0.58,0.87
35085,0.1,0.71
35086,0.06,0.16
35087,0.03,0.71
35088,0.33,0.87
35089,0.09,0.13
35090,0.57,0.87
35091,0.1,0.24
35092,0.12,0.69
35093,0.03,0.12
35094,0.1,0.58
35095,0.31,0.53
35096,0.03,0.94
35097,0.69,0.93
35098,0.33,0.58
35099,0.04,0.06
35100,0.24,0.69
35101,0.28,0.57
35102,0.06,0.07
35103,0.05,0.15
35104,0.17,0.91
35105,0.08,0.56
35106,0.09,0.51
35107,0.18,0.44
35108,0.05,0.54
35109,0.44,0.28
35110,0.29,0.37
35111,0.53,0.87
35112,0.19,0.76
35113,0.17,0.23
35114,0.67,0.88
35115,0.12,0.75
35116,0.06,0.06
35117,0.08,0.21
35118,0.21,0.83
35119,0.01,0.31
35120,0.06,0.15
35121,0.52,0.82
35122,0.03,0.07
35123,0.52,0.54
35124,0.18,0.73
35125,0.23,0.51
35126,0.19,0.36
35127,0.09,0.3
35128,0.13,0.78
35129,0.31,0.48
35130,0.23,0.22
35131,0.07,0.3
35132,0.46,0.8
35133,0.15,0.11
35134,0.33,0.69
35135,0.23,0.15
35136,0.44,0.78
35137,0.6,0.66
35138,0.06,0.16
35139,0.04,0.54
35140,0.13,0.59
35141,0.07,0.8
35142,0.02,0.16
35143,0.01,0.13
35144,0.15,0.3
35145,0.08,0.74
35146,0.16,0.65
35147,0.01,0.08
35148,0.05,0.12
35149,0.11,0.56
35150,0.25,0.43
35151,0.2,0.8
35152,0.1,0.16
35153,0.08,0.47
35154,0.45,0.86
35155,0.08,0.88
35156,0.33,0.19
35157,0.26,0.37
35158,0.56,0.64
35159,0.0,0.1
35160,0.04,0.92
35161,0.0,0.07
35162,0.39,0.79
35163,0.2,0.5
35164,0.12,0.45
35165,0.4,0.53
35166,0.02,0.14
35167,0.1,0.24
35168,0.08,0.17
35169,0.08,0.05
35170,0.15,0.45
35171,0.7,0.61
35172,0.22,0.33
35173,0.5,0.75
35174,0.06,0.16
35175,0.0,0.3
35176,0.2,0.49
35177,0.04,0.08
35178,0.01,0.07
35179,0.24,0.72
35180,0.06,0.94
35181,0.03,0.35
35182,0.16,0.33
35183,0.45,0.63
35184,0.05,0.15
35185,0.12,0.14
35186,0.19,0.94
35187,0.52,0.85
35188,0.56,0.73
35189,0.5,0.69
35190,0.08,0.06
35191,0.08,0.12
35192,0.12,0.48
35193,0.08,0.27
35194,0.06,0.09
35195,0.17,0.21
35196,0.22,0.43
35197,0.33,0.64
35198,0.13,0.46
35199,0.06,0.35
35200,0.23,0.84
35201,0.05,0.08
35202,0.06,0.92
35203,0.07,0.87
35204,0.12,0.54
35205,0.28,0.37
35206,0.25,0.73
35207,0.47,0.77
35208,0.18,0.36
35209,0.07,0.6
35210,0.29,0.73
35211,0.18,0.55
35212,0.5,0.73
35213,0.1,0.38
35214,0.1,0.17
35215,0.02,0.08
35216,0.05,0.73
35217,0.16,0.58
35218,0.55,0.61
35219,0.19,0.58
35220,0.02,0.09
35221,0.08,0.73
35222,0.15,0.14
35223,0.43,0.87
35224,0.07,0.28
35225,0.67,0.91
35226,0.05,0.07
35227,0.23,0.41
35228,0.23,0.27
35229,0.3,0.67
35230,0.06,0.12
35231,0.4,0.62
35232,0.15,0.38
35233,0.2,0.58
35234,0.18,0.14
35235,0.16,0.39
35236,0.05,0.19
35237,0.03,0.1
35238,0.31,0.78
35239,0.08,0.23
35240,0.24,0.89
35241,0.05,0.08
35242,0.08,0.17
35243,0.44,0.75
35244,0.24,0.48
35245,0.12,0.75
35246,0.05,0.25
35247,0.13,0.3
35248,0.53,0.57
35249,0.24,0.67
35250,0.12,0.23
35251,0.03,0.12
35252,0.02,0.15
35253,0.69,0.7
35254,0.26,0.64
35255,0.13,0.31
35256,0.02,0.12
35257,0.22,0.31
35258,0.16,0.21
35259,0.37,0.79
35260,0.76,0.93
35261,0.22,0.21
35262,0.29,0.5
35263,0.01,0.06
35264,0.17,0.47
35265,0.21,0.67
35266,0.82,0.85
35267,0.18,0.67
35268,0.45,0.3
35269,0.03,0.06
35270,0.5,0.45
35271,0.05,0.5
35272,0.58,0.81
35273,0.3,0.12
35274,0.33,0.33
35275,0.05,0.15
35276,0.48,0.7
35277,0.2,0.72
35278,0.06,0.12
35279,0.36,0.68
35280,0.04,0.73
35281,0.0,0.19
35282,0.14,0.29
35283,0.26,0.18
35284,0.47,0.29
35285,0.07,0.27
35286,0.52,0.88
35287,0.15,0.42
35288,0.19,0.7
35289,0.05,0.03
35290,0.08,0.11
35291,0.09,0.68
35292,0.07,0.37
35293,0.02,0.03
35294,0.56,0.58
35295,0.06,0.08
35296,0.05,0.38
35297,0.1,0.14
35298,0.1,0.25
35299,0.1,0.17
35300,0.06,0.58
35301,0.04,0.18
35302,0.08,0.48
35303,0.13,0.32
35304,0.26,0.92
35305,0.02,0.09
35306,0.04,0.08
35307,0.07,0.47
35308,0.14,0.33
35309,0.46,0.39
35310,0.04,0.5
35311,0.16,0.46
35312,0.07,0.17
35313,0.58,0.95
35314,0.07,0.28
35315,0.06,0.19
35316,0.12,0.55
35317,0.13,0.43
35318,0.12,0.1
35319,0.62,0.73
35320,0.09,0.69
35321,0.12,0.14
35322,0.01,0.08
35323,0.08,0.34
35324,0.76,0.99
35325,0.19,0.56
35326,0.77,0.94
35327,0.41,0.79
35328,0.22,0.26
35329,0.14,0.63
35330,0.15,0.33
35331,0.06,0.12
35332,0.3,0.39
35333,0.53,0.84
35334,0.13,0.1
35335,0.03,0.39
35336,0.27,0.36
35337,0.4,0.51
35338,0.55,0.84
35339,0.0,0.07
35340,0.36,0.75
35341,0.12,0.17
35342,0.07,0.32
35343,0.07,0.28
35344,0.22,0.67
35345,0.06,0.3
35346,0.05,0.46
35347,0.2,0.71
35348,0.04,0.18
35349,0.46,0.52
35350,0.29,0.5
35351,0.04,0.71
35352,0.13,0.72
35353,0.04,0.08
35354,0.4,0.67
35355,0.06,0.08
35356,0.18,0.25
35357,0.15,0.69
35358,0.31,0.7
35359,0.53,0.77
35360,0.27,0.52
35361,0.25,0.26
35362,0.46,0.4
35363,0.53,0.8
35364,0.09,0.65
35365,0.14,0.79
35366,0.12,0.18
35367,0.07,0.24
35368,0.09,0.34
35369,0.18,0.74
35370,0.37,0.84
35371,0.13,0.19
35372,0.14,0.08
35373,0.2,0.39
35374,0.02,0.13
35375,0.13,0.6
35376,0.11,0.63
35377,0.45,0.59
35378,0.44,0.6
35379,0.14,0.85
35380,0.46,0.83
35381,0.1,0.46
35382,0.31,0.65
35383,0.07,0.21
35384,0.17,0.26
35385,0.08,0.46
35386,0.11,0.55
35387,0.04,0.09
35388,0.27,0.19
35389,0.04,0.14
35390,0.07,0.29
35391,0.1,0.16
35392,0.05,0.26
35393,0.25,0.27
35394,0.83,0.97
35395,0.26,0.41
35396,0.12,0.39
35397,0.03,0.09
35398,0.08,0.38
35399,0.03,0.78
35400,0.37,0.91
35401,0.45,0.78
35402,0.2,0.59
35403,0.13,0.5
35404,0.18,0.36
35405,0.15,0.38
35406,0.05,0.02
35407,0.24,0.75
35408,0.03,0.25
35409,0.62,0.9
35410,0.61,0.69
35411,0.23,0.27
35412,0.03,0.92
35413,0.09,0.15
35414,0.09,0.29
35415,0.11,0.59
35416,0.31,0.25
35417,0.02,0.08
35418,0.22,0.57
35419,0.11,0.64
35420,0.05,0.06
35421,0.03,0.12
35422,0.22,0.93
35423,0.18,0.13
35424,0.16,0.11
35425,0.16,0.19
35426,0.06,0.41
35427,0.03,0.3
35428,0.14,0.21
35429,0.19,0.77
35430,0.18,0.33
35431,0.29,0.78
35432,0.52,0.6
35433,0.65,0.44
35434,0.11,0.62
35435,0.27,0.89
35436,0.11,0.68
35437,0.08,0.54
35438,0.11,0.23
35439,0.04,0.31
35440,0.09,0.26
35441,0.27,0.78
35442,0.17,0.45
35443,0.05,0.2
35444,0.18,0.88
35445,0.36,0.91
35446,0.18,0.39
35447,0.17,0.31
35448,0.01,0.1
35449,0.73,0.86
35450,0.18,0.69
35451,0.22,0.33
35452,0.08,0.17
35453,0.08,0.65
35454,0.03,0.1
35455,0.05,0.29
35456,0.27,0.77
35457,0.05,0.05
35458,0.07,0.18
35459,0.36,0.82
35460,0.66,0.82
35461,0.27,0.42
35462,0.06,0.96
35463,0.65,0.83
35464,0.27,0.67
35465,0.1,0.63
35466,0.22,0.33
35467,0.12,0.68
35468,0.09,0.3
35469,0.39,0.57
35470,0.4,0.44
35471,0.0,0.06
35472,0.23,0.37
35473,0.06,0.14
35474,0.32,0.29
35475,0.4,0.77
35476,0.16,0.7
35477,0.04,0.13
35478,0.15,0.71
35479,0.03,0.06
35480,0.07,0.19
35481,0.75,0.88
35482,0.12,0.93
35483,0.15,0.1
35484,0.48,0.84
35485,0.21,0.25
35486,0.36,0.54
35487,0.39,0.77
35488,0.02,0.1
35489,0.1,0.48
35490,0.23,0.72
35491,0.02,0.4
35492,0.08,0.08
35493,0.04,0.71
35494,0.1,0.19
35495,0.51,0.57
35496,0.08,0.19
35497,0.07,0.09
35498,0.31,0.4
35499,0.2,0.27
35500,0.29,0.32
35501,0.4,0.3
35502,0.18,0.13
35503,0.61,0.77
35504,0.09,0.69
35505,0.07,0.22
35506,0.26,0.28
35507,0.5,0.92
35508,0.13,0.37
35509,0.4,0.77
35510,0.1,0.21
35511,0.11,0.24
35512,0.1,0.92
35513,0.21,0.8
35514,0.14,0.51
35515,0.16,0.82
35516,0.44,0.68
35517,0.55,0.95
35518,0.17,0.34
35519,0.2,0.41
35520,0.42,0.75
35521,0.53,0.8
35522,0.52,0.84
35523,0.3,0.54
35524,0.24,0.39
35525,0.07,0.2
35526,0.17,0.83
35527,0.3,0.41
35528,0.15,0.87
35529,0.59,0.77
35530,0.13,0.79
35531,0.18,0.49
35532,0.15,0.67
35533,0.14,0.26
35534,0.15,0.24
35535,0.09,0.08
35536,0.81,0.87
35537,0.06,0.07
35538,0.86,0.83
35539,0.02,0.12
35540,0.25,0.65
35541,0.22,0.63
35542,0.24,0.21
35543,0.15,0.12
35544,0.38,0.58
35545,0.07,0.67
35546,0.21,0.28
35547,0.09,0.08
35548,0.13,0.65
35549,0.21,0.51
35550,0.35,0.68
35551,0.02,0.04
35552,0.11,0.85
35553,0.44,0.94
35554,0.47,0.66
35555,0.23,0.28
35556,0.0,0.07
35557,0.02,0.16
35558,0.03,0.07
35559,0.05,0.13
35560,0.39,0.46
35561,0.07,0.16
35562,0.14,0.28
35563,0.04,0.42
35564,0.17,0.21
35565,0.12,0.46
35566,0.06,0.79
35567,0.05,0.11
35568,0.13,0.63
35569,0.5,0.79
35570,0.17,0.32
35571,0.13,0.63
35572,0.16,0.73
35573,0.43,0.76
35574,0.01,0.11
35575,0.2,0.78
35576,0.04,0.11
35577,0.11,0.7
35578,0.08,0.18
35579,0.03,0.06
35580,0.21,0.26
35581,0.21,0.78
35582,0.57,0.98
35583,0.19,0.26
35584,0.25,0.62
35585,0.22,0.14
35586,0.72,0.96
35587,0.34,0.4
35588,0.06,0.51
35589,0.11,0.57
35590,0.26,0.21
35591,0.16,0.31
35592,0.1,0.29
35593,0.02,0.09
35594,0.1,0.62
35595,0.34,0.28
35596,0.43,0.66
35597,0.17,0.54
35598,0.11,0.25
35599,0.16,0.83
35600,0.25,0.6
35601,0.5,0.78
35602,0.4,0.27
35603,0.19,0.51
35604,0.71,0.86
35605,0.15,0.78
35606,0.13,0.77
35607,0.05,0.15
35608,0.63,0.86
35609,0.2,0.6
35610,0.13,0.59
35611,0.07,0.41
35612,0.06,0.29
35613,0.17,0.25
35614,0.33,0.69
35615,0.25,0.39
35616,0.52,0.48
35617,0.13,0.11
35618,0.25,0.49
35619,0.17,0.43
35620,0.39,0.45
35621,0.14,0.66
35622,0.26,0.75
35623,0.24,0.48
35624,0.35,0.57
35625,0.15,0.55
35626,0.15,0.78
35627,0.11,0.84
35628,0.26,0.17
35629,0.02,0.51
35630,0.0,0.14
35631,0.01,0.02
35632,0.27,0.32
35633,0.12,0.27
35634,0.07,0.14
35635,0.52,0.94
35636,0.24,0.68
35637,0.27,0.39
35638,0.09,0.3
35639,0.6,0.7
35640,0.14,0.27
35641,0.06,0.09
35642,0.12,0.14
35643,0.34,0.73
35644,0.06,0.09
35645,0.38,0.82
35646,0.14,0.19
35647,0.19,0.35
35648,0.32,0.73
35649,0.11,0.25
35650,0.16,0.91
35651,0.18,0.21
35652,0.39,0.73
35653,0.82,0.98
35654,0.03,0.33
35655,0.04,0.49
35656,0.21,0.29
35657,0.13,0.85
35658,0.09,0.29
35659,0.07,0.28
35660,0.4,0.58
35661,0.04,0.08
35662,0.21,0.24
35663,0.02,0.03
35664,0.51,0.73
35665,0.05,0.32
35666,0.06,0.15
35667,0.23,0.74
35668,0.07,0.12
35669,0.78,0.99
35670,0.19,0.51
35671,0.12,0.74
35672,0.26,0.43
35673,0.03,0.3
35674,0.04,1.0
35675,0.3,0.5
35676,0.3,0.68
35677,0.3,0.29
35678,0.05,0.38
35679,0.23,0.29
35680,0.02,0.11
35681,0.65,0.91
35682,0.09,0.17
35683,0.27,0.35
35684,0.09,0.48
35685,0.03,0.1
35686,0.35,0.72
35687,0.18,0.4
35688,0.05,0.13
35689,0.06,0.2
35690,0.04,0.33
35691,0.56,0.83
35692,0.11,0.18
35693,0.61,0.55
35694,0.84,0.98
35695,0.7,0.98
35696,0.07,0.39
35697,0.14,0.64
35698,0.03,0.48
35699,0.03,0.07
35700,0.03,0.04
35701,0.07,0.14
35702,0.01,0.08
35703,0.12,0.24
35704,0.75,0.96
35705,0.08,0.41
35706,0.14,0.3
35707,0.24,0.93
35708,0.58,0.79
35709,0.04,0.04
35710,0.09,0.14
35711,0.08,0.85
35712,0.04,0.06
35713,0.11,0.2
35714,0.24,0.81
35715,0.37,0.54
35716,0.02,0.19
35717,0.03,0.32
35718,0.18,0.27
35719,0.07,0.13
35720,0.25,0.68
35721,0.08,0.33
35722,0.13,0.11
35723,0.36,0.86
35724,0.1,0.29
35725,0.11,0.13
35726,0.28,0.45
35727,0.09,0.36
35728,0.07,0.29
35729,0.06,0.72
35730,0.08,0.29
35731,0.1,0.83
35732,0.01,0.09
35733,0.13,0.64
35734,0.49,0.63
35735,0.03,0.06
35736,0.22,0.18
35737,0.62,0.52
35738,0.05,0.17
35739,0.18,0.69
35740,0.11,0.69
35741,0.07,0.15
35742,0.38,0.76
35743,0.03,0.42
35744,0.09,0.41
35745,0.04,0.29
35746,0.11,0.22
35747,0.09,0.25
35748,0.23,0.31
35749,0.08,0.08
35750,0.2,0.19
35751,0.0,0.05
35752,0.11,0.45
35753,0.09,0.84
35754,0.09,0.24
35755,0.02,0.11
35756,0.62,0.97
35757,0.47,0.38
35758,0.03,0.12
35759,0.39,0.9
35760,0.22,0.48
35761,0.6,0.64
35762,0.6,0.73
35763,0.36,0.54
35764,0.31,0.6
35765,0.1,0.78
35766,0.58,0.78
35767,0.11,0.48
35768,0.08,0.95
35769,0.31,0.75
35770,0.51,0.84
35771,0.17,0.27
35772,0.2,0.26
35773,0.18,0.47
35774,0.24,0.46
35775,0.39,0.67
35776,0.18,0.44
35777,0.26,0.78
35778,0.09,0.25
35779,0.37,0.47
35780,0.31,0.38
35781,0.69,0.5
35782,0.15,0.57
35783,0.32,0.51
35784,0.66,0.78
35785,0.1,0.18
35786,0.08,0.39
35787,0.11,0.85
35788,0.12,0.84
35789,0.26,0.19
35790,0.44,0.59
35791,0.28,0.96
35792,0.06,0.41
35793,0.18,0.76
35794,0.11,0.28
35795,0.26,0.67
35796,0.05,0.15
35797,0.06,0.13
35798,0.06,0.28
35799,0.03,0.13
35800,0.37,0.38
35801,0.09,0.25
35802,0.02,0.13
35803,0.17,0.74
35804,0.04,0.25
35805,0.12,0.53
35806,0.13,0.45
35807,0.12,0.35
35808,0.16,0.69
35809,0.16,0.31
35810,0.2,0.58
35811,0.13,0.51
35812,0.14,0.26
35813,0.18,0.35
35814,0.34,0.78
35815,0.25,0.58
35816,0.64,0.76
35817,0.04,0.29
35818,0.13,0.43
35819,0.48,0.73
35820,0.27,0.69
35821,0.45,0.61
35822,0.72,0.72
35823,0.37,0.66
35824,0.18,0.4
35825,0.91,0.91
35826,0.03,0.3
35827,0.08,0.48
35828,0.04,0.05
35829,0.03,0.1
35830,0.08,0.49
35831,0.08,0.14
35832,0.17,0.42
35833,0.19,0.25
35834,0.07,0.66
35835,0.03,0.6
35836,0.59,0.73
35837,0.1,0.34
35838,0.0,0.03
35839,0.26,0.42
35840,0.09,0.17
35841,0.33,0.65
35842,0.49,0.5
35843,0.71,0.8
35844,0.05,0.26
35845,0.02,0.12
35846,0.01,0.07
35847,0.21,0.69
35848,0.16,0.94
35849,0.23,0.31
35850,0.1,0.79
35851,0.37,0.23
35852,0.06,0.21
35853,0.1,0.46
35854,0.22,0.84
35855,0.03,0.31
35856,0.53,0.5
35857,0.03,0.1
35858,0.14,0.41
35859,0.12,0.44
35860,0.2,0.27
35861,0.81,0.85
35862,0.3,0.56
35863,0.88,0.97
35864,0.38,0.74
35865,0.33,0.73
35866,0.03,0.2
35867,0.08,0.22
35868,0.06,0.28
35869,0.1,0.21
35870,0.11,0.82
35871,0.43,0.75
35872,0.04,0.24
35873,0.08,0.58
35874,0.49,0.88
35875,0.06,0.2
35876,0.33,0.36
35877,0.2,0.25
35878,0.67,0.86
35879,0.19,0.83
35880,0.38,0.79
35881,0.35,0.77
35882,0.46,0.92
35883,0.23,0.67
35884,0.05,0.36
35885,0.11,0.28
35886,0.1,0.19
35887,0.18,0.63
35888,0.16,0.49
35889,0.3,0.63
35890,0.25,0.54
35891,0.19,0.75
35892,0.17,0.39
35893,0.21,0.8
35894,0.38,0.66
35895,0.15,0.61
35896,0.22,0.5
35897,0.2,0.34
35898,0.25,0.38
35899,0.0,0.07
35900,0.08,0.15
35901,0.25,0.69
35902,0.08,0.13
35903,0.15,0.78
35904,0.24,0.67
35905,0.07,0.45
35906,0.29,0.43
35907,0.11,0.89
35908,0.05,0.29
35909,0.11,0.45
35910,0.43,0.81
35911,0.28,0.79
35912,0.26,0.29
35913,0.1,0.06
35914,0.3,0.52
35915,0.3,0.44
35916,0.28,0.41
35917,0.07,0.04
35918,0.36,0.7
35919,0.27,0.28
35920,0.1,0.59
35921,0.15,0.32
35922,0.06,0.3
35923,0.18,0.31
35924,0.05,0.17
35925,0.49,0.93
35926,0.14,0.81
35927,0.17,0.75
35928,0.02,0.33
35929,0.34,0.55
35930,0.1,0.78
35931,0.73,0.8
35932,0.64,0.9
35933,0.05,0.19
35934,0.04,0.31
35935,0.14,0.23
35936,0.0,0.04
35937,0.04,0.11
35938,0.22,0.29
35939,0.08,0.07
35940,0.13,0.16
35941,0.09,0.34
35942,0.06,0.13
35943,0.08,0.73
35944,0.03,0.14
35945,0.07,0.12
35946,0.2,0.62
35947,0.58,0.97
35948,0.16,0.75
35949,0.17,0.62
35950,0.53,0.66
35951,0.07,0.26
35952,0.07,0.87
35953,0.08,0.24
35954,0.04,0.18
35955,0.84,0.93
35956,0.73,0.9
35957,0.09,0.04
35958,0.09,0.71
35959,0.04,0.17
35960,0.14,0.85
35961,0.02,0.06
35962,0.06,0.18
35963,0.04,0.14
35964,0.09,0.22
35965,0.15,0.9
35966,0.17,0.75
35967,0.04,0.11
35968,0.07,0.18
35969,0.6,0.75
35970,0.25,0.86
35971,0.41,0.53
35972,0.28,0.83
35973,0.04,0.07
35974,0.1,0.42
35975,0.13,0.12
35976,0.01,0.04
35977,0.05,0.09
35978,0.1,0.27
35979,0.56,0.91
35980,0.22,0.67
35981,0.15,0.51
35982,0.14,0.74
35983,0.03,0.67
35984,0.01,0.03
35985,0.36,0.57
35986,0.06,0.33
35987,0.12,0.55
35988,0.2,0.25
35989,0.12,0.44
35990,0.12,0.14
35991,0.31,0.45
35992,0.15,0.16
35993,0.32,0.25
35994,0.62,0.88
35995,0.14,0.4
35996,0.67,0.91
35997,0.5,0.9
35998,0.28,0.5
35999,0.02,0.13
36000,0.15,0.11
36001,0.02,0.17
36002,0.21,0.28
36003,0.55,0.99
36004,0.25,0.32
36005,0.03,0.72
36006,0.22,0.38
36007,0.25,0.58
36008,0.08,0.66
36009,0.16,0.44
36010,0.22,0.41
36011,0.03,0.11
36012,0.12,0.59
36013,0.16,0.34
36014,0.12,0.2
36015,0.15,0.62
36016,0.21,0.91
36017,0.07,0.15
36018,0.18,0.51
36019,0.21,0.3
36020,0.07,0.52
36021,0.11,0.27
36022,0.34,0.65
36023,0.16,0.79
36024,0.55,0.8
36025,0.1,0.82
36026,0.04,0.1
36027,0.05,0.57
36028,0.08,0.07
36029,0.31,0.71
36030,0.03,0.07
36031,0.1,0.33
36032,0.01,0.04
36033,0.04,0.81
36034,0.04,0.14
36035,0.08,0.22
36036,0.18,0.81
36037,0.53,0.66
36038,0.24,0.65
36039,0.06,0.26
36040,0.47,0.89
36041,0.14,0.25
36042,0.28,0.77
36043,0.71,0.91
36044,0.28,0.83
36045,0.39,0.48
36046,0.25,0.57
36047,0.17,0.48
36048,0.12,0.83
36049,0.02,0.82
36050,0.83,0.97
36051,0.12,0.36
36052,0.24,0.2
36053,0.6,0.67
36054,0.05,0.26
36055,0.04,0.24
36056,0.01,0.12
36057,0.07,0.09
36058,0.1,0.06
36059,0.48,0.64
36060,0.2,0.45
36061,0.16,0.57
36062,0.05,0.72
36063,0.16,0.83
36064,0.42,0.41
36065,0.68,0.78
36066,0.16,0.69
36067,0.3,0.58
36068,0.21,0.18
36069,0.03,0.08
36070,0.15,0.52
36071,0.62,0.79
36072,0.12,0.36
36073,0.01,0.04
36074,0.1,0.74
36075,0.12,0.21
36076,0.38,0.78
36077,0.53,0.74
36078,0.15,0.3
36079,0.06,0.18
36080,0.65,0.94
36081,0.18,0.41
36082,0.17,0.3
36083,0.49,0.79
36084,0.11,0.87
36085,0.14,0.75
36086,0.06,0.06
36087,0.05,0.37
36088,0.39,0.44
36089,0.3,0.68
36090,0.06,0.22
36091,0.21,0.68
36092,0.04,0.79
36093,0.4,0.67
36094,0.04,0.13
36095,0.46,0.48
36096,0.42,0.87
36097,0.22,0.46
36098,0.22,0.87
36099,0.15,0.9
36100,0.14,0.39
36101,0.82,0.89
36102,0.02,0.1
36103,0.25,0.75
36104,0.29,0.6
36105,0.05,0.1
36106,0.13,0.61
36107,0.08,0.79
36108,0.22,0.23
36109,0.7,0.85
36110,0.06,0.24
36111,0.3,0.81
36112,0.68,0.85
36113,0.06,0.06
36114,0.31,0.52
36115,0.46,0.44
36116,0.2,0.39
36117,0.22,0.56
36118,0.06,0.57
36119,0.11,0.9
36120,0.07,0.1
36121,0.06,0.11
36122,0.38,0.61
36123,0.4,0.34
36124,0.15,0.18
36125,0.13,0.85
36126,0.12,0.27
36127,0.19,0.15
36128,0.17,0.61
36129,0.17,0.83
36130,0.39,0.61
36131,0.12,0.32
36132,0.13,0.35
36133,0.22,0.41
36134,0.06,0.48
36135,0.13,0.87
36136,0.03,0.14
36137,0.17,0.16
36138,0.17,0.89
36139,0.58,0.96
36140,0.2,0.73
36141,0.09,0.94
36142,0.07,0.22
36143,0.1,0.47
36144,0.14,0.73
36145,0.01,0.03
36146,0.82,0.96
36147,0.22,0.59
36148,0.08,0.07
36149,0.1,0.18
36150,0.08,0.92
36151,0.15,0.15
36152,0.49,0.75
36153,0.27,0.82
36154,0.26,0.67
36155,0.04,0.06
36156,0.03,0.1
36157,0.2,0.2
36158,0.17,0.76
36159,0.03,0.04
36160,0.02,0.1
36161,0.53,0.71
36162,0.75,0.88
36163,0.14,0.76
36164,0.16,0.58
36165,0.02,0.35
36166,0.07,0.41
36167,0.05,0.33
36168,0.01,0.12
36169,0.08,0.36
36170,0.31,0.16
36171,0.05,0.12
36172,0.29,0.64
36173,0.32,0.35
36174,0.05,0.11
36175,0.19,0.6
36176,0.02,0.04
36177,0.52,0.18
36178,0.26,0.8
36179,0.11,0.23
36180,0.29,0.41
36181,0.15,0.2
36182,0.25,0.17
36183,0.5,0.66
36184,0.8,0.97
36185,0.38,0.72
36186,0.15,0.18
36187,0.35,0.87
36188,0.27,0.76
36189,0.04,0.72
36190,0.34,0.6
36191,0.1,0.48
36192,0.15,0.34
36193,0.26,0.32
36194,0.32,0.4
36195,0.4,0.62
36196,0.16,0.17
36197,0.04,0.2
36198,0.81,0.85
36199,0.12,0.5
36200,0.03,0.12
36201,0.78,0.99
36202,0.42,0.64
36203,0.14,0.65
36204,0.02,0.06
36205,0.1,0.83
36206,0.02,0.91
36207,0.22,0.35
36208,0.15,0.86
36209,0.1,0.57
36210,0.05,0.23
36211,0.03,0.05
36212,0.09,0.27
36213,0.13,0.33
36214,0.52,0.88
36215,0.44,0.82
36216,0.33,0.8
36217,0.08,0.13
36218,0.21,0.63
36219,0.05,0.16
36220,0.42,0.39
36221,0.03,0.16
36222,0.06,0.13
36223,0.35,0.75
36224,0.01,0.09
36225,0.16,0.51
36226,0.04,0.73
36227,0.42,0.3
36228,0.1,0.18
36229,0.07,0.19
36230,0.06,0.24
36231,0.04,0.24
36232,0.03,0.07
36233,0.08,0.28
36234,0.08,0.23
36235,0.29,0.43
36236,0.1,0.49
36237,0.54,0.33
36238,0.02,0.14
36239,0.61,0.75
36240,0.02,0.63
36241,0.41,0.65
36242,0.01,0.03
36243,0.14,0.88
36244,0.1,0.17
36245,0.26,0.29
36246,0.86,0.96
36247,0.36,0.51
36248,0.17,0.57
36249,0.12,0.46
36250,0.36,0.48
36251,0.15,0.42
36252,0.42,0.52
36253,0.1,0.08
36254,0.54,0.91
36255,0.15,0.38
36256,0.12,0.29
36257,0.08,0.19
36258,0.11,0.16
36259,0.01,0.13
36260,0.06,0.51
36261,0.44,0.45
36262,0.57,0.9
36263,0.1,0.17
36264,0.35,0.23
36265,0.12,0.8
36266,0.06,0.89
36267,0.62,0.64
36268,0.05,0.15
36269,0.09,0.81
36270,0.65,0.85
36271,0.15,0.67
36272,0.47,0.74
36273,0.04,0.19
36274,0.18,0.62
36275,0.07,0.16
36276,0.36,0.67
36277,0.14,0.41
36278,0.04,0.26
36279,0.2,0.45
36280,0.18,0.2
36281,0.11,0.81
36282,0.63,0.55
36283,0.13,0.49
36284,0.02,0.72
36285,0.44,0.9
36286,0.62,0.6
36287,0.09,0.42
36288,0.11,0.37
36289,0.52,0.75
36290,0.03,0.13
36291,0.17,0.42
36292,0.1,0.47
36293,0.1,0.3
36294,0.45,0.73
36295,0.52,0.9
36296,0.28,0.16
36297,0.31,0.36
36298,0.12,0.38
36299,0.06,0.11
36300,0.11,0.46
36301,0.06,0.19
36302,0.02,0.11
36303,0.26,0.27
36304,0.08,0.17
36305,0.16,0.43
36306,0.52,0.67
36307,0.31,0.38
36308,0.07,0.17
36309,0.13,0.66
36310,0.07,0.21
36311,0.17,0.24
36312,0.14,0.4
36313,0.21,0.72
36314,0.37,0.21
36315,0.04,0.09
36316,0.08,0.52
36317,0.19,0.34
36318,0.17,0.24
36319,0.07,0.12
36320,0.74,0.9
36321,0.03,0.1
36322,0.53,0.76
36323,0.03,0.13
36324,0.19,0.32
36325,0.08,0.28
36326,0.13,0.93
36327,0.36,0.46
36328,0.05,0.87
36329,0.6,0.75
36330,0.3,0.84
36331,0.04,0.11
36332,0.16,0.21
36333,0.19,0.65
36334,0.28,0.4
36335,0.26,0.3
36336,0.21,0.17
36337,0.11,0.86
36338,0.02,0.47
36339,0.17,0.57
36340,0.35,0.66
36341,0.07,0.22
36342,0.25,0.26
36343,0.03,0.04
36344,0.16,0.28
36345,0.27,0.54
36346,0.13,0.53
36347,0.32,0.41
36348,0.07,0.6
36349,0.35,0.54
36350,0.08,0.35
36351,0.35,0.34
36352,0.1,0.94
36353,0.53,0.96
36354,0.25,0.64
36355,0.24,0.47
36356,0.06,0.81
36357,0.12,0.37
36358,0.13,0.61
36359,0.18,0.76
36360,0.22,0.49
36361,0.27,0.25
36362,0.43,0.54
36363,0.41,0.49
36364,0.17,0.35
36365,0.51,0.6
36366,0.32,0.17
36367,0.18,0.35
36368,0.86,0.92
36369,0.35,0.95
36370,0.09,0.6
36371,0.26,0.25
36372,0.06,0.05
36373,0.23,0.45
36374,0.06,0.21
36375,0.12,0.35
36376,0.11,0.19
36377,0.04,0.26
36378,0.08,0.23
36379,0.04,0.26
36380,0.83,0.9
36381,0.19,0.93
36382,0.08,0.22
36383,0.13,0.37
36384,0.29,0.57
36385,0.35,0.46
36386,0.21,0.45
36387,0.2,0.53
36388,0.19,0.27
36389,0.05,0.09
36390,0.41,0.74
36391,0.22,0.73
36392,0.04,0.49
36393,0.09,0.96
36394,0.18,0.8
36395,0.26,0.64
36396,0.47,0.33
36397,0.26,0.44
36398,0.27,0.19
36399,0.11,0.11
36400,0.04,0.14
36401,0.02,0.09
36402,0.15,0.32
36403,0.04,0.08
36404,0.35,0.33
36405,0.1,0.63
36406,0.14,0.79
36407,0.61,0.92
36408,0.28,0.65
36409,0.02,0.05
36410,0.35,0.78
36411,0.15,0.47
36412,0.1,0.15
36413,0.4,0.85
36414,0.12,0.33
36415,0.45,0.68
36416,0.07,0.15
36417,0.21,0.54
36418,0.01,0.0
36419,0.03,0.72
36420,0.56,0.81
36421,0.46,0.32
36422,0.07,0.29
36423,0.71,0.8
36424,0.5,0.65
36425,0.18,0.32
36426,0.46,0.58
36427,0.14,0.68
36428,0.68,0.81
36429,0.36,0.69
36430,0.29,0.4
36431,0.08,0.46
36432,0.14,0.17
36433,0.18,0.58
36434,0.18,0.34
36435,0.01,0.24
36436,0.15,0.83
36437,0.15,0.24
36438,0.43,0.18
36439,0.3,0.58
36440,0.28,0.62
36441,0.13,0.58
36442,0.02,0.17
36443,0.04,0.92
36444,0.11,0.51
36445,0.25,0.45
36446,0.09,0.26
36447,0.06,0.03
36448,0.24,0.37
36449,0.42,0.78
36450,0.36,0.53
36451,0.1,0.22
36452,0.27,0.57
36453,0.19,0.39
36454,0.02,0.07
36455,0.25,0.31
36456,0.16,0.31
36457,0.14,0.11
36458,0.06,0.4
36459,0.06,0.12
36460,0.46,0.69
36461,0.57,0.51
36462,0.29,0.55
36463,0.06,0.39
36464,0.03,0.06
36465,0.03,0.08
36466,0.11,0.41
36467,0.02,0.07
36468,0.02,0.07
36469,0.24,0.84
36470,0.2,0.6
36471,0.11,0.55
36472,0.03,0.1
36473,0.33,0.63
36474,0.7,0.92
36475,0.34,0.56
36476,0.55,0.72
36477,0.22,0.82
36478,0.22,0.59
36479,0.02,0.13
36480,0.18,0.65
36481,0.08,0.19
36482,0.1,0.7
36483,0.1,0.15
36484,0.01,0.13
36485,0.35,0.77
36486,0.06,0.15
36487,0.21,0.32
36488,0.11,0.68
36489,0.28,0.43
36490,0.75,0.81
36491,0.21,0.57
36492,0.02,0.33
36493,0.51,0.69
36494,0.17,0.15
36495,0.71,0.92
36496,0.03,0.12
36497,0.02,0.07
36498,0.38,0.43
36499,0.12,0.88
36500,0.38,0.55
36501,0.06,0.22
36502,0.3,0.16
36503,0.37,0.37
36504,0.45,0.82
36505,0.07,0.26
36506,0.29,0.27
36507,0.22,0.29
36508,0.1,0.36
36509,0.77,0.87
36510,0.13,0.21
36511,0.15,0.76
36512,0.14,0.52
36513,0.1,0.19
36514,0.07,0.28
36515,0.16,0.13
36516,0.03,0.14
36517,0.03,0.15
36518,0.46,0.57
36519,0.71,0.75
36520,0.05,0.18
36521,0.37,0.44
36522,0.13,0.66
36523,0.07,0.19
36524,0.05,0.39
36525,0.21,0.63
36526,0.12,0.84
36527,0.09,0.21
36528,0.34,0.47
36529,0.3,0.76
36530,0.16,0.41
36531,0.38,0.72
36532,0.52,0.56
36533,0.24,0.83
36534,0.09,0.11
36535,0.72,0.87
36536,0.14,0.17
36537,0.13,0.71
36538,0.03,0.56
36539,0.35,0.83
36540,0.08,0.26
36541,0.26,0.39
36542,0.35,0.58
36543,0.22,0.23
36544,0.48,0.74
36545,0.45,0.54
36546,0.08,0.53
36547,0.67,0.87
36548,0.73,0.97
36549,0.12,0.21
36550,0.11,0.22
36551,0.04,0.14
36552,0.17,0.74
36553,0.24,0.52
36554,0.13,0.29
36555,0.15,0.57
36556,0.11,0.23
36557,0.06,0.12
36558,0.19,0.88
36559,0.09,0.78
36560,0.02,0.14
36561,0.08,0.43
36562,0.01,0.27
36563,0.02,0.1
36564,0.17,0.33
36565,0.16,0.17
36566,0.12,0.26
36567,0.15,0.24
36568,0.14,0.18
36569,0.09,0.37
36570,0.01,0.52
36571,0.09,0.15
36572,0.03,0.4
36573,0.17,0.43
36574,0.08,0.69
36575,0.1,0.71
36576,0.03,0.2
36577,0.03,0.08
36578,0.3,0.44
36579,0.13,0.98
36580,0.16,0.39
36581,0.17,0.58
36582,0.38,0.79
36583,0.19,0.28
36584,0.85,0.94
36585,0.45,0.47
36586,0.1,0.3
36587,0.05,0.18
36588,0.1,0.45
36589,0.27,0.25
36590,0.0,0.18
36591,0.12,0.94
36592,0.08,0.95
36593,0.28,0.65
36594,0.38,0.59
36595,0.1,0.19
36596,0.05,0.17
36597,0.45,0.54
36598,0.04,0.5
36599,0.21,0.38
36600,0.04,0.11
36601,0.47,0.49
36602,0.06,0.15
36603,0.16,0.2
36604,0.23,0.19
36605,0.05,0.19
36606,0.09,0.4
36607,0.06,0.85
36608,0.32,0.56
36609,0.27,0.81
36610,0.07,0.34
36611,0.09,0.76
36612,0.64,0.73
36613,0.08,0.22
36614,0.18,0.13
36615,0.13,0.73
36616,0.04,0.14
36617,0.34,0.62
36618,0.28,0.62
36619,0.03,0.08
36620,0.2,0.46
36621,0.21,0.2
36622,0.19,0.3
36623,0.37,0.63
36624,0.61,0.85
36625,0.04,0.13
36626,0.43,0.59
36627,0.04,0.09
36628,0.22,0.75
36629,0.07,0.38
36630,0.08,0.51
36631,0.08,0.36
36632,0.37,0.87
36633,0.17,0.65
36634,0.11,0.45
36635,0.25,0.27
36636,0.34,0.47
36637,0.3,0.47
36638,0.03,0.1
36639,0.14,0.73
36640,0.1,0.53
36641,0.16,0.89
36642,0.12,0.64
36643,0.64,0.89
36644,0.46,0.88
36645,0.46,0.92
36646,0.12,0.88
36647,0.11,0.35
36648,0.08,0.74
36649,0.55,0.79
36650,0.13,0.62
36651,0.14,0.17
36652,0.47,0.52
36653,0.09,0.69
36654,0.09,0.28
36655,0.02,0.14
36656,0.1,0.48
36657,0.11,0.23
36658,0.13,0.41
36659,0.19,0.4
36660,0.46,0.7
36661,0.1,0.21
36662,0.06,0.86
36663,0.28,0.29
36664,0.09,0.17
36665,0.12,0.74
36666,0.32,0.37
36667,0.34,0.78
36668,0.2,0.56
36669,0.2,0.94
36670,0.0,0.07
36671,0.49,0.8
36672,0.21,0.74
36673,0.69,0.83
36674,0.36,0.65
36675,0.13,0.33
36676,0.12,0.28
36677,0.08,0.14
36678,0.58,0.65
36679,0.08,0.09
36680,0.18,0.59
36681,0.2,0.28
36682,0.13,0.15
36683,0.11,0.84
36684,0.03,0.33
36685,0.14,0.61
36686,0.17,0.2
36687,0.13,0.67
36688,0.2,0.65
36689,0.11,0.38
36690,0.77,0.98
36691,0.16,0.36
36692,0.38,0.33
36693,0.17,0.72
36694,0.04,0.11
36695,0.05,0.27
36696,0.03,0.13
36697,0.02,0.02
36698,0.04,0.32
36699,0.11,0.31
36700,0.41,0.46
36701,0.17,0.41
36702,0.09,0.15
36703,0.07,0.25
36704,0.06,0.2
36705,0.06,0.14
36706,0.33,0.8
36707,0.52,0.57
36708,0.15,0.29
36709,0.19,0.63
36710,0.21,0.83
36711,0.05,0.06
36712,0.22,0.22
36713,0.01,0.19
36714,0.17,0.38
36715,0.0,0.11
36716,0.17,0.26
36717,0.28,0.78
36718,0.13,0.57
36719,0.06,0.26
36720,0.21,0.45
36721,0.04,0.13
36722,0.27,0.8
36723,0.06,0.17
36724,0.59,0.68
36725,0.05,0.03
36726,0.06,0.85
36727,0.01,0.12
36728,0.08,0.62
36729,0.11,0.14
36730,0.53,0.82
36731,0.24,0.46
36732,0.21,0.29
36733,0.03,0.08
36734,0.31,0.23
36735,0.02,0.3
36736,0.14,0.3
36737,0.4,0.35
36738,0.66,0.94
36739,0.04,0.09
36740,0.28,0.29
36741,0.07,0.88
36742,0.48,0.66
36743,0.21,0.51
36744,0.05,0.41
36745,0.38,0.82
36746,0.6,0.73
36747,0.11,0.92
36748,0.79,0.89
36749,0.44,0.86
36750,0.22,0.55
36751,0.27,0.27
36752,0.25,0.66
36753,0.19,0.67
36754,0.07,0.13
36755,0.46,0.53
36756,0.19,0.52
36757,0.14,0.64
36758,0.02,0.07
36759,0.09,0.37
36760,0.08,0.21
36761,0.0,0.12
36762,0.24,0.6
36763,0.36,0.71
36764,0.08,0.08
36765,0.49,0.87
36766,0.16,0.85
36767,0.12,0.86
36768,0.36,0.48
36769,0.68,0.75
36770,0.04,0.08
36771,0.11,0.26
36772,0.05,0.17
36773,0.1,0.24
36774,0.05,0.31
36775,0.07,0.17
36776,0.38,0.53
36777,0.12,0.37
36778,0.06,0.13
36779,0.05,0.19
36780,0.09,0.14
36781,0.24,0.62
36782,0.3,0.9
36783,0.19,0.74
36784,0.07,0.21
36785,0.18,0.49
36786,0.12,0.94
36787,0.18,0.65
36788,0.07,0.33
36789,0.5,0.77
36790,0.09,0.1
36791,0.32,0.54
36792,0.03,0.05
36793,0.07,0.16
36794,0.11,0.23
36795,0.25,0.5
36796,0.05,0.38
36797,0.04,0.13
36798,0.14,0.77
36799,0.15,0.26
36800,0.06,0.51
36801,0.04,0.83
36802,0.2,0.24
36803,0.35,0.78
36804,0.1,0.28
36805,0.02,0.03
36806,0.11,0.6
36807,0.05,0.1
36808,0.57,0.77
36809,0.15,0.54
36810,0.03,0.28
36811,0.64,0.73
36812,0.52,0.87
36813,0.07,0.32
36814,0.15,0.82
36815,0.32,0.58
36816,0.14,0.68
36817,0.42,0.65
36818,0.23,0.75
36819,0.12,0.47
36820,0.2,0.22
36821,0.09,0.26
36822,0.21,0.24
36823,0.13,0.2
36824,0.26,0.76
36825,0.49,0.52
36826,0.04,0.46
36827,0.85,0.86
36828,0.27,0.46
36829,0.76,0.73
36830,0.72,0.81
36831,0.09,0.33
36832,0.26,0.76
36833,0.19,0.55
36834,0.22,0.31
36835,0.06,0.13
36836,0.03,0.1
36837,0.07,0.15
36838,0.59,0.64
36839,0.19,0.24
36840,0.41,0.71
36841,0.08,0.21
36842,0.06,0.13
36843,0.01,0.15
36844,0.03,0.06
36845,0.07,0.13
36846,0.17,0.8
36847,0.31,0.67
36848,0.18,0.77
36849,0.21,0.24
36850,0.03,0.15
36851,0.01,0.1
36852,0.01,0.13
36853,0.18,0.73
36854,0.67,0.82
36855,0.14,0.36
36856,0.05,0.23
36857,0.13,0.34
36858,0.03,0.14
36859,0.4,0.48
36860,0.04,0.58
36861,0.09,0.14
36862,0.21,0.72
36863,0.11,0.3
36864,0.14,0.9
36865,0.03,0.12
36866,0.11,0.16
36867,0.19,0.34
36868,0.72,0.83
36869,0.35,0.59
36870,0.15,0.15
36871,0.44,0.89
36872,0.05,0.29
36873,0.25,0.29
36874,0.4,0.17
36875,0.13,0.27
36876,0.23,0.47
36877,0.16,0.22
36878,0.39,0.53
36879,0.46,0.41
36880,0.08,0.94
36881,0.35,0.51
36882,0.07,0.2
36883,0.69,0.7
36884,0.05,0.12
36885,0.1,0.17
36886,0.16,0.36
36887,0.05,0.23
36888,0.48,0.73
36889,0.12,0.58
36890,0.17,0.65
36891,0.14,0.76
36892,0.12,0.63
36893,0.03,0.89
36894,0.2,0.29
36895,0.79,0.9
36896,0.51,0.92
36897,0.16,0.23
36898,0.3,0.05
36899,0.41,0.67
36900,0.01,0.12
36901,0.21,0.27
36902,0.33,0.72
36903,0.2,0.67
36904,0.11,0.46
36905,0.01,0.11
36906,0.04,0.08
36907,0.69,0.76
36908,0.11,0.25
36909,0.28,0.32
36910,0.1,0.19
36911,0.23,0.86
36912,0.04,0.42
36913,0.13,0.26
36914,0.05,0.48
36915,0.44,0.56
36916,0.06,0.13
36917,0.27,0.61
36918,0.26,0.35
36919,0.06,0.28
36920,0.16,0.35
36921,0.15,0.2
36922,0.28,0.75
36923,0.21,0.53
36924,0.28,0.76
36925,0.04,0.28
36926,0.12,0.31
36927,0.4,0.22
36928,0.05,0.17
36929,0.05,0.31
36930,0.17,0.39
36931,0.18,0.33
36932,0.04,0.26
36933,0.15,0.95
36934,0.05,0.11
36935,0.08,0.34
36936,0.0,0.08
36937,0.15,0.24
36938,0.22,0.74
36939,0.6,0.74
36940,0.44,0.81
36941,0.06,0.25
36942,0.07,0.23
36943,0.11,0.25
36944,0.53,0.58
36945,0.01,0.06
36946,0.12,0.15
36947,0.06,0.16
36948,0.16,0.76
36949,0.04,0.08
36950,0.25,0.2
36951,0.02,0.28
36952,0.05,0.07
36953,0.35,0.62
36954,0.26,0.76
36955,0.3,0.24
36956,0.29,0.58
36957,0.15,0.39
36958,0.13,0.18
36959,0.46,0.83
36960,0.2,0.75
36961,0.12,0.65
36962,0.07,0.65
36963,0.17,0.3
36964,0.65,0.74
36965,0.04,0.1
36966,0.02,0.36
36967,0.03,0.16
36968,0.56,0.7
36969,0.21,0.66
36970,0.05,0.22
36971,0.79,0.82
36972,0.4,0.68
36973,0.2,0.67
36974,0.77,0.88
36975,0.07,0.44
36976,0.14,0.25
36977,0.59,0.66
36978,0.43,0.72
36979,0.11,0.26
36980,0.09,0.28
36981,0.48,0.54
36982,0.01,0.15
36983,0.43,0.65
36984,0.11,0.53
36985,0.71,0.77
36986,0.09,0.23
36987,0.19,0.25
36988,0.68,0.77
36989,0.68,0.83
36990,0.47,0.6
36991,0.12,0.55
36992,0.1,0.32
36993,0.44,0.78
36994,0.14,0.58
36995,0.25,0.15
36996,0.11,0.08
36997,0.6,0.89
36998,0.08,0.06
36999,0.26,0.6
37000,0.37,0.73
37001,0.06,0.93
37002,0.15,0.18
37003,0.13,0.29
37004,0.51,0.16
37005,0.27,0.51
37006,0.78,0.93
37007,0.01,0.09
37008,0.46,0.23
37009,0.37,0.8
37010,0.34,0.62
37011,0.19,0.5
37012,0.61,0.72
37013,0.03,0.05
37014,0.06,0.21
37015,0.03,0.15
37016,0.01,0.12
37017,0.16,0.65
37018,0.12,0.85
37019,0.09,0.49
37020,0.08,0.37
37021,0.3,0.62
37022,0.19,0.22
37023,0.18,0.59
37024,0.52,0.62
37025,0.06,0.28
37026,0.03,0.22
37027,0.18,0.28
37028,0.21,0.83
37029,0.09,0.4
37030,0.03,0.19
37031,0.02,0.07
37032,0.56,0.63
37033,0.39,0.58
37034,0.0,0.03
37035,0.07,0.08
37036,0.21,0.27
37037,0.38,0.64
37038,0.16,0.19
37039,0.06,0.66
37040,0.05,0.21
37041,0.04,0.11
37042,0.04,0.07
37043,0.26,0.4
37044,0.22,0.58
37045,0.05,0.13
37046,0.67,0.94
37047,0.04,0.2
37048,0.79,0.8
37049,0.25,0.82
37050,0.12,0.81
37051,0.15,0.19
37052,0.2,0.45
37053,0.11,0.36
37054,0.07,0.72
37055,0.15,0.54
37056,0.18,0.56
37057,0.07,0.21
37058,0.03,0.11
37059,0.14,0.19
37060,0.31,0.52
37061,0.2,0.37
37062,0.12,0.49
37063,0.34,0.18
37064,0.06,0.42
37065,0.21,0.74
37066,0.18,0.54
37067,0.46,0.79
37068,0.07,0.25
37069,0.16,0.47
37070,0.12,0.76
37071,0.65,0.85
37072,0.12,0.35
37073,0.19,0.5
37074,0.14,0.75
37075,0.07,0.06
37076,0.38,0.62
37077,0.15,0.43
37078,0.04,0.74
37079,0.04,0.13
37080,0.37,0.84
37081,0.07,0.17
37082,0.26,0.66
37083,0.75,0.86
37084,0.17,0.23
37085,0.14,0.39
37086,0.19,0.39
37087,0.28,0.26
37088,0.02,0.08
37089,0.07,0.34
37090,0.16,0.39
37091,0.62,0.93
37092,0.21,0.24
37093,0.04,0.1
37094,0.02,0.14
37095,0.01,0.08
37096,0.16,0.95
37097,0.17,0.28
37098,0.47,0.83
37099,0.17,0.44
37100,0.03,0.1
37101,0.04,0.83
37102,0.19,0.42
37103,0.13,0.74
37104,0.18,0.76
37105,0.39,0.5
37106,0.13,0.27
37107,0.43,0.69
37108,0.05,0.08
37109,0.1,0.29
37110,0.06,0.12
37111,0.3,0.38
37112,0.25,0.54
37113,0.63,0.61
37114,0.46,0.97
37115,0.08,0.62
37116,0.33,0.55
37117,0.05,0.03
37118,0.27,0.34
37119,0.08,0.17
37120,0.12,0.17
37121,0.09,0.06
37122,0.03,0.08
37123,0.06,0.11
37124,0.02,0.14
37125,0.35,0.6
37126,0.09,0.22
37127,0.09,0.17
37128,0.11,0.78
37129,0.56,0.7
37130,0.75,0.92
37131,0.01,0.25
37132,0.77,0.92
37133,0.25,0.73
37134,0.52,0.96
37135,0.88,0.94
37136,0.13,0.72
37137,0.73,0.91
37138,0.65,0.78
37139,0.1,0.59
37140,0.29,0.4
37141,0.1,0.31
37142,0.31,0.18
37143,0.04,0.07
37144,0.54,0.72
37145,0.7,0.75
37146,0.07,0.83
37147,0.32,0.83
37148,0.15,0.28
37149,0.14,0.77
37150,0.24,0.6
37151,0.11,0.8
37152,0.16,0.45
37153,0.13,0.33
37154,0.14,0.42
37155,0.73,0.9
37156,0.43,0.75
37157,0.06,0.16
37158,0.2,0.42
37159,0.41,0.64
37160,0.13,0.19
37161,0.11,0.69
37162,0.32,0.51
37163,0.09,0.22
37164,0.17,0.39
37165,0.07,0.84
37166,0.1,0.2
37167,0.17,0.48
37168,0.21,0.55
37169,0.23,0.36
37170,0.32,0.24
37171,0.06,0.63
37172,0.51,0.83
37173,0.19,0.34
37174,0.11,0.49
37175,0.26,0.25
37176,0.67,0.85
37177,0.28,0.9
37178,0.28,0.38
37179,0.52,0.75
37180,0.09,0.94
37181,0.71,0.89
37182,0.5,0.16
37183,0.14,0.82
37184,0.17,0.7
37185,0.38,0.71
37186,0.26,0.65
37187,0.07,0.25
37188,0.15,0.53
37189,0.14,0.93
37190,0.06,0.19
37191,0.45,0.23
37192,0.28,0.41
37193,0.06,0.16
37194,0.2,0.58
37195,0.23,0.43
37196,0.01,0.11
37197,0.62,0.93
37198,0.29,0.4
37199,0.24,0.7
37200,0.03,0.06
37201,0.12,0.68
37202,0.09,0.95
37203,0.1,0.64
37204,0.05,0.22
37205,0.05,0.24
37206,0.05,0.11
37207,0.06,0.06
37208,0.12,0.29
37209,0.16,0.57
37210,0.57,0.63
37211,0.29,0.57
37212,0.07,0.43
37213,0.82,0.96
37214,0.05,0.15
37215,0.67,0.73
37216,0.68,0.7
37217,0.19,0.5
37218,0.07,0.5
37219,0.09,0.07
37220,0.07,0.23
37221,0.08,0.43
37222,0.1,0.5
37223,0.65,0.58
37224,0.09,0.75
37225,0.1,0.13
37226,0.7,0.91
37227,0.25,0.91
37228,0.23,0.13
37229,0.29,0.66
37230,0.57,0.98
37231,0.73,0.81
37232,0.11,0.14
37233,0.1,0.21
37234,0.32,0.3
37235,0.41,0.87
37236,0.11,0.77
37237,0.08,0.28
37238,0.41,0.58
37239,0.09,0.66
37240,0.1,0.61
37241,0.04,0.09
37242,0.3,0.97
37243,0.08,0.69
37244,0.29,0.63
37245,0.76,0.92
37246,0.08,0.11
37247,0.02,0.8
37248,0.06,0.16
37249,0.36,0.47
37250,0.25,0.41
37251,0.17,0.2
37252,0.0,0.05
37253,0.14,0.71
37254,0.25,0.71
37255,0.68,0.84
37256,0.1,0.35
37257,0.24,0.65
37258,0.09,0.3
37259,0.05,0.24
37260,0.05,0.2
37261,0.18,0.58
37262,0.12,0.72
37263,0.04,0.31
37264,0.05,0.21
37265,0.11,0.38
37266,0.38,0.68
37267,0.2,0.72
37268,0.23,0.93
37269,0.11,0.59
37270,0.1,0.33
37271,0.49,0.83
37272,0.03,0.11
37273,0.07,0.24
37274,0.14,0.17
37275,0.06,0.18
37276,0.02,0.28
37277,0.16,0.36
37278,0.51,0.92
37279,0.51,0.89
37280,0.3,0.8
37281,0.25,0.55
37282,0.19,0.88
37283,0.07,0.15
37284,0.12,0.2
37285,0.06,0.13
37286,0.12,0.92
37287,0.11,0.37
37288,0.23,0.71
37289,0.15,0.56
37290,0.8,0.94
37291,0.11,0.84
37292,0.21,0.54
37293,0.91,0.94
37294,0.04,0.03
37295,0.07,0.59
37296,0.07,0.62
37297,0.02,0.38
37298,0.2,0.74
37299,0.1,0.19
37300,0.15,0.32
37301,0.18,0.58
37302,0.1,0.96
37303,0.13,0.41
37304,0.05,0.05
37305,0.02,0.47
37306,0.04,0.16
37307,0.13,0.52
37308,0.53,0.6
37309,0.49,0.73
37310,0.55,0.66
37311,0.03,0.07
37312,0.02,0.17
37313,0.34,0.76
37314,0.49,0.62
37315,0.26,0.88
37316,0.13,0.55
37317,0.12,0.61
37318,0.02,0.13
37319,0.27,0.75
37320,0.14,0.2
37321,0.04,0.1
37322,0.19,0.14
37323,0.35,0.48
37324,0.36,0.34
37325,0.08,0.81
37326,0.06,0.76
37327,0.05,0.08
37328,0.17,0.62
37329,0.48,0.87
37330,0.09,0.43
37331,0.17,0.34
37332,0.12,0.31
37333,0.13,0.42
37334,0.11,0.14
37335,0.1,0.3
37336,0.25,0.29
37337,0.04,0.06
37338,0.11,0.83
37339,0.03,0.06
37340,0.44,0.8
37341,0.45,0.13
37342,0.07,0.55
37343,0.14,0.77
37344,0.15,0.34
37345,0.74,0.94
37346,0.03,0.09
37347,0.18,0.18
37348,0.11,0.54
37349,0.13,0.67
37350,0.06,0.21
37351,0.09,0.2
37352,0.13,0.27
37353,0.25,0.7
37354,0.12,0.55
37355,0.13,0.26
37356,0.12,0.26
37357,0.08,0.41
37358,0.26,0.56
37359,0.18,0.32
37360,0.0,0.05
37361,0.13,0.18
37362,0.16,0.39
37363,0.37,0.68
37364,0.07,0.16
37365,0.14,0.31
37366,0.33,0.53
37367,0.16,0.57
37368,0.41,0.63
37369,0.04,0.23
37370,0.09,0.3
37371,0.07,0.24
37372,0.68,0.85
37373,0.48,0.37
37374,0.05,0.11
37375,0.19,0.29
37376,0.32,0.64
37377,0.02,0.26
37378,0.08,0.11
37379,0.04,0.09
37380,0.68,0.77
37381,0.3,0.71
37382,0.08,0.92
37383,0.21,0.45
37384,0.06,0.12
37385,0.12,0.67
37386,0.16,0.22
37387,0.04,0.7
37388,0.42,0.79
37389,0.44,0.67
37390,0.09,0.11
37391,0.11,0.8
37392,0.35,0.43
37393,0.03,0.5
37394,0.18,0.16
37395,0.28,0.53
37396,0.09,0.48
37397,0.11,0.36
37398,0.19,0.77
37399,0.04,0.04
37400,0.36,0.56
37401,0.7,0.83
37402,0.27,0.29
37403,0.43,0.5
37404,0.03,0.3
37405,0.3,0.92
37406,0.2,0.59
37407,0.01,0.92
37408,0.12,0.7
37409,0.17,0.46
37410,0.26,0.51
37411,0.14,0.92
37412,0.03,0.2
37413,0.09,0.22
37414,0.06,0.05
37415,0.57,0.76
37416,0.01,0.13
37417,0.42,0.29
37418,0.25,0.43
37419,0.03,0.08
37420,0.13,0.87
37421,0.04,0.15
37422,0.05,0.24
37423,0.14,0.33
37424,0.21,0.47
37425,0.09,0.32
37426,0.08,0.56
37427,0.09,0.08
37428,0.1,0.38
37429,0.02,0.05
37430,0.71,0.87
37431,0.21,0.51
37432,0.0,0.08
37433,0.46,0.51
37434,0.62,0.81
37435,0.08,0.62
37436,0.15,0.77
37437,0.16,0.18
37438,0.01,0.03
37439,0.1,0.36
37440,0.36,0.81
37441,0.09,0.38
37442,0.22,0.28
37443,0.02,0.07
37444,0.5,0.8
37445,0.04,0.48
37446,0.65,0.9
37447,0.05,0.15
37448,0.19,0.6
37449,0.03,0.11
37450,0.02,0.06
37451,0.18,0.87
37452,0.11,0.33
37453,0.55,0.98
37454,0.1,0.65
37455,0.33,0.53
37456,0.1,0.79
37457,0.59,0.79
37458,0.1,0.25
37459,0.49,0.46
37460,0.09,0.32
37461,0.67,0.91
37462,0.02,0.2
37463,0.11,0.51
37464,0.05,0.6
37465,0.13,0.88
37466,0.49,0.9
37467,0.07,0.29
37468,0.07,0.45
37469,0.17,0.42
37470,0.23,0.06
37471,0.17,0.83
37472,0.06,0.58
37473,0.19,0.25
37474,0.12,0.2
37475,0.11,0.33
37476,0.65,0.89
37477,0.21,0.57
37478,0.24,0.71
37479,0.13,0.18
37480,0.02,0.14
37481,0.59,0.84
37482,0.07,0.08
37483,0.21,0.28
37484,0.59,0.85
37485,0.16,0.72
37486,0.04,0.15
37487,0.3,0.52
37488,0.07,0.12
37489,0.16,0.47
37490,0.19,0.66
37491,0.13,0.53
37492,0.2,0.85
37493,0.02,0.13
37494,0.17,0.27
37495,0.04,0.6
37496,0.65,0.9
37497,0.03,0.13
37498,0.51,0.68
37499,0.07,0.07
37500,0.21,0.54
37501,0.1,0.22
37502,0.69,0.93
37503,0.01,0.08
37504,0.23,0.75
37505,0.43,0.87
37506,0.06,0.14
37507,0.1,0.1
37508,0.44,0.74
37509,0.04,0.31
37510,0.45,0.76
37511,0.05,0.21
37512,0.2,0.6
37513,0.28,0.5
37514,0.09,0.19
37515,0.06,0.11
37516,0.05,0.3
37517,0.09,0.89
37518,0.01,0.05
37519,0.04,0.47
37520,0.35,0.78
37521,0.04,0.07
37522,0.23,0.23
37523,0.09,0.5
37524,0.56,0.93
37525,0.31,0.43
37526,0.24,0.75
37527,0.05,0.11
37528,0.17,0.44
37529,0.47,0.81
37530,0.11,0.94
37531,0.06,0.11
37532,0.26,0.78
37533,0.04,0.17
37534,0.19,0.11
37535,0.55,0.72
37536,0.08,0.13
37537,0.39,0.67
37538,0.06,0.05
37539,0.15,0.43
37540,0.01,0.09
37541,0.01,0.06
37542,0.54,0.85
37543,0.3,0.74
37544,0.06,0.89
37545,0.39,0.47
37546,0.01,0.64
37547,0.55,0.83
37548,0.19,0.73
37549,0.49,0.92
37550,0.08,0.34
37551,0.11,0.17
37552,0.05,0.64
37553,0.11,0.66
37554,0.07,0.1
37555,0.15,0.51
37556,0.25,0.4
37557,0.05,0.13
37558,0.13,0.64
37559,0.05,0.55
37560,0.11,0.43
37561,0.13,0.57
37562,0.3,0.31
37563,0.04,0.81
37564,0.2,0.6
37565,0.23,0.54
37566,0.11,0.22
37567,0.54,0.86
37568,0.12,0.37
37569,0.07,0.15
37570,0.72,0.93
37571,0.25,0.43
37572,0.28,0.4
37573,0.08,0.27
37574,0.19,0.28
37575,0.03,0.25
37576,0.35,0.89
37577,0.02,0.17
37578,0.18,0.19
37579,0.46,0.67
37580,0.08,0.12
37581,0.1,0.24
37582,0.21,0.66
37583,0.09,0.53
37584,0.08,0.14
37585,0.15,0.19
37586,0.07,0.51
37587,0.82,0.92
37588,0.24,0.3
37589,0.35,0.4
37590,0.13,0.33
37591,0.16,0.72
37592,0.08,0.51
37593,0.15,0.7
37594,0.31,0.83
37595,0.48,0.39
37596,0.18,0.3
37597,0.19,0.77
37598,0.22,0.25
37599,0.09,0.22
37600,0.1,0.38
37601,0.16,0.75
37602,0.27,0.39
37603,0.43,0.74
37604,0.01,0.14
37605,0.48,0.78
37606,0.26,0.23
37607,0.27,0.38
37608,0.06,0.35
37609,0.07,0.78
37610,0.15,0.34
37611,0.16,0.45
37612,0.08,0.84
37613,0.69,0.83
37614,0.19,0.91
37615,0.06,0.16
37616,0.29,0.25
37617,0.18,0.2
37618,0.06,0.11
37619,0.07,0.05
37620,0.56,0.52
37621,0.05,0.95
37622,0.14,0.57
37623,0.05,0.59
37624,0.75,0.91
37625,0.09,0.61
37626,0.38,0.73
37627,0.06,0.13
37628,0.11,0.85
37629,0.08,0.26
37630,0.21,0.21
37631,0.12,0.33
37632,0.09,0.88
37633,0.36,0.6
37634,0.06,0.13
37635,0.09,0.6
37636,0.26,0.4
37637,0.14,0.45
37638,0.11,0.13
37639,0.35,0.61
37640,0.3,0.87
37641,0.15,0.84
37642,0.39,0.88
37643,0.37,0.49
37644,0.45,0.4
37645,0.21,0.52
37646,0.34,0.68
37647,0.04,0.06
37648,0.27,0.57
37649,0.03,0.47
37650,0.3,0.84
37651,0.06,0.71
37652,0.27,0.74
37653,0.03,0.54
37654,0.16,0.28
37655,0.7,0.88
37656,0.03,0.94
37657,0.08,0.27
37658,0.27,0.45
37659,0.01,0.07
37660,0.08,0.3
37661,0.13,0.46
37662,0.03,0.97
37663,0.09,0.38
37664,0.06,0.09
37665,0.02,0.24
37666,0.39,0.71
37667,0.11,0.26
37668,0.02,0.63
37669,0.12,0.55
37670,0.05,0.7
37671,0.02,0.1
37672,0.52,0.39
37673,0.09,0.18
37674,0.07,0.37
37675,0.21,0.42
37676,0.09,0.24
37677,0.06,0.11
37678,0.17,0.36
37679,0.13,0.76
37680,0.08,0.06
37681,0.25,0.47
37682,0.2,0.32
37683,0.14,0.68
37684,0.26,0.39
37685,0.22,0.49
37686,0.13,0.19
37687,0.03,0.09
37688,0.06,0.31
37689,0.56,0.49
37690,0.08,0.27
37691,0.49,0.87
37692,0.22,0.32
37693,0.35,0.81
37694,0.06,0.45
37695,0.62,0.79
37696,0.3,0.71
37697,0.19,0.25
37698,0.2,0.4
37699,0.17,0.22
37700,0.18,0.53
37701,0.11,0.71
37702,0.11,0.17
37703,0.29,0.14
37704,0.21,0.6
37705,0.67,0.76
37706,0.15,0.27
37707,0.08,0.05
37708,0.29,0.76
37709,0.4,0.93
37710,0.27,0.38
37711,0.09,0.21
37712,0.21,0.77
37713,0.08,0.92
37714,0.52,0.89
37715,0.59,0.87
37716,0.35,0.62
37717,0.74,0.87
37718,0.05,0.82
37719,0.62,0.83
37720,0.02,0.36
37721,0.11,0.58
37722,0.25,0.85
37723,0.45,0.89
37724,0.18,0.7
37725,0.3,0.56
37726,0.09,0.15
37727,0.25,0.33
37728,0.08,0.43
37729,0.57,0.79
37730,0.15,0.61
37731,0.08,0.49
37732,0.45,0.59
37733,0.59,0.72
37734,0.49,0.77
37735,0.1,0.27
37736,0.37,0.57
37737,0.21,0.24
37738,0.24,0.5
37739,0.7,0.73
37740,0.68,0.83
37741,0.21,0.8
37742,0.54,0.42
37743,0.54,0.79
37744,0.04,0.1
37745,0.13,0.74
37746,0.34,0.79
37747,0.03,0.18
37748,0.62,0.91
37749,0.74,0.87
37750,0.17,0.55
37751,0.06,0.24
37752,0.69,0.87
37753,0.13,0.18
37754,0.04,0.16
37755,0.15,0.47
37756,0.18,0.19
37757,0.13,0.15
37758,0.15,0.42
37759,0.05,0.08
37760,0.5,0.71
37761,0.16,0.56
37762,0.59,0.76
37763,0.13,0.12
37764,0.04,0.72
37765,0.14,0.23
37766,0.19,0.51
37767,0.49,0.76
37768,0.33,0.27
37769,0.04,0.19
37770,0.09,0.23
37771,0.25,0.63
37772,0.26,0.9
37773,0.32,0.24
37774,0.07,0.77
37775,0.06,0.4
37776,0.08,0.15
37777,0.09,0.22
37778,0.04,0.04
37779,0.78,0.98
37780,0.17,0.08
37781,0.02,0.03
37782,0.23,0.55
37783,0.06,0.06
37784,0.01,0.5
37785,0.13,0.52
37786,0.13,0.33
37787,0.46,0.66
37788,0.43,0.59
37789,0.05,0.17
37790,0.03,0.15
37791,0.3,0.55
37792,0.21,0.94
37793,0.06,0.12
37794,0.37,0.72
37795,0.05,0.11
37796,0.04,0.09
37797,0.1,0.08
37798,0.06,0.11
37799,0.07,0.81
37800,0.23,0.42
37801,0.0,0.1
37802,0.43,0.61
37803,0.23,0.61
37804,0.82,0.81
37805,0.15,0.23
37806,0.36,0.75
37807,0.77,0.94
37808,0.11,0.32
37809,0.26,0.54
37810,0.37,0.62
37811,0.17,0.19
37812,0.68,0.89
37813,0.09,0.7
37814,0.27,0.72
37815,0.13,0.38
37816,0.06,0.13
37817,0.56,0.88
37818,0.4,0.39
37819,0.32,0.37
37820,0.29,0.84
37821,0.24,0.82
37822,0.07,0.58
37823,0.01,0.12
37824,0.14,0.59
37825,0.03,0.06
37826,0.23,0.94
37827,0.44,0.78
37828,0.06,0.2
37829,0.21,0.31
37830,0.41,0.87
37831,0.06,0.59
37832,0.02,0.19
37833,0.04,0.8
37834,0.85,0.97
37835,0.05,0.06
37836,0.11,0.93
37837,0.1,0.23
37838,0.51,0.83
37839,0.25,0.17
37840,0.0,0.16
37841,0.04,0.12
37842,0.21,0.64
37843,0.08,0.33
37844,0.14,0.82
37845,0.33,0.66
37846,0.11,0.34
37847,0.86,0.9
37848,0.16,0.31
37849,0.04,0.5
37850,0.27,0.67
37851,0.11,0.27
37852,0.21,0.34
37853,0.18,0.63
37854,0.11,0.34
37855,0.42,0.64
37856,0.19,0.42
37857,0.55,0.56
37858,0.1,0.23
37859,0.18,0.42
37860,0.16,0.15
37861,0.59,0.67
37862,0.63,0.88
37863,0.06,0.1
37864,0.06,0.12
37865,0.03,0.08
37866,0.34,0.37
37867,0.17,0.62
37868,0.04,0.09
37869,0.14,0.19
37870,0.02,0.08
37871,0.33,0.44
37872,0.11,0.53
37873,0.13,0.62
37874,0.05,0.15
37875,0.13,0.86
37876,0.05,0.61
37877,0.13,0.74
37878,0.19,0.15
37879,0.06,0.15
37880,0.19,0.52
37881,0.04,0.94
37882,0.23,0.28
37883,0.32,0.52
37884,0.08,0.78
37885,0.06,0.09
37886,0.12,0.66
37887,0.13,0.2
37888,0.09,0.26
37889,0.05,0.23
37890,0.03,0.9
37891,0.08,0.02
37892,0.12,0.14
37893,0.68,0.68
37894,0.34,0.25
37895,0.01,0.12
37896,0.09,0.77
37897,0.42,0.49
37898,0.18,0.14
37899,0.01,0.25
37900,0.18,0.32
37901,0.43,0.89
37902,0.08,0.42
37903,0.27,0.67
37904,0.7,0.91
37905,0.27,0.32
37906,0.07,0.56
37907,0.07,0.18
37908,0.18,0.16
37909,0.17,0.67
37910,0.61,0.86
37911,0.21,0.42
37912,0.15,0.38
37913,0.1,0.48
37914,0.11,0.64
37915,0.08,0.09
37916,0.7,0.93
37917,0.05,0.3
37918,0.21,0.87
37919,0.31,0.58
37920,0.18,0.59
37921,0.19,0.64
37922,0.08,0.29
37923,0.13,0.65
37924,0.07,0.8
37925,0.13,0.94
37926,0.1,0.58
37927,0.12,0.22
37928,0.09,0.16
37929,0.5,0.65
37930,0.02,0.08
37931,0.7,0.76
37932,0.0,0.23
37933,0.36,0.5
37934,0.07,0.09
37935,0.04,0.84
37936,0.19,0.24
37937,0.04,0.13
37938,0.4,0.83
37939,0.65,0.76
37940,0.08,0.18
37941,0.2,0.09
37942,0.42,0.47
37943,0.04,0.09
37944,0.12,0.15
37945,0.41,0.74
37946,0.09,0.31
37947,0.77,0.89
37948,0.67,0.77
37949,0.19,0.55
37950,0.04,0.17
37951,0.03,0.07
37952,0.12,0.29
37953,0.2,0.86
37954,0.08,0.31
37955,0.77,0.84
37956,0.4,0.77
37957,0.07,0.43
37958,0.05,0.26
37959,0.07,0.81
37960,0.78,0.89
37961,0.09,0.18
37962,0.29,0.25
37963,0.08,0.89
37964,0.02,0.09
37965,0.68,0.89
37966,0.12,0.53
37967,0.0,0.07
37968,0.1,0.22
37969,0.04,0.85
37970,0.01,0.01
37971,0.06,0.15
37972,0.31,0.46
37973,0.15,0.19
37974,0.6,0.44
37975,0.38,0.82
37976,0.2,0.5
37977,0.1,0.24
37978,0.25,0.49
37979,0.04,0.2
37980,0.11,0.22
37981,0.02,0.2
37982,0.17,0.39
37983,0.13,0.22
37984,0.15,0.09
37985,0.17,0.64
37986,0.05,0.09
37987,0.14,0.48
37988,0.24,0.5
37989,0.03,0.23
37990,0.03,0.07
37991,0.03,0.74
37992,0.1,0.85
37993,0.06,0.41
37994,0.01,0.18
37995,0.08,0.17
37996,0.64,0.87
37997,0.3,0.23
37998,0.19,0.74
37999,0.44,0.8
38000,0.28,0.28
38001,0.28,0.85
38002,0.63,0.74
38003,0.43,0.81
38004,0.03,0.08
38005,0.34,0.7
38006,0.0,0.02
38007,0.59,0.82
38008,0.04,0.43
38009,0.04,0.11
38010,0.12,0.48
38011,0.52,0.7
38012,0.13,0.55
38013,0.17,0.78
38014,0.1,0.43
38015,0.17,0.92
38016,0.09,0.22
38017,0.11,0.34
38018,0.01,0.18
38019,0.68,0.92
38020,0.11,0.37
38021,0.11,0.22
38022,0.35,0.74
38023,0.22,0.19
38024,0.5,0.5
38025,0.16,0.22
38026,0.03,0.13
38027,0.48,0.77
38028,0.29,0.77
38029,0.04,0.13
38030,0.15,0.5
38031,0.66,0.91
38032,0.12,0.57
38033,0.09,0.34
38034,0.1,0.2
38035,0.07,0.15
38036,0.32,0.34
38037,0.1,0.17
38038,0.13,0.75
38039,0.08,0.9
38040,0.29,0.26
38041,0.11,0.46
38042,0.08,0.1
38043,0.11,0.26
38044,0.11,0.63
38045,0.26,0.33
38046,0.04,0.61
38047,0.06,0.42
38048,0.09,0.32
38049,0.09,0.29
38050,0.04,0.12
38051,0.08,0.91
38052,0.1,0.16
38053,0.17,0.13
38054,0.45,0.87
38055,0.08,0.07
38056,0.51,0.73
38057,0.46,0.74
38058,0.1,0.83
38059,0.3,0.27
38060,0.11,0.84
38061,0.55,0.76
38062,0.25,0.25
38063,0.31,0.67
38064,0.0,0.03
38065,0.02,0.18
38066,0.18,0.65
38067,0.07,0.29
38068,0.22,0.5
38069,0.07,0.63
38070,0.17,0.57
38071,0.07,0.26
38072,0.07,0.06
38073,0.25,0.8
38074,0.06,0.39
38075,0.61,0.73
38076,0.14,0.81
38077,0.07,0.2
38078,0.07,0.23
38079,0.09,0.26
38080,0.77,0.8
38081,0.07,0.89
38082,0.02,0.11
38083,0.58,0.56
38084,0.53,0.72
38085,0.04,0.12
38086,0.14,0.56
38087,0.34,0.71
38088,0.12,0.71
38089,0.49,0.9
38090,0.04,0.1
38091,0.03,0.22
38092,0.16,0.84
38093,0.18,0.37
38094,0.4,0.8
38095,0.1,0.53
38096,0.35,0.72
38097,0.03,0.03
38098,0.13,0.32
38099,0.05,0.36
38100,0.09,0.24
38101,0.1,0.82
38102,0.01,0.08
38103,0.07,0.24
38104,0.13,0.72
38105,0.18,0.34
38106,0.06,0.18
38107,0.1,0.32
38108,0.13,0.13
38109,0.16,0.66
38110,0.06,0.04
38111,0.16,0.76
38112,0.1,0.2
38113,0.44,0.54
38114,0.13,0.13
38115,0.11,0.82
38116,0.2,0.3
38117,0.02,0.03
38118,0.71,0.83
38119,0.1,0.78
38120,0.15,0.35
38121,0.04,0.19
38122,0.06,0.87
38123,0.24,0.64
38124,0.03,0.35
38125,0.23,0.56
38126,0.31,0.51
38127,0.58,0.78
38128,0.1,0.22
38129,0.05,0.04
38130,0.09,0.92
38131,0.16,0.17
38132,0.0,0.05
38133,0.1,0.07
38134,0.1,0.14
38135,0.04,0.59
38136,0.04,0.73
38137,0.67,0.68
38138,0.05,0.15
38139,0.76,0.84
38140,0.06,0.21
38141,0.2,0.7
38142,0.57,0.67
38143,0.61,0.8
38144,0.38,0.6
38145,0.41,0.52
38146,0.26,0.92
38147,0.01,0.06
38148,0.58,0.7
38149,0.09,0.31
38150,0.24,0.47
38151,0.66,0.87
38152,0.07,0.42
38153,0.36,0.83
38154,0.0,0.03
38155,0.17,0.5
38156,0.5,0.49
38157,0.21,0.66
38158,0.09,0.95
38159,0.05,0.19
38160,0.09,0.96
38161,0.84,0.92
38162,0.13,0.48
38163,0.39,0.46
38164,0.18,0.6
38165,0.12,0.4
38166,0.2,0.53
38167,0.42,0.69
38168,0.02,0.08
38169,0.56,0.87
38170,0.25,0.59
38171,0.68,0.83
38172,0.22,0.51
38173,0.09,0.24
38174,0.04,0.23
38175,0.49,0.42
38176,0.54,0.71
38177,0.36,0.84
38178,0.02,0.36
38179,0.2,0.45
38180,0.45,0.43
38181,0.21,0.13
38182,0.31,0.78
38183,0.18,0.69
38184,0.03,0.09
38185,0.03,0.27
38186,0.05,0.12
38187,0.05,0.08
38188,0.04,0.3
38189,0.15,0.41
38190,0.15,0.7
38191,0.11,0.48
38192,0.12,0.61
38193,0.05,0.91
38194,0.32,0.25
38195,0.36,0.52
38196,0.0,0.06
38197,0.12,0.24
38198,0.22,0.8
38199,0.11,0.26
38200,0.02,0.05
38201,0.05,0.47
38202,0.86,0.87
38203,0.16,0.18
38204,0.0,0.27
38205,0.03,0.47
38206,0.41,0.68
38207,0.31,0.66
38208,0.04,0.96
38209,0.09,0.24
38210,0.25,0.66
38211,0.04,0.36
38212,0.34,0.87
38213,0.01,0.06
38214,0.26,0.57
38215,0.05,0.5
38216,0.2,0.37
38217,0.04,0.07
38218,0.2,0.79
38219,0.08,0.12
38220,0.36,0.45
38221,0.11,0.43
38222,0.11,0.51
38223,0.35,0.84
38224,0.09,0.36
38225,0.05,0.26
38226,0.21,0.37
38227,0.27,0.7
38228,0.04,0.41
38229,0.52,0.87
38230,0.05,0.17
38231,0.05,0.17
38232,0.32,0.49
38233,0.2,0.19
38234,0.04,0.3
38235,0.06,0.5
38236,0.91,0.95
38237,0.1,0.73
38238,0.07,0.06
38239,0.16,0.23
38240,0.38,0.68
38241,0.02,0.45
38242,0.05,0.14
38243,0.09,0.19
38244,0.09,0.11
38245,0.18,0.15
38246,0.05,0.37
38247,0.41,0.36
38248,0.55,0.79
38249,0.04,0.17
38250,0.24,0.18
38251,0.34,0.6
38252,0.02,0.01
38253,0.29,0.64
38254,0.36,0.44
38255,0.56,0.97
38256,0.14,0.44
38257,0.06,0.29
38258,0.68,0.81
38259,0.03,0.02
38260,0.2,0.36
38261,0.04,0.07
38262,0.16,0.07
38263,0.15,0.39
38264,0.28,0.55
38265,0.36,0.49
38266,0.03,0.12
38267,0.13,0.11
38268,0.6,0.95
38269,0.09,0.41
38270,0.12,0.41
38271,0.04,0.1
38272,0.09,0.53
38273,0.26,0.54
38274,0.35,0.83
38275,0.05,0.25
38276,0.13,0.51
38277,0.06,0.17
38278,0.29,0.63
38279,0.51,0.85
38280,0.1,0.39
38281,0.78,0.98
38282,0.1,0.52
38283,0.68,0.99
38284,0.04,0.35
38285,0.27,0.93
38286,0.42,0.56
38287,0.09,0.59
38288,0.09,0.74
38289,0.1,0.73
38290,0.2,0.38
38291,0.05,0.96
38292,0.18,0.24
38293,0.25,0.69
38294,0.34,0.38
38295,0.44,0.86
38296,0.01,0.11
38297,0.54,0.9
38298,0.36,0.56
38299,0.0,0.05
38300,0.71,0.8
38301,0.55,0.65
38302,0.3,0.47
38303,0.14,0.09
38304,0.08,0.09
38305,0.05,0.14
38306,0.08,0.51
38307,0.12,0.7
38308,0.08,0.23
38309,0.06,0.15
38310,0.09,0.15
38311,0.5,0.8
38312,0.29,0.44
38313,0.2,0.33
38314,0.05,0.11
38315,0.42,0.63
38316,0.1,0.19
38317,0.01,0.13
38318,0.04,0.94
38319,0.58,0.63
38320,0.23,0.48
38321,0.43,0.55
38322,0.13,0.3
38323,0.18,0.27
38324,0.28,0.86
38325,0.45,0.74
38326,0.1,0.19
38327,0.22,0.26
38328,0.34,0.61
38329,0.22,0.74
38330,0.48,0.75
38331,0.04,0.31
38332,0.33,0.45
38333,0.25,0.15
38334,0.41,0.35
38335,0.31,0.45
38336,0.1,0.46
38337,0.48,0.81
38338,0.78,0.87
38339,0.7,0.77
38340,0.09,0.66
38341,0.57,0.68
38342,0.42,0.55
38343,0.27,0.7
38344,0.1,0.69
38345,0.18,0.26
38346,0.03,0.04
38347,0.86,0.93
38348,0.04,0.11
38349,0.0,0.18
38350,0.54,0.9
38351,0.06,0.21
38352,0.09,0.13
38353,0.39,0.83
38354,0.35,0.66
38355,0.33,0.76
38356,0.24,0.54
38357,0.85,0.96
38358,0.28,0.28
38359,0.03,0.13
38360,0.05,0.08
38361,0.42,0.25
38362,0.11,0.14
38363,0.03,0.77
38364,0.03,0.31
38365,0.53,0.89
38366,0.37,0.35
38367,0.43,0.59
38368,0.06,0.06
38369,0.45,0.87
38370,0.13,0.47
38371,0.08,0.31
38372,0.51,0.38
38373,0.3,0.47
38374,0.41,0.49
38375,0.13,0.61
38376,0.12,0.32
38377,0.46,0.58
38378,0.06,0.11
38379,0.19,0.58
38380,0.34,0.72
38381,0.38,0.43
38382,0.12,0.5
38383,0.12,0.16
38384,0.31,0.29
38385,0.13,0.1
38386,0.74,0.99
38387,0.11,0.49
38388,0.18,0.52
38389,0.29,0.63
38390,0.04,0.09
38391,0.72,0.95
38392,0.35,0.61
38393,0.66,0.93
38394,0.29,0.81
38395,0.11,0.35
38396,0.23,0.39
38397,0.73,0.91
38398,0.11,0.17
38399,0.04,0.33
38400,0.55,0.85
38401,0.36,0.51
38402,0.05,0.16
38403,0.07,0.53
38404,0.12,0.15
38405,0.44,0.76
38406,0.23,0.09
38407,0.41,0.53
38408,0.05,0.11
38409,0.08,0.27
38410,0.01,0.37
38411,0.71,0.91
38412,0.18,0.86
38413,0.23,0.3
38414,0.39,0.69
38415,0.02,0.16
38416,0.24,0.89
38417,0.15,0.15
38418,0.07,0.08
38419,0.54,0.7
38420,0.06,0.2
38421,0.35,0.38
38422,0.58,0.51
38423,0.29,0.89
38424,0.03,0.05
38425,0.2,0.77
38426,0.12,0.38
38427,0.04,0.23
38428,0.4,0.63
38429,0.53,0.77
38430,0.13,0.28
38431,0.58,0.64
38432,0.11,0.72
38433,0.46,0.97
38434,0.14,0.32
38435,0.09,0.48
38436,0.17,0.39
38437,0.25,0.55
38438,0.47,0.81
38439,0.01,0.12
38440,0.33,0.67
38441,0.67,0.73
38442,0.1,0.67
38443,0.11,0.14
38444,0.14,0.2
38445,0.38,0.3
38446,0.12,0.42
38447,0.06,0.13
38448,0.05,0.58
38449,0.06,0.21
38450,0.33,0.78
38451,0.04,0.17
38452,0.44,0.4
38453,0.32,0.92
38454,0.43,0.92
38455,0.15,0.29
38456,0.12,0.35
38457,0.32,0.59
38458,0.0,0.07
38459,0.53,0.75
38460,0.19,0.79
38461,0.2,0.57
38462,0.68,0.86
38463,0.63,0.9
38464,0.16,0.66
38465,0.04,0.09
38466,0.04,0.1
38467,0.38,0.71
38468,0.3,0.78
38469,0.04,0.1
38470,0.44,0.91
38471,0.02,0.07
38472,0.09,0.29
38473,0.2,0.18
38474,0.21,0.45
38475,0.06,0.29
38476,0.02,0.11
38477,0.13,0.29
38478,0.49,0.78
38479,0.38,0.64
38480,0.59,0.57
38481,0.13,0.42
38482,0.69,0.89
38483,0.05,0.12
38484,0.08,0.64
38485,0.09,0.6
38486,0.32,0.72
38487,0.08,0.57
38488,0.42,0.51
38489,0.18,0.39
38490,0.1,0.98
38491,0.48,0.74
38492,0.1,0.42
38493,0.05,0.06
38494,0.19,0.87
38495,0.4,0.87
38496,0.34,0.42
38497,0.35,0.5
38498,0.29,0.45
38499,0.06,0.14
38500,0.05,0.19
38501,0.07,0.81
38502,0.09,0.51
38503,0.12,0.55
38504,0.1,0.17
38505,0.13,0.41
38506,0.19,0.85
38507,0.69,0.85
38508,0.0,0.04
38509,0.16,0.27
38510,0.76,0.8
38511,0.03,0.93
38512,0.48,0.69
38513,0.12,0.38
38514,0.15,0.26
38515,0.11,0.63
38516,0.27,0.62
38517,0.1,0.63
38518,0.69,0.91
38519,0.04,0.07
38520,0.42,0.64
38521,0.09,0.68
38522,0.17,0.63
38523,0.03,0.47
38524,0.11,0.6
38525,0.4,0.66
38526,0.64,0.72
38527,0.06,0.16
38528,0.18,0.84
38529,0.02,0.09
38530,0.04,0.11
38531,0.12,0.56
38532,0.6,0.71
38533,0.04,0.2
38534,0.05,0.15
38535,0.16,0.74
38536,0.05,0.54
38537,0.68,0.96
38538,0.86,0.82
38539,0.23,0.74
38540,0.27,0.77
38541,0.15,0.6
38542,0.08,0.2
38543,0.2,0.78
38544,0.44,0.33
38545,0.6,0.77
38546,0.1,0.19
38547,0.07,0.71
38548,0.2,0.3
38549,0.12,0.36
38550,0.07,0.57
38551,0.5,0.69
38552,0.29,0.63
38553,0.33,0.46
38554,0.43,0.75
38555,0.04,0.31
38556,0.03,0.09
38557,0.03,0.19
38558,0.07,0.23
38559,0.1,0.5
38560,0.02,0.03
38561,0.65,0.75
38562,0.54,0.99
38563,0.16,0.05
38564,0.12,0.89
38565,0.5,0.58
38566,0.08,0.11
38567,0.51,0.83
38568,0.38,0.42
38569,0.06,0.21
38570,0.53,0.95
38571,0.16,0.55
38572,0.18,0.57
38573,0.13,0.1
38574,0.28,0.23
38575,0.13,0.48
38576,0.06,0.23
38577,0.14,0.52
38578,0.63,0.61
38579,0.03,0.74
38580,0.26,0.36
38581,0.72,0.77
38582,0.77,0.83
38583,0.07,0.6
38584,0.12,0.56
38585,0.43,0.62
38586,0.1,0.11
38587,0.03,0.26
38588,0.09,0.57
38589,0.02,0.08
38590,0.23,0.54
38591,0.06,0.52
38592,0.19,0.56
38593,0.26,0.69
38594,0.05,0.03
38595,0.03,0.08
38596,0.47,0.77
38597,0.25,0.17
38598,0.32,0.43
38599,0.13,0.51
38600,0.04,0.06
38601,0.17,0.41
38602,0.5,0.8
38603,0.11,0.25
38604,0.7,0.92
38605,0.12,0.26
38606,0.12,0.22
38607,0.42,0.6
38608,0.19,0.15
38609,0.09,0.32
38610,0.14,0.6
38611,0.08,0.67
38612,0.09,0.68
38613,0.23,0.52
38614,0.06,0.07
38615,0.12,0.09
38616,0.03,0.07
38617,0.3,0.16
38618,0.17,0.62
38619,0.06,0.17
38620,0.3,0.76
38621,0.55,0.9
38622,0.06,0.07
38623,0.03,0.14
38624,0.05,0.12
38625,0.05,0.18
38626,0.33,0.83
38627,0.8,0.95
38628,0.03,0.14
38629,0.48,0.69
38630,0.24,0.66
38631,0.07,0.44
38632,0.11,0.93
38633,0.11,0.43
38634,0.13,0.16
38635,0.05,0.61
38636,0.14,0.87
38637,0.15,0.3
38638,0.06,0.11
38639,0.71,0.63
38640,0.03,0.19
38641,0.29,0.62
38642,0.0,0.09
38643,0.45,0.52
38644,0.1,0.51
38645,0.52,0.64
38646,0.65,0.65
38647,0.03,0.12
38648,0.57,0.78
38649,0.57,0.75
38650,0.08,0.07
38651,0.06,0.13
38652,0.5,0.81
38653,0.04,0.02
38654,0.03,0.15
38655,0.05,0.46
38656,0.13,0.18
38657,0.13,0.15
38658,0.04,0.87
38659,0.03,0.1
38660,0.66,0.83
38661,0.17,0.32
38662,0.05,0.11
38663,0.2,0.18
38664,0.51,0.75
38665,0.14,0.63
38666,0.17,0.35
38667,0.35,0.52
38668,0.06,0.97
38669,0.11,0.32
38670,0.23,0.34
38671,0.03,0.14
38672,0.24,0.46
38673,0.45,0.62
38674,0.27,0.8
38675,0.18,0.66
38676,0.05,0.21
38677,0.12,0.36
38678,0.6,0.72
38679,0.29,0.54
38680,0.1,0.09
38681,0.02,0.13
38682,0.5,0.5
38683,0.4,0.87
38684,0.07,0.83
38685,0.12,0.66
38686,0.2,0.57
38687,0.14,0.22
38688,0.18,0.46
38689,0.07,0.86
38690,0.15,0.12
38691,0.19,0.31
38692,0.07,0.42
38693,0.09,0.26
38694,0.12,0.17
38695,0.16,0.54
38696,0.08,0.19
38697,0.2,0.66
38698,0.28,0.74
38699,0.18,0.89
38700,0.13,0.86
38701,0.27,0.62
38702,0.13,0.22
38703,0.18,0.76
38704,0.58,0.75
38705,0.35,0.71
38706,0.17,0.46
38707,0.25,0.73
38708,0.45,0.55
38709,0.12,0.22
38710,0.2,0.48
38711,0.46,0.88
38712,0.38,0.89
38713,0.17,0.93
38714,0.01,0.14
38715,0.23,0.52
38716,0.03,0.05
38717,0.09,0.16
38718,0.12,0.16
38719,0.0,0.13
38720,0.06,0.15
38721,0.05,0.1
38722,0.04,0.12
38723,0.25,0.37
38724,0.08,0.25
38725,0.16,0.17
38726,0.16,0.61
38727,0.24,0.71
38728,0.11,0.14
38729,0.09,0.81
38730,0.05,0.12
38731,0.05,0.18
38732,0.21,0.86
38733,0.14,0.42
38734,0.12,0.15
38735,0.76,0.86
38736,0.01,0.1
38737,0.01,0.3
38738,0.24,0.23
38739,0.16,0.34
38740,0.08,0.14
38741,0.04,0.39
38742,0.32,0.55
38743,0.14,0.87
38744,0.41,0.57
38745,0.11,0.13
38746,0.17,0.66
38747,0.05,0.21
38748,0.67,0.84
38749,0.35,0.37
38750,0.1,0.46
38751,0.13,0.16
38752,0.05,0.04
38753,0.3,0.75
38754,0.07,0.1
38755,0.24,0.63
38756,0.07,0.18
38757,0.38,0.81
38758,0.02,0.23
38759,0.45,0.6
38760,0.06,0.12
38761,0.0,0.28
38762,0.27,0.74
38763,0.05,0.27
38764,0.06,0.14
38765,0.06,0.16
38766,0.12,0.47
38767,0.46,0.92
38768,0.6,0.88
38769,0.2,0.42
38770,0.13,0.15
38771,0.12,0.1
38772,0.09,0.42
38773,0.2,0.47
38774,0.22,0.86
38775,0.59,0.46
38776,0.23,0.44
38777,0.05,0.14
38778,0.2,0.37
38779,0.02,0.06
38780,0.45,0.51
38781,0.3,0.33
38782,0.0,0.03
38783,0.25,0.43
38784,0.66,0.7
38785,0.14,0.73
38786,0.04,0.41
38787,0.47,0.79
38788,0.26,0.24
38789,0.16,0.93
38790,0.3,0.36
38791,0.09,0.28
38792,0.51,0.71
38793,0.47,0.87
38794,0.12,0.38
38795,0.2,0.14
38796,0.59,0.87
38797,0.05,0.42
38798,0.12,0.71
38799,0.08,0.72
38800,0.18,0.29
38801,0.06,0.26
38802,0.16,0.44
38803,0.18,0.53
38804,0.43,0.51
38805,0.28,0.85
38806,0.76,0.91
38807,0.01,0.09
38808,0.13,0.15
38809,0.28,0.18
38810,0.04,0.62
38811,0.05,0.5
38812,0.19,0.54
38813,0.16,0.15
38814,0.37,0.63
38815,0.02,0.21
38816,0.18,0.84
38817,0.2,0.31
38818,0.55,0.59
38819,0.11,0.44
38820,0.03,0.16
38821,0.08,0.13
38822,0.14,0.67
38823,0.06,0.12
38824,0.3,0.27
38825,0.44,0.5
38826,0.28,0.61
38827,0.22,0.33
38828,0.17,0.6
38829,0.13,0.36
38830,0.14,0.85
38831,0.14,0.17
38832,0.06,0.1
38833,0.04,0.35
38834,0.02,0.11
38835,0.08,0.39
38836,0.1,0.28
38837,0.48,0.69
38838,0.1,0.12
38839,0.13,0.36
38840,0.12,0.63
38841,0.04,0.19
38842,0.82,0.87
38843,0.05,0.64
38844,0.27,0.18
38845,0.07,0.32
38846,0.2,0.77
38847,0.32,0.27
38848,0.15,0.93
38849,0.49,0.65
38850,0.14,0.78
38851,0.14,0.75
38852,0.09,0.65
38853,0.07,0.15
38854,0.23,0.52
38855,0.19,0.77
38856,0.17,0.29
38857,0.04,0.11
38858,0.19,0.82
38859,0.21,0.28
38860,0.02,0.08
38861,0.12,0.28
38862,0.16,0.83
38863,0.14,0.1
38864,0.23,0.87
38865,0.03,0.07
38866,0.08,0.1
38867,0.16,0.37
38868,0.09,0.08
38869,0.2,0.43
38870,0.23,0.74
38871,0.06,0.13
38872,0.15,0.38
38873,0.02,0.04
38874,0.18,0.56
38875,0.56,0.66
38876,0.22,0.16
38877,0.08,0.1
38878,0.01,0.63
38879,0.18,0.6
38880,0.18,0.84
38881,0.43,0.49
38882,0.32,0.65
38883,0.15,0.25
38884,0.17,0.87
38885,0.08,0.14
38886,0.16,0.12
38887,0.14,0.8
38888,0.3,0.59
38889,0.22,0.48
38890,0.63,0.65
38891,0.34,0.63
38892,0.23,0.93
38893,0.53,0.93
38894,0.77,0.91
38895,0.74,0.89
38896,0.01,0.11
38897,0.4,0.28
38898,0.56,0.79
38899,0.09,0.13
38900,0.59,0.86
38901,0.11,0.73
38902,0.22,0.1
38903,0.83,0.85
38904,0.04,0.06
38905,0.17,0.11
38906,0.46,0.71
38907,0.33,0.61
38908,0.04,0.11
38909,0.04,0.23
38910,0.04,0.09
38911,0.1,0.27
38912,0.18,0.92
38913,0.44,0.64
38914,0.15,0.35
38915,0.18,0.76
38916,0.6,0.58
38917,0.28,0.29
38918,0.15,0.26
38919,0.3,0.65
38920,0.14,0.96
38921,0.18,0.28
38922,0.1,0.21
38923,0.15,0.56
38924,0.02,0.27
38925,0.53,0.66
38926,0.3,0.29
38927,0.05,0.06
38928,0.03,0.26
38929,0.29,0.81
38930,0.02,0.06
38931,0.07,0.38
38932,0.6,0.48
38933,0.05,0.22
38934,0.1,0.56
38935,0.05,0.24
38936,0.46,0.72
38937,0.23,0.34
38938,0.1,0.34
38939,0.73,0.73
38940,0.35,0.86
38941,0.12,0.14
38942,0.04,0.02
38943,0.51,0.64
38944,0.69,0.81
38945,0.03,0.55
38946,0.73,0.75
38947,0.18,0.84
38948,0.51,0.67
38949,0.36,0.41
38950,0.1,0.19
38951,0.14,0.85
38952,0.12,0.31
38953,0.12,0.66
38954,0.67,0.83
38955,0.38,0.52
38956,0.09,0.68
38957,0.04,0.19
38958,0.01,0.07
38959,0.1,0.23
38960,0.09,0.25
38961,0.07,0.41
38962,0.06,0.16
38963,0.38,0.62
38964,0.03,0.08
38965,0.28,0.17
38966,0.05,0.25
38967,0.05,0.14
38968,0.1,0.9
38969,0.53,0.84
38970,0.14,0.1
38971,0.18,0.75
38972,0.21,0.29
38973,0.12,0.72
38974,0.75,0.87
38975,0.11,0.49
38976,0.62,0.78
38977,0.13,0.28
38978,0.12,0.11
38979,0.12,0.3
38980,0.15,0.68
38981,0.08,0.04
38982,0.52,0.6
38983,0.1,0.2
38984,0.3,0.37
38985,0.08,0.76
38986,0.58,0.62
38987,0.02,0.41
38988,0.24,0.97
38989,0.24,0.83
38990,0.16,0.37
38991,0.37,0.58
38992,0.32,0.63
38993,0.57,0.16
38994,0.07,0.47
38995,0.14,0.66
38996,0.06,0.93
38997,0.01,0.05
38998,0.16,0.26
38999,0.08,0.21
39000,0.45,0.78
39001,0.19,0.52
39002,0.04,0.23
39003,0.53,0.86
39004,0.25,0.81
39005,0.22,0.29
39006,0.47,0.72
39007,0.02,0.13
39008,0.14,0.31
39009,0.19,0.64
39010,0.67,0.85
39011,0.09,0.3
39012,0.09,0.05
39013,0.46,0.93
39014,0.48,0.28
39015,0.05,0.74
39016,0.43,0.23
39017,0.03,0.11
39018,0.54,0.93
39019,0.09,0.45
39020,0.17,0.81
39021,0.1,0.08
39022,0.49,0.79
39023,0.8,0.82
39024,0.29,0.46
39025,0.03,0.16
39026,0.06,0.26
39027,0.17,0.6
39028,0.46,0.81
39029,0.07,0.04
39030,0.11,0.4
39031,0.01,0.15
39032,0.09,0.17
39033,0.03,0.03
39034,0.15,0.43
39035,0.11,0.34
39036,0.18,0.22
39037,0.2,0.19
39038,0.1,0.39
39039,0.16,0.07
39040,0.29,0.5
39041,0.05,0.24
39042,0.17,0.67
39043,0.12,0.13
39044,0.83,0.93
39045,0.22,0.85
39046,0.04,0.05
39047,0.24,0.35
39048,0.33,0.63
39049,0.13,0.38
39050,0.08,0.84
39051,0.05,0.26
39052,0.45,0.7
39053,0.43,0.54
39054,0.07,0.22
39055,0.19,0.3
39056,0.07,0.17
39057,0.01,0.22
39058,0.16,0.31
39059,0.04,0.04
39060,0.32,0.56
39061,0.08,0.5
39062,0.11,0.27
39063,0.26,0.64
39064,0.27,0.36
39065,0.16,0.52
39066,0.08,0.58
39067,0.29,0.78
39068,0.06,0.37
39069,0.13,0.31
39070,0.12,0.63
39071,0.24,0.49
39072,0.03,0.06
39073,0.33,0.33
39074,0.18,0.68
39075,0.31,0.5
39076,0.05,0.03
39077,0.09,0.72
39078,0.05,0.0
39079,0.12,0.1
39080,0.38,0.85
39081,0.15,0.13
39082,0.02,0.09
39083,0.07,0.15
39084,0.37,0.92
39085,0.35,0.66
39086,0.06,0.14
39087,0.26,0.45
39088,0.66,0.9
39089,0.18,0.35
39090,0.64,0.79
39091,0.3,0.81
39092,0.52,0.42
39093,0.34,0.46
39094,0.17,0.43
39095,0.44,0.52
39096,0.11,0.22
39097,0.25,0.68
39098,0.17,0.09
39099,0.52,0.64
39100,0.15,0.59
39101,0.23,0.8
39102,0.01,0.17
39103,0.14,0.21
39104,0.05,0.22
39105,0.34,0.45
39106,0.05,0.7
39107,0.3,0.62
39108,0.39,0.32
39109,0.27,0.8
39110,0.09,0.86
39111,0.25,0.6
39112,0.18,0.46
39113,0.18,0.55
39114,0.3,0.58
39115,0.1,0.21
39116,0.19,0.15
39117,0.1,0.5
39118,0.06,0.19
39119,0.52,0.76
39120,0.46,0.83
39121,0.06,0.24
39122,0.07,0.06
39123,0.12,0.81
39124,0.09,0.78
39125,0.06,0.42
39126,0.09,0.25
39127,0.51,0.84
39128,0.06,0.48
39129,0.13,0.22
39130,0.59,0.86
39131,0.58,0.79
39132,0.08,0.86
39133,0.06,0.07
39134,0.18,0.38
39135,0.34,0.62
39136,0.09,0.57
39137,0.15,0.79
39138,0.16,0.57
39139,0.12,0.42
39140,0.6,0.86
39141,0.5,0.46
39142,0.06,0.59
39143,0.03,0.37
39144,0.11,0.39
39145,0.59,0.82
39146,0.26,0.2
39147,0.07,0.21
39148,0.18,0.31
39149,0.32,0.28
39150,0.06,0.08
39151,0.05,0.21
39152,0.26,0.64
39153,0.09,0.42
39154,0.04,0.2
39155,0.36,0.77
39156,0.47,0.85
39157,0.09,0.28
39158,0.13,0.46
39159,0.01,0.03
39160,0.16,0.55
39161,0.18,0.54
39162,0.11,0.29
39163,0.12,0.88
39164,0.23,0.23
39165,0.08,0.94
39166,0.12,0.82
39167,0.13,0.45
39168,0.03,0.1
39169,0.01,0.24
39170,0.49,0.71
39171,0.13,0.15
39172,0.65,0.7
39173,0.04,0.32
39174,0.09,0.66
39175,0.15,0.18
39176,0.38,0.56
39177,0.06,0.65
39178,0.13,0.52
39179,0.22,0.39
39180,0.35,0.65
39181,0.13,0.44
39182,0.13,0.22
39183,0.62,0.87
39184,0.17,0.29
39185,0.29,0.4
39186,0.19,0.41
39187,0.08,0.39
39188,0.5,0.71
39189,0.04,0.1
39190,0.07,0.15
39191,0.44,0.39
39192,0.3,0.43
39193,0.27,0.37
39194,0.14,0.23
39195,0.02,0.07
39196,0.48,0.67
39197,0.35,0.54
39198,0.34,0.63
39199,0.09,0.12
39200,0.03,0.05
39201,0.17,0.86
39202,0.02,0.19
39203,0.31,0.64
39204,0.16,0.54
39205,0.04,0.21
39206,0.82,0.94
39207,0.16,0.86
39208,0.05,0.37
39209,0.1,0.82
39210,0.22,0.28
39211,0.09,0.08
39212,0.03,0.19
39213,0.15,0.56
39214,0.34,0.8
39215,0.31,0.82
39216,0.0,0.11
39217,0.09,0.64
39218,0.23,0.93
39219,0.27,0.18
39220,0.12,0.22
39221,0.78,0.91
39222,0.65,0.78
39223,0.05,0.21
39224,0.12,0.32
39225,0.4,0.62
39226,0.52,0.71
39227,0.02,0.14
39228,0.1,0.17
39229,0.19,0.79
39230,0.04,0.1
39231,0.11,0.47
39232,0.53,0.96
39233,0.15,0.44
39234,0.15,0.77
39235,0.07,0.23
39236,0.08,0.07
39237,0.23,0.33
39238,0.47,0.61
39239,0.03,0.07
39240,0.08,0.2
39241,0.72,0.91
39242,0.07,0.25
39243,0.44,0.67
39244,0.09,0.26
39245,0.01,0.06
39246,0.2,0.24
39247,0.35,0.79
39248,0.2,0.64
39249,0.5,0.63
39250,0.05,0.17
39251,0.51,0.69
39252,0.09,0.39
39253,0.04,0.11
39254,0.18,0.29
39255,0.11,0.36
39256,0.13,0.26
39257,0.15,0.19
39258,0.36,0.84
39259,0.06,0.28
39260,0.09,0.15
39261,0.01,0.06
39262,0.51,0.9
39263,0.01,0.09
39264,0.09,0.27
39265,0.08,0.85
39266,0.05,0.42
39267,0.04,0.15
39268,0.09,0.63
39269,0.07,0.42
39270,0.01,0.06
39271,0.14,0.7
39272,0.04,0.16
39273,0.25,0.54
39274,0.07,0.14
39275,0.15,0.82
39276,0.28,0.93
39277,0.05,0.07
39278,0.46,0.72
39279,0.16,0.59
39280,0.16,0.73
39281,0.27,0.66
39282,0.16,0.68
39283,0.69,0.92
39284,0.07,0.1
39285,0.12,0.31
39286,0.2,0.5
39287,0.02,0.93
39288,0.05,0.21
39289,0.09,0.59
39290,0.3,0.4
39291,0.24,0.46
39292,0.03,0.06
39293,0.53,0.67
39294,0.05,0.04
39295,0.05,0.45
39296,0.49,0.85
39297,0.03,0.13
39298,0.06,0.4
39299,0.28,0.68
39300,0.22,0.17
39301,0.11,0.56
39302,0.25,0.6
39303,0.03,0.44
39304,0.37,0.58
39305,0.15,0.31
39306,0.05,0.28
39307,0.01,0.28
39308,0.74,0.97
39309,0.74,0.9
39310,0.04,0.14
39311,0.53,0.88
39312,0.03,0.24
39313,0.23,0.6
39314,0.47,0.65
39315,0.36,0.89
39316,0.03,0.09
39317,0.1,0.76
39318,0.12,0.14
39319,0.15,0.75
39320,0.47,0.57
39321,0.09,0.13
39322,0.07,0.18
39323,0.09,0.17
39324,0.15,0.46
39325,0.31,0.7
39326,0.37,0.59
39327,0.02,0.09
39328,0.61,0.6
39329,0.37,0.61
39330,0.17,0.19
39331,0.03,0.15
39332,0.04,0.18
39333,0.19,0.26
39334,0.12,0.78
39335,0.02,0.12
39336,0.04,0.22
39337,0.4,0.43
39338,0.21,0.58
39339,0.07,0.19
39340,0.08,0.31
39341,0.17,0.13
39342,0.2,0.48
39343,0.44,0.81
39344,0.18,0.77
39345,0.2,0.56
39346,0.3,0.63
39347,0.48,0.66
39348,0.18,0.5
39349,0.2,0.52
39350,0.53,0.6
39351,0.11,0.58
39352,0.08,0.4
39353,0.22,0.76
39354,0.59,0.73
39355,0.62,0.91
39356,0.09,0.34
39357,0.03,0.05
39358,0.23,0.28
39359,0.2,0.63
39360,0.07,0.56
39361,0.55,0.92
39362,0.08,0.13
39363,0.4,0.56
39364,0.42,0.83
39365,0.04,0.31
39366,0.16,0.66
39367,0.02,0.79
39368,0.21,0.43
39369,0.05,0.08
39370,0.05,0.8
39371,0.13,0.28
39372,0.61,0.89
39373,0.06,0.36
39374,0.69,0.95
39375,0.07,0.18
39376,0.76,0.78
39377,0.26,0.58
39378,0.15,0.42
39379,0.56,0.53
39380,0.1,0.11
39381,0.02,0.18
39382,0.03,0.27
39383,0.04,0.03
39384,0.3,0.86
39385,0.0,0.05
39386,0.43,0.22
39387,0.03,0.16
39388,0.38,0.83
39389,0.27,0.44
39390,0.68,0.71
39391,0.19,0.53
39392,0.53,0.8
39393,0.71,0.8
39394,0.22,0.71
39395,0.41,0.27
39396,0.07,0.57
39397,0.04,0.13
39398,0.22,0.52
39399,0.16,0.2
39400,0.1,0.68
39401,0.22,0.43
39402,0.4,0.76
39403,0.17,0.75
39404,0.22,0.43
39405,0.03,0.16
39406,0.17,0.46
39407,0.07,0.76
39408,0.15,0.12
39409,0.03,0.13
39410,0.06,0.48
39411,0.11,0.55
39412,0.05,0.24
39413,0.17,0.59
39414,0.12,0.82
39415,0.12,0.28
39416,0.17,0.26
39417,0.67,0.83
39418,0.42,0.33
39419,0.18,0.66
39420,0.06,0.04
39421,0.05,0.12
39422,0.36,0.4
39423,0.16,0.86
39424,0.05,0.16
39425,0.52,0.57
39426,0.06,0.17
39427,0.13,0.71
39428,0.78,0.9
39429,0.21,0.77
39430,0.38,0.3
39431,0.25,0.16
39432,0.39,0.58
39433,0.06,0.3
39434,0.13,0.46
39435,0.2,0.52
39436,0.31,0.59
39437,0.13,0.86
39438,0.84,0.92
39439,0.32,0.22
39440,0.85,0.94
39441,0.05,0.14
39442,0.35,0.63
39443,0.83,0.91
39444,0.19,0.52
39445,0.03,0.36
39446,0.01,0.13
39447,0.39,0.57
39448,0.04,0.15
39449,0.36,0.73
39450,0.19,0.53
39451,0.11,0.46
39452,0.13,0.26
39453,0.16,0.17
39454,0.55,0.85
39455,0.05,0.17
39456,0.14,0.16
39457,0.1,0.38
39458,0.32,0.79
39459,0.08,0.8
39460,0.11,0.28
39461,0.11,0.51
39462,0.61,0.92
39463,0.21,0.27
39464,0.12,0.32
39465,0.02,0.12
39466,0.09,0.21
39467,0.26,0.77
39468,0.16,0.4
39469,0.09,0.12
39470,0.04,0.44
39471,0.03,0.05
39472,0.33,0.54
39473,0.35,0.42
39474,0.2,0.37
39475,0.25,0.68
39476,0.22,0.43
39477,0.02,0.11
39478,0.23,0.33
39479,0.2,0.55
39480,0.16,0.23
39481,0.16,0.64
39482,0.11,0.89
39483,0.08,0.16
39484,0.04,0.09
39485,0.13,0.66
39486,0.12,0.33
39487,0.11,0.77
39488,0.2,0.42
39489,0.45,0.5
39490,0.54,0.84
39491,0.06,0.03
39492,0.64,0.83
39493,0.17,0.61
39494,0.05,0.6
39495,0.25,0.16
39496,0.35,0.68
39497,0.6,0.57
39498,0.21,0.26
39499,0.37,0.81
39500,0.09,0.6
39501,0.02,0.17
39502,0.65,0.81
39503,0.36,0.84
39504,0.01,0.05
39505,0.09,0.08
39506,0.5,0.71
39507,0.49,0.72
39508,0.08,0.49
39509,0.14,0.38
39510,0.08,0.15
39511,0.12,0.38
39512,0.17,0.36
39513,0.15,0.43
39514,0.41,0.27
39515,0.16,0.61
39516,0.05,0.14
39517,0.17,0.56
39518,0.38,0.6
39519,0.12,0.28
39520,0.1,0.56
39521,0.3,0.36
39522,0.14,0.41
39523,0.12,0.11
39524,0.16,0.78
39525,0.08,0.74
39526,0.09,0.13
39527,0.06,0.11
39528,0.06,0.25
39529,0.38,0.48
39530,0.32,0.5
39531,0.58,0.9
39532,0.15,0.6
39533,0.05,0.07
39534,0.06,0.71
39535,0.13,0.84
39536,0.02,0.12
39537,0.17,0.53
39538,0.08,0.65
39539,0.67,0.71
39540,0.43,0.75
39541,0.06,0.12
39542,0.08,0.23
39543,0.15,0.45
39544,0.13,0.34
39545,0.0,0.04
39546,0.1,0.22
39547,0.41,0.83
39548,0.14,0.23
39549,0.1,0.98
39550,0.07,0.65
39551,0.12,0.24
39552,0.34,0.54
39553,0.1,0.32
39554,0.31,0.67
39555,0.1,0.41
39556,0.19,0.89
39557,0.17,0.24
39558,0.19,0.59
39559,0.05,0.14
39560,0.07,0.15
39561,0.2,0.58
39562,0.1,0.17
39563,0.07,0.68
39564,0.39,0.73
39565,0.1,0.71
39566,0.28,0.58
39567,0.2,0.52
39568,0.1,0.63
39569,0.04,0.13
39570,0.28,0.56
39571,0.57,0.69
39572,0.31,0.53
39573,0.11,0.31
39574,0.37,0.57
39575,0.36,0.57
39576,0.18,0.36
39577,0.16,0.31
39578,0.37,0.22
39579,0.3,0.56
39580,0.59,0.67
39581,0.38,0.65
39582,0.31,0.67
39583,0.14,0.25
39584,0.62,0.58
39585,0.15,0.69
39586,0.51,0.72
39587,0.15,0.74
39588,0.15,0.44
39589,0.09,0.47
39590,0.04,0.06
39591,0.05,0.06
39592,0.08,0.13
39593,0.23,0.58
39594,0.23,0.8
39595,0.32,0.87
39596,0.05,0.88
39597,0.14,0.24
39598,0.03,0.07
39599,0.7,0.8
39600,0.13,0.12
39601,0.14,0.26
39602,0.06,0.34
39603,0.42,0.73
39604,0.05,0.28
39605,0.34,0.36
39606,0.19,0.63
39607,0.07,0.16
39608,0.19,0.78
39609,0.1,0.61
39610,0.54,0.38
39611,0.55,0.85
39612,0.05,0.06
39613,0.06,0.05
39614,0.53,0.78
39615,0.42,0.85
39616,0.11,0.49
39617,0.48,0.67
39618,0.45,0.82
39619,0.53,0.76
39620,0.37,0.86
39621,0.1,0.52
39622,0.3,0.43
39623,0.05,0.04
39624,0.15,0.28
39625,0.23,0.37
39626,0.05,0.13
39627,0.4,0.7
39628,0.5,0.86
39629,0.15,0.71
39630,0.36,0.6
39631,0.08,0.78
39632,0.03,0.1
39633,0.12,0.85
39634,0.68,0.9
39635,0.05,0.14
39636,0.12,0.71
39637,0.03,0.18
39638,0.12,0.5
39639,0.43,0.79
39640,0.36,0.64
39641,0.52,0.58
39642,0.19,0.53
39643,0.53,0.91
39644,0.21,0.51
39645,0.09,0.08
39646,0.11,0.46
39647,0.15,0.89
39648,0.27,0.85
39649,0.03,0.08
39650,0.18,0.44
39651,0.03,0.07
39652,0.02,0.87
39653,0.27,0.73
39654,0.07,0.23
39655,0.1,0.07
39656,0.24,0.79
39657,0.03,0.31
39658,0.39,0.61
39659,0.43,0.83
39660,0.02,0.09
39661,0.22,0.25
39662,0.07,0.08
39663,0.14,0.63
39664,0.17,0.73
39665,0.08,0.33
39666,0.29,0.62
39667,0.18,0.17
39668,0.75,0.87
39669,0.52,0.75
39670,0.01,0.15
39671,0.2,0.54
39672,0.19,0.36
39673,0.12,0.26
39674,0.15,0.7
39675,0.01,0.14
39676,0.3,0.22
39677,0.53,0.67
39678,0.02,0.08
39679,0.6,0.86
39680,0.16,0.11
39681,0.14,0.27
39682,0.13,0.11
39683,0.22,0.55
39684,0.08,0.45
39685,0.62,0.79
39686,0.1,0.17
39687,0.28,0.69
39688,0.1,0.48
39689,0.48,0.8
39690,0.12,0.37
39691,0.15,0.62
39692,0.03,0.77
39693,0.18,0.76
39694,0.23,0.44
39695,0.31,0.76
39696,0.39,0.87
39697,0.22,0.57
39698,0.1,0.91
39699,0.02,0.07
39700,0.01,0.25
39701,0.06,0.19
39702,0.05,0.89
39703,0.63,0.92
39704,0.15,0.27
39705,0.18,0.4
39706,0.08,0.2
39707,0.02,0.24
39708,0.06,0.11
39709,0.13,0.2
39710,0.72,0.82
39711,0.34,0.51
39712,0.1,0.23
39713,0.35,0.84
39714,0.06,0.09
39715,0.08,0.79
39716,0.13,0.25
39717,0.33,0.42
39718,0.19,0.87
39719,0.04,0.16
39720,0.24,0.19
39721,0.08,0.43
39722,0.15,0.79
39723,0.08,0.55
39724,0.07,0.53
39725,0.59,0.71
39726,0.02,0.08
39727,0.09,0.68
39728,0.19,0.43
39729,0.09,0.28
39730,0.03,0.58
39731,0.07,0.15
39732,0.02,0.12
39733,0.03,0.19
39734,0.25,0.4
39735,0.18,0.44
39736,0.03,0.09
39737,0.16,0.39
39738,0.33,0.76
39739,0.49,0.62
39740,0.48,0.53
39741,0.14,0.09
39742,0.7,0.84
39743,0.13,0.7
39744,0.24,0.79
39745,0.25,0.22
39746,0.02,0.06
39747,0.6,0.76
39748,0.02,0.1
39749,0.16,0.25
39750,0.16,0.6
39751,0.05,0.1
39752,0.25,0.38
39753,0.08,0.93
39754,0.06,0.07
39755,0.7,0.98
39756,0.04,0.69
39757,0.21,0.18
39758,0.31,0.47
39759,0.06,0.34
39760,0.0,0.48
39761,0.31,0.4
39762,0.03,0.43
39763,0.01,0.04
39764,0.07,0.36
39765,0.14,0.83
39766,0.15,0.45
39767,0.03,0.17
39768,0.2,0.88
39769,0.14,0.15
39770,0.24,0.69
39771,0.17,0.8
39772,0.05,0.26
39773,0.1,0.42
39774,0.24,0.94
39775,0.07,0.85
39776,0.14,0.19
39777,0.03,0.68
39778,0.07,0.25
39779,0.05,0.2
39780,0.08,0.25
39781,0.1,0.22
39782,0.04,0.19
39783,0.07,0.4
39784,0.09,0.32
39785,0.03,0.19
39786,0.15,0.41
39787,0.55,0.73
39788,0.22,0.78
39789,0.62,0.68
39790,0.0,0.19
39791,0.33,0.6
39792,0.07,0.31
39793,0.05,0.12
39794,0.47,0.78
39795,0.13,0.25
39796,0.09,0.18
39797,0.08,0.25
39798,0.18,0.53
39799,0.2,0.71
39800,0.14,0.3
39801,0.24,0.38
39802,0.15,0.69
39803,0.08,0.56
39804,0.07,0.1
39805,0.09,0.32
39806,0.09,0.13
39807,0.04,0.32
39808,0.07,0.15
39809,0.24,0.35
39810,0.22,0.84
39811,0.33,0.51
39812,0.05,0.17
39813,0.4,0.6
39814,0.7,0.88
39815,0.11,0.43
39816,0.19,0.23
39817,0.34,0.62
39818,0.01,0.07
39819,0.07,0.14
39820,0.14,0.83
39821,0.29,0.81
39822,0.02,0.16
39823,0.15,0.46
39824,0.13,0.29
39825,0.06,0.24
39826,0.53,0.78
39827,0.21,0.41
39828,0.1,0.52
39829,0.06,0.03
39830,0.01,0.19
39831,0.1,0.14
39832,0.01,0.05
39833,0.36,0.53
39834,0.25,0.68
39835,0.05,0.21
39836,0.09,0.57
39837,0.13,0.49
39838,0.16,0.86
39839,0.33,0.74
39840,0.04,0.47
39841,0.46,0.56
39842,0.06,0.33
39843,0.07,0.18
39844,0.02,0.2
39845,0.04,0.77
39846,0.27,0.7
39847,0.18,0.72
39848,0.06,0.15
39849,0.15,0.3
39850,0.74,0.89
39851,0.09,0.49
39852,0.07,0.2
39853,0.14,0.28
39854,0.12,0.49
39855,0.13,0.12
39856,0.05,0.09
39857,0.16,0.56
39858,0.09,0.6
39859,0.2,0.61
39860,0.39,0.66
39861,0.05,0.76
39862,0.14,0.41
39863,0.02,0.16
39864,0.34,0.59
39865,0.21,0.59
39866,0.03,0.14
39867,0.1,0.27
39868,0.78,0.74
39869,0.02,0.69
39870,0.12,0.27
39871,0.06,0.32
39872,0.05,0.17
39873,0.28,0.51
39874,0.06,0.82
39875,0.22,0.27
39876,0.06,0.3
39877,0.01,0.08
39878,0.02,0.1
39879,0.2,0.27
39880,0.33,0.62
39881,0.06,0.14
39882,0.31,0.1
39883,0.46,0.75
39884,0.09,0.26
39885,0.1,0.14
39886,0.07,0.66
39887,0.02,0.24
39888,0.03,0.16
39889,0.25,0.48
39890,0.1,0.42
39891,0.16,0.64
39892,0.21,0.19
39893,0.13,0.81
39894,0.22,0.33
39895,0.19,0.32
39896,0.26,0.58
39897,0.12,0.34
39898,0.03,0.09
39899,0.04,0.15
39900,0.32,0.58
39901,0.07,0.18
39902,0.49,0.69
39903,0.47,0.86
39904,0.18,0.21
39905,0.17,0.46
39906,0.16,0.29
39907,0.09,0.79
39908,0.35,0.65
39909,0.17,0.94
39910,0.13,0.26
39911,0.12,0.13
39912,0.41,0.76
39913,0.01,0.02
39914,0.67,0.83
39915,0.17,0.14
39916,0.0,0.24
39917,0.32,0.35
39918,0.31,0.2
39919,0.1,0.4
39920,0.33,0.69
39921,0.05,0.14
39922,0.22,0.79
39923,0.18,0.5
39924,0.05,0.14
39925,0.03,0.82
39926,0.48,0.48
39927,0.05,0.14
39928,0.22,0.22
39929,0.06,0.15
39930,0.07,0.15
39931,0.31,0.4
39932,0.16,0.8
39933,0.27,0.26
39934,0.07,0.21
39935,0.06,0.36
39936,0.11,0.45
39937,0.26,0.31
39938,0.0,0.05
39939,0.29,0.83
39940,0.28,0.58
39941,0.61,0.88
39942,0.12,0.44
39943,0.66,0.97
39944,0.63,0.92
39945,0.23,0.66
39946,0.24,0.3
39947,0.14,0.59
39948,0.09,0.39
39949,0.1,0.4
39950,0.04,0.35
39951,0.06,0.12
39952,0.27,0.52
39953,0.21,0.5
39954,0.11,0.43
39955,0.1,0.85
39956,0.08,0.16
39957,0.1,0.36
39958,0.61,0.8
39959,0.21,0.25
39960,0.18,0.22
39961,0.18,0.84
39962,0.03,0.41
39963,0.19,0.13
39964,0.22,0.79
39965,0.54,0.85
39966,0.28,0.39
39967,0.74,0.92
39968,0.05,0.22
39969,0.05,0.79
39970,0.56,0.87
39971,0.44,0.32
39972,0.21,0.39
39973,0.02,0.06
39974,0.13,0.85
39975,0.75,0.93
39976,0.05,0.58
39977,0.02,0.3
39978,0.09,0.12
39979,0.5,0.31
39980,0.15,0.19
39981,0.52,0.65
39982,0.06,0.36
39983,0.19,0.76
39984,0.19,0.28
39985,0.12,0.14
39986,0.12,0.34
39987,0.03,0.19
39988,0.57,0.72
39989,0.1,0.17
39990,0.62,0.9
39991,0.51,0.88
39992,0.15,0.44
39993,0.2,0.3
39994,0.68,0.66
39995,0.08,0.14
39996,0.53,0.62
39997,0.16,0.72
39998,0.13,0.69
39999,0.08,0.53
40000,0.06,0.44
40001,0.15,0.53
40002,0.41,0.41
40003,0.2,0.36
40004,0.02,0.17
40005,0.04,0.11
40006,0.24,0.71
40007,0.28,0.78
40008,0.05,0.42
40009,0.26,0.4
40010,0.45,0.8
40011,0.17,0.57
40012,0.28,0.71
40013,0.12,0.71
40014,0.09,0.14
40015,0.16,0.57
40016,0.08,0.73
40017,0.27,0.44
40018,0.06,0.03
40019,0.07,0.1
40020,0.8,0.86
40021,0.28,0.51
40022,0.07,0.23
40023,0.39,0.62
40024,0.75,0.91
40025,0.12,0.15
40026,0.11,0.12
40027,0.4,0.72
40028,0.86,0.88
40029,0.08,0.12
40030,0.05,0.17
40031,0.04,0.06
40032,0.12,0.6
40033,0.31,0.54
40034,0.15,0.27
40035,0.11,0.64
40036,0.37,0.45
40037,0.32,0.93
40038,0.21,0.83
40039,0.24,0.67
40040,0.18,0.76
40041,0.36,0.71
40042,0.07,0.86
40043,0.34,0.71
40044,0.8,0.81
40045,0.18,0.08
40046,0.1,0.3
40047,0.41,0.61
40048,0.16,0.36
40049,0.59,0.67
40050,0.65,0.91
40051,0.41,0.72
40052,0.08,0.13
40053,0.02,0.23
40054,0.16,0.6
40055,0.3,0.49
40056,0.07,0.21
40057,0.79,0.93
40058,0.13,0.26
40059,0.18,0.59
40060,0.02,0.93
40061,0.08,0.87
40062,0.09,0.06
40063,0.41,0.66
40064,0.09,0.95
40065,0.74,0.8
40066,0.05,0.24
40067,0.04,0.18
40068,0.09,0.16
40069,0.44,0.51
40070,0.17,0.51
40071,0.55,0.93
40072,0.08,0.35
40073,0.02,0.62
40074,0.51,0.54
40075,0.18,0.22
40076,0.1,0.37
40077,0.17,0.8
40078,0.14,0.4
40079,0.29,0.66
40080,0.49,0.25
40081,0.27,0.39
40082,0.06,0.14
40083,0.15,0.4
40084,0.15,0.39
40085,0.06,0.46
40086,0.12,0.52
40087,0.34,0.34
40088,0.31,0.74
40089,0.7,0.86
40090,0.13,0.7
40091,0.28,0.75
40092,0.11,0.16
40093,0.06,0.18
40094,0.47,0.79
40095,0.21,0.27
40096,0.09,0.7
40097,0.19,0.63
40098,0.72,0.88
40099,0.54,0.81
40100,0.04,0.16
40101,0.1,0.12
40102,0.32,0.49
40103,0.24,0.81
40104,0.48,0.94
40105,0.35,0.64
40106,0.14,0.45
40107,0.12,0.23
40108,0.25,0.35
40109,0.18,0.68
40110,0.16,0.35
40111,0.09,0.1
40112,0.15,0.15
40113,0.06,0.3
40114,0.08,0.64
40115,0.25,0.77
40116,0.07,0.46
40117,0.05,0.08
40118,0.05,0.37
40119,0.16,0.09
40120,0.14,0.18
40121,0.79,0.93
40122,0.15,0.72
40123,0.59,0.8
40124,0.12,0.32
40125,0.28,0.61
40126,0.05,0.23
40127,0.07,0.5
40128,0.05,0.05
40129,0.39,0.83
40130,0.08,0.44
40131,0.59,0.8
40132,0.03,0.13
40133,0.05,0.18
40134,0.49,0.88
40135,0.07,0.78
40136,0.06,0.32
40137,0.05,0.94
40138,0.04,0.7
40139,0.16,0.47
40140,0.15,0.41
40141,0.11,0.18
40142,0.39,0.74
40143,0.33,0.96
40144,0.04,0.1
40145,0.01,0.21
40146,0.03,0.08
40147,0.32,0.83
40148,0.42,0.87
40149,0.73,0.79
40150,0.15,0.65
40151,0.27,0.82
40152,0.07,0.25
40153,0.37,0.23
40154,0.1,0.29
40155,0.09,0.28
40156,0.47,0.84
40157,0.43,0.68
40158,0.5,0.88
40159,0.57,0.82
40160,0.45,0.6
40161,0.08,0.33
40162,0.25,0.8
40163,0.51,0.73
40164,0.21,0.35
40165,0.18,0.25
40166,0.22,0.26
40167,0.25,0.92
40168,0.09,0.15
40169,0.36,0.77
40170,0.46,0.72
40171,0.17,0.36
40172,0.52,0.96
40173,0.05,0.1
40174,0.21,0.56
40175,0.12,0.8
40176,0.45,0.93
40177,0.25,0.5
40178,0.1,0.47
40179,0.08,0.34
40180,0.14,0.62
40181,0.08,0.15
40182,0.72,0.94
40183,0.4,0.86
40184,0.05,0.15
40185,0.1,0.28
40186,0.12,0.44
40187,0.0,0.1
40188,0.65,0.93
40189,0.1,0.69
40190,0.04,0.62
40191,0.14,0.09
40192,0.36,0.81
40193,0.42,0.71
40194,0.23,0.49
40195,0.2,0.8
40196,0.77,0.9
40197,0.0,0.18
40198,0.4,0.41
40199,0.03,0.94
40200,0.14,0.33
40201,0.65,0.82
40202,0.53,0.72
40203,0.08,0.92
40204,0.22,0.44
40205,0.03,0.19
40206,0.71,0.82
40207,0.05,0.83
40208,0.63,0.91
40209,0.18,0.28
40210,0.03,0.1
40211,0.17,0.47
40212,0.38,0.59
40213,0.2,0.83
40214,0.1,0.17
40215,0.11,0.39
40216,0.47,0.51
40217,0.16,0.39
40218,0.24,0.46
40219,0.21,0.52
40220,0.12,0.33
40221,0.07,0.34
40222,0.07,0.19
40223,0.14,0.37
40224,0.15,0.27
40225,0.16,0.29
40226,0.04,0.03
40227,0.06,0.42
40228,0.14,0.21
40229,0.51,0.41
40230,0.24,0.44
40231,0.22,0.84
40232,0.09,0.93
40233,0.18,0.49
40234,0.24,0.15
40235,0.27,0.87
40236,0.78,0.67
40237,0.17,0.18
40238,0.16,0.22
40239,0.56,0.15
40240,0.54,0.55
40241,0.45,0.78
40242,0.25,0.56
40243,0.08,0.67
40244,0.09,0.67
40245,0.0,0.05
40246,0.26,0.5
40247,0.26,0.44
40248,0.06,0.51
40249,0.13,0.76
40250,0.57,0.91
40251,0.06,0.19
40252,0.64,0.95
40253,0.19,0.29
40254,0.08,0.32
40255,0.01,0.07
40256,0.28,0.53
40257,0.24,0.49
40258,0.09,0.46
40259,0.02,0.06
40260,0.53,0.77
40261,0.14,0.5
40262,0.13,0.68
40263,0.75,0.97
40264,0.03,0.12
40265,0.06,0.18
40266,0.33,0.3
40267,0.05,0.78
40268,0.04,0.08
40269,0.9,0.91
40270,0.11,0.31
40271,0.03,0.37
40272,0.55,0.7
40273,0.35,0.54
40274,0.64,0.89
40275,0.12,0.41
40276,0.04,0.85
40277,0.26,0.58
40278,0.52,0.64
40279,0.67,0.89
40280,0.52,0.63
40281,0.12,0.23
40282,0.11,0.33
40283,0.09,0.32
40284,0.03,0.18
40285,0.11,0.16
40286,0.12,0.13
40287,0.29,0.61
40288,0.2,0.16
40289,0.11,0.76
40290,0.08,0.95
40291,0.36,0.82
40292,0.08,0.43
40293,0.11,0.49
40294,0.02,0.12
40295,0.03,0.1
40296,0.08,0.15
40297,0.05,0.08
40298,0.31,0.23
40299,0.06,0.24
40300,0.23,0.38
40301,0.43,0.39
40302,0.52,0.76
40303,0.01,0.05
40304,0.06,0.22
40305,0.18,0.29
40306,0.12,0.42
40307,0.3,0.79
40308,0.21,0.76
40309,0.2,0.56
40310,0.09,0.1
40311,0.15,0.22
40312,0.03,0.23
40313,0.14,0.08
40314,0.01,0.96
40315,0.05,0.18
40316,0.12,0.7
40317,0.12,0.15
40318,0.07,0.19
40319,0.53,0.85
40320,0.05,0.18
40321,0.25,0.3
40322,0.21,0.3
40323,0.09,0.14
40324,0.07,0.16
40325,0.11,0.35
40326,0.11,0.09
40327,0.03,0.05
40328,0.13,0.38
40329,0.07,0.05
40330,0.42,0.5
40331,0.19,0.62
40332,0.06,0.11
40333,0.36,0.36
40334,0.06,0.69
40335,0.38,0.81
40336,0.11,0.26
40337,0.08,0.8
40338,0.07,0.33
40339,0.13,0.38
40340,0.46,0.93
40341,0.48,0.74
40342,0.01,0.18
40343,0.06,0.82
40344,0.49,0.61
40345,0.22,0.11
40346,0.69,0.88
40347,0.52,0.49
40348,0.15,0.39
40349,0.56,0.93
40350,0.09,0.21
40351,0.4,0.82
40352,0.27,0.9
40353,0.16,0.42
40354,0.12,0.52
40355,0.1,0.12
40356,0.24,0.27
40357,0.23,0.69
40358,0.54,0.32
40359,0.17,0.57
40360,0.15,0.11
40361,0.42,0.57
40362,0.09,0.12
40363,0.06,0.14
40364,0.14,0.89
40365,0.39,0.54
40366,0.19,0.26
40367,0.15,0.57
40368,0.31,0.61
40369,0.17,0.35
40370,0.37,0.54
40371,0.16,0.27
40372,0.06,0.12
40373,0.02,0.06
40374,0.36,0.93
40375,0.2,0.83
40376,0.14,0.74
40377,0.63,0.82
40378,0.11,0.42
40379,0.2,0.26
40380,0.15,0.13
40381,0.07,0.83
40382,0.15,0.17
40383,0.16,0.43
40384,0.18,0.8
40385,0.04,0.19
40386,0.11,0.5
40387,0.32,0.4
40388,0.25,0.35
40389,0.73,0.94
40390,0.16,0.5
40391,0.43,0.6
40392,0.08,0.63
40393,0.52,0.73
40394,0.09,0.39
40395,0.06,0.64
40396,0.55,0.81
40397,0.37,0.45
40398,0.68,0.88
40399,0.26,0.79
40400,0.07,0.34
40401,0.06,0.25
40402,0.11,0.12
40403,0.03,0.18
40404,0.03,0.33
40405,0.06,0.9
40406,0.57,0.9
40407,0.34,0.56
40408,0.11,0.33
40409,0.34,0.26
40410,0.11,0.51
40411,0.18,0.3
40412,0.05,0.66
40413,0.14,0.62
40414,0.14,0.78
40415,0.01,0.08
40416,0.2,0.39
40417,0.06,0.08
40418,0.08,0.24
40419,0.02,0.09
40420,0.06,0.76
40421,0.07,0.41
40422,0.66,0.76
40423,0.61,0.62
40424,0.26,0.2
40425,0.17,0.35
40426,0.43,0.56
40427,0.14,0.16
40428,0.11,0.4
40429,0.58,0.84
40430,0.62,0.84
40431,0.03,0.08
40432,0.08,0.33
40433,0.01,0.12
40434,0.02,0.13
40435,0.12,0.63
40436,0.05,0.12
40437,0.2,0.81
40438,0.52,0.8
40439,0.06,0.51
40440,0.02,0.05
40441,0.53,0.23
40442,0.1,0.18
40443,0.16,0.62
40444,0.07,0.15
40445,0.4,0.65
40446,0.12,0.54
40447,0.62,0.53
40448,0.19,0.54
40449,0.25,0.68
40450,0.1,0.12
40451,0.44,0.79
40452,0.11,0.09
40453,0.81,0.88
40454,0.05,0.07
40455,0.65,0.77
40456,0.24,0.42
40457,0.06,0.74
40458,0.05,0.25
40459,0.8,0.88
40460,0.17,0.79
40461,0.07,0.2
40462,0.51,0.91
40463,0.16,0.8
40464,0.17,0.5
40465,0.1,0.32
40466,0.05,0.48
40467,0.36,0.31
40468,0.18,0.75
40469,0.06,0.7
40470,0.19,0.47
40471,0.13,0.21
40472,0.0,0.11
40473,0.05,0.71
40474,0.24,0.31
40475,0.14,0.56
40476,0.2,0.11
40477,0.34,0.48
40478,0.03,0.14
40479,0.11,0.36
40480,0.44,0.56
40481,0.11,0.42
40482,0.59,0.63
40483,0.0,0.13
40484,0.81,0.92
40485,0.41,0.45
40486,0.14,0.05
40487,0.16,0.41
40488,0.52,0.75
40489,0.28,0.46
40490,0.34,0.44
40491,0.09,0.68
40492,0.32,0.79
40493,0.15,0.43
40494,0.02,0.04
40495,0.31,0.47
40496,0.36,0.68
40497,0.06,0.69
40498,0.07,0.46
40499,0.34,0.47
40500,0.05,0.09
40501,0.18,0.52
40502,0.01,0.16
40503,0.12,0.62
40504,0.0,0.02
40505,0.07,0.3
40506,0.11,0.71
40507,0.19,0.75
40508,0.28,0.55
40509,0.08,0.23
40510,0.17,0.89
40511,0.33,0.52
40512,0.69,0.72
40513,0.12,0.46
40514,0.1,0.97
40515,0.1,0.85
40516,0.27,0.86
40517,0.05,0.15
40518,0.05,0.0
40519,0.41,0.58
40520,0.77,0.91
40521,0.61,0.92
40522,0.05,0.82
40523,0.04,0.6
40524,0.09,0.43
40525,0.5,0.77
40526,0.13,0.36
40527,0.73,0.82
40528,0.14,0.09
40529,0.23,0.28
40530,0.09,0.16
40531,0.02,0.56
40532,0.04,0.14
40533,0.46,0.92
40534,0.09,0.23
40535,0.16,0.43
40536,0.03,0.07
40537,0.03,0.11
40538,0.12,0.93
40539,0.11,0.6
40540,0.46,0.63
40541,0.1,0.96
40542,0.06,0.12
40543,0.1,0.23
40544,0.11,0.26
40545,0.13,0.66
40546,0.06,0.14
40547,0.19,0.36
40548,0.07,0.24
40549,0.11,0.78
40550,0.12,0.19
40551,0.07,0.27
40552,0.14,0.63
40553,0.06,0.33
40554,0.71,0.66
40555,0.13,0.48
40556,0.14,0.18
40557,0.03,0.58
40558,0.46,0.62
40559,0.32,0.92
40560,0.13,0.79
40561,0.12,0.33
40562,0.17,0.21
40563,0.09,0.33
40564,0.3,0.4
40565,0.48,0.34
40566,0.08,0.24
40567,0.51,0.65
40568,0.06,0.19
40569,0.15,0.91
40570,0.7,0.67
40571,0.11,0.69
40572,0.06,0.71
40573,0.11,0.46
40574,0.07,0.74
40575,0.55,0.53
40576,0.0,0.06
40577,0.13,0.41
40578,0.19,0.09
40579,0.06,0.26
40580,0.07,0.13
40581,0.16,0.22
40582,0.59,0.93
40583,0.02,0.1
40584,0.25,0.58
40585,0.03,0.09
40586,0.03,0.06
40587,0.28,0.51
40588,0.13,0.78
40589,0.1,0.46
40590,0.35,0.75
40591,0.15,0.91
40592,0.24,0.66
40593,0.08,0.45
40594,0.08,0.06
40595,0.2,0.77
40596,0.09,0.56
40597,0.04,0.97
40598,0.11,0.34
40599,0.11,0.12
40600,0.09,0.29
40601,0.16,0.37
40602,0.05,0.16
40603,0.05,0.39
40604,0.39,0.19
40605,0.62,0.71
40606,0.45,0.61
40607,0.13,0.8
40608,0.07,0.12
40609,0.18,0.27
40610,0.22,0.64
40611,0.02,0.16
40612,0.25,0.7
40613,0.49,0.53
40614,0.09,0.11
40615,0.02,0.06
40616,0.13,0.21
40617,0.1,0.88
40618,0.23,0.2
40619,0.28,0.81
40620,0.31,0.5
40621,0.22,0.39
40622,0.01,0.06
40623,0.25,0.78
40624,0.71,0.9
40625,0.08,0.67
40626,0.08,0.16
40627,0.16,0.4
40628,0.0,0.07
40629,0.17,0.43
40630,0.11,0.24
40631,0.03,0.2
40632,0.46,0.39
40633,0.17,0.3
40634,0.16,0.47
40635,0.14,0.74
40636,0.06,0.56
40637,0.68,0.9
40638,0.01,0.83
40639,0.28,0.34
40640,0.04,0.76
40641,0.1,0.18
40642,0.26,0.4
40643,0.13,0.2
40644,0.14,0.47
40645,0.2,0.26
40646,0.46,0.78
40647,0.59,0.67
40648,0.25,0.65
40649,0.12,0.64
40650,0.71,0.96
40651,0.24,0.62
40652,0.33,0.43
40653,0.14,0.33
40654,0.13,0.18
40655,0.41,0.37
40656,0.04,0.11
40657,0.21,0.67
40658,0.19,0.44
40659,0.08,0.2
40660,0.15,0.33
40661,0.01,0.07
40662,0.7,0.97
40663,0.32,0.49
40664,0.36,0.55
40665,0.09,0.13
40666,0.07,0.28
40667,0.18,0.48
40668,0.06,0.43
40669,0.01,0.2
40670,0.02,0.19
40671,0.45,0.68
40672,0.76,0.88
40673,0.3,0.65
40674,0.09,0.3
40675,0.63,0.84
40676,0.05,0.13
40677,0.07,0.75
40678,0.23,0.16
40679,0.1,0.25
40680,0.04,0.39
40681,0.2,0.7
40682,0.45,0.78
40683,0.11,0.36
40684,0.08,0.22
40685,0.19,0.7
40686,0.08,0.93
40687,0.47,0.54
40688,0.11,0.4
40689,0.85,0.97
40690,0.09,0.4
40691,0.04,0.04
40692,0.36,0.48
40693,0.06,0.77
40694,0.09,0.88
40695,0.09,0.46
40696,0.05,0.18
40697,0.13,0.34
40698,0.11,0.83
40699,0.62,0.88
40700,0.31,0.55
40701,0.56,0.91
40702,0.31,0.49
40703,0.26,0.47
40704,0.54,0.88
40705,0.15,0.27
40706,0.07,0.22
40707,0.57,0.9
40708,0.47,0.83
40709,0.16,0.48
40710,0.43,0.28
40711,0.19,0.87
40712,0.04,0.13
40713,0.23,0.7
40714,0.04,0.12
40715,0.82,0.81
40716,0.1,0.29
40717,0.06,0.28
40718,0.19,0.57
40719,0.08,0.21
40720,0.06,0.52
40721,0.24,0.78
40722,0.08,0.38
40723,0.06,0.17
40724,0.1,0.23
40725,0.02,0.17
40726,0.13,0.21
40727,0.19,0.06
40728,0.08,0.2
40729,0.01,0.2
40730,0.27,0.76
40731,0.1,0.41
40732,0.03,0.11
40733,0.03,0.99
40734,0.06,0.09
40735,0.37,0.51
40736,0.14,0.36
40737,0.11,0.13
40738,0.33,0.85
40739,0.06,0.05
40740,0.06,0.37
40741,0.1,0.2
40742,0.16,0.26
40743,0.39,0.77
40744,0.37,0.67
40745,0.06,0.79
40746,0.02,0.07
40747,0.09,0.27
40748,0.13,0.61
40749,0.14,0.31
40750,0.22,0.25
40751,0.17,0.85
40752,0.15,0.23
40753,0.53,0.71
40754,0.05,0.23
40755,0.15,0.94
40756,0.1,0.22
40757,0.2,0.58
40758,0.34,0.81
40759,0.14,0.35
40760,0.06,0.74
40761,0.71,0.87
40762,0.14,0.61
40763,0.03,0.14
40764,0.1,0.05
40765,0.19,0.53
40766,0.75,0.87
40767,0.06,0.09
40768,0.32,0.35
40769,0.02,0.08
40770,0.01,0.04
40771,0.02,0.28
40772,0.7,0.77
40773,0.05,0.52
40774,0.16,0.5
40775,0.02,0.07
40776,0.13,0.32
40777,0.38,0.5
40778,0.0,0.07
40779,0.13,0.5
40780,0.12,0.97
40781,0.52,0.8
40782,0.4,0.5
40783,0.16,0.37
40784,0.08,0.16
40785,0.06,0.51
40786,0.11,0.29
40787,0.11,0.42
40788,0.03,0.09
40789,0.03,0.16
40790,0.24,0.88
40791,0.06,0.08
40792,0.11,0.41
40793,0.22,0.12
40794,0.25,0.3
40795,0.19,0.44
40796,0.05,0.23
40797,0.2,0.59
40798,0.12,0.81
40799,0.7,0.84
40800,0.01,0.07
40801,0.29,0.21
40802,0.0,0.05
40803,0.38,0.53
40804,0.89,0.99
40805,0.27,0.56
40806,0.11,0.52
40807,0.25,0.21
40808,0.16,0.22
40809,0.04,0.05
40810,0.06,0.11
40811,0.29,0.8
40812,0.12,0.18
40813,0.12,0.26
40814,0.21,0.16
40815,0.06,0.3
40816,0.06,0.28
40817,0.0,0.01
40818,0.14,0.16
40819,0.09,0.9
40820,0.06,0.28
40821,0.07,0.49
40822,0.16,0.44
40823,0.61,0.73
40824,0.08,0.26
40825,0.27,0.6
40826,0.37,0.67
40827,0.08,0.85
40828,0.09,0.21
40829,0.08,0.8
40830,0.13,0.47
40831,0.21,0.54
40832,0.83,0.83
40833,0.93,0.91
40834,0.1,0.18
40835,0.13,0.41
40836,0.06,0.72
40837,0.05,0.19
40838,0.37,0.74
40839,0.36,0.59
40840,0.51,0.77
40841,0.49,0.84
40842,0.26,0.45
40843,0.31,0.78
40844,0.1,0.43
40845,0.08,0.13
40846,0.44,0.81
40847,0.66,0.69
40848,0.21,0.62
40849,0.13,0.95
40850,0.29,0.75
40851,0.14,0.3
40852,0.06,0.17
40853,0.65,0.67
40854,0.21,0.63
40855,0.06,0.84
40856,0.16,0.89
40857,0.68,0.7
40858,0.21,0.21
40859,0.3,0.35
40860,0.68,0.79
40861,0.04,0.33
40862,0.2,0.2
40863,0.1,0.23
40864,0.23,0.79
40865,0.17,0.19
40866,0.11,0.82
40867,0.13,0.63
40868,0.01,0.31
40869,0.35,0.8
40870,0.0,0.08
40871,0.24,0.51
40872,0.09,0.43
40873,0.63,0.73
40874,0.46,0.75
40875,0.26,0.42
40876,0.77,0.73
40877,0.2,0.42
40878,0.22,0.25
40879,0.05,0.91
40880,0.62,0.86
40881,0.18,0.8
40882,0.59,0.9
40883,0.38,0.67
40884,0.01,0.35
40885,0.07,0.92
40886,0.0,0.17
40887,0.14,0.86
40888,0.38,0.62
40889,0.08,0.93
40890,0.1,0.2
40891,0.09,0.32
40892,0.14,0.32
40893,0.56,0.75
40894,0.16,0.16
40895,0.39,0.52
40896,0.11,0.5
40897,0.44,0.77
40898,0.48,0.86
40899,0.2,0.81
40900,0.05,0.19
40901,0.18,0.43
40902,0.31,0.54
40903,0.04,0.23
40904,0.16,0.71
40905,0.47,0.93
40906,0.58,0.73
40907,0.26,0.28
40908,0.22,0.54
40909,0.22,0.53
40910,0.38,0.56
40911,0.06,0.73
40912,0.07,0.19
40913,0.2,0.38
40914,0.73,0.94
40915,0.1,0.54
40916,0.09,0.26
40917,0.02,0.48
40918,0.42,0.26
40919,0.46,0.8
40920,0.04,0.2
40921,0.13,0.44
40922,0.06,0.2
40923,0.16,0.26
40924,0.11,0.19
40925,0.06,0.11
40926,0.48,0.55
40927,0.02,0.43
40928,0.42,0.73
40929,0.06,0.4
40930,0.31,0.86
40931,0.14,0.3
40932,0.3,0.27
40933,0.81,0.8
40934,0.6,0.98
40935,0.04,0.48
40936,0.14,0.45
40937,0.11,0.16
40938,0.02,0.11
40939,0.27,0.83
40940,0.05,0.43
40941,0.05,0.24
40942,0.06,0.49
40943,0.08,0.07
40944,0.06,0.4
40945,0.1,0.59
40946,0.05,0.37
40947,0.05,0.11
40948,0.1,0.2
40949,0.05,0.7
40950,0.15,0.85
40951,0.7,0.85
40952,0.2,0.67
40953,0.06,0.95
40954,0.2,0.87
40955,0.11,0.35
40956,0.04,0.35
40957,0.08,0.16
40958,0.42,0.67
40959,0.19,0.18
40960,0.41,0.63
40961,0.11,0.16
40962,0.38,0.97
40963,0.07,0.11
40964,0.23,0.5
40965,0.67,0.93
40966,0.09,0.46
40967,0.05,0.12
40968,0.23,0.82
40969,0.05,0.52
40970,0.16,0.35
40971,0.03,0.32
40972,0.12,0.37
40973,0.03,0.22
40974,0.5,0.7
40975,0.47,0.63
40976,0.14,0.23
40977,0.21,0.78
40978,0.02,0.1
40979,0.39,0.85
40980,0.08,0.17
40981,0.15,0.47
40982,0.13,0.24
40983,0.46,0.7
40984,0.13,0.22
40985,0.85,0.97
40986,0.01,0.15
40987,0.59,0.82
40988,0.09,0.34
40989,0.11,0.73
40990,0.05,0.2
40991,0.11,0.26
40992,0.22,0.54
40993,0.26,0.31
40994,0.47,0.77
40995,0.0,0.02
40996,0.39,0.76
40997,0.08,0.77
40998,0.15,0.36
40999,0.31,0.38
41000,0.29,0.61
41001,0.02,0.07
41002,0.22,0.76
41003,0.21,0.87
41004,0.18,0.34
41005,0.37,0.47
41006,0.07,0.19
41007,0.16,0.57
41008,0.05,0.64
41009,0.02,0.05
41010,0.23,0.25
41011,0.46,0.58
41012,0.45,0.92
41013,0.38,0.42
41014,0.03,0.06
41015,0.09,0.84
41016,0.07,0.18
41017,0.04,0.37
41018,0.07,0.27
41019,0.12,0.31
41020,0.04,0.89
41021,0.25,0.31
41022,0.06,0.14
41023,0.08,0.74
41024,0.22,0.56
41025,0.09,0.12
41026,0.03,0.11
41027,0.41,0.83
41028,0.15,0.33
41029,0.08,0.23
41030,0.36,0.62
41031,0.56,0.62
41032,0.17,0.62
41033,0.14,0.55
41034,0.48,0.85
41035,0.09,0.84
41036,0.57,0.8
41037,0.07,0.66
41038,0.56,0.62
41039,0.03,0.11
41040,0.02,0.07
41041,0.26,0.19
41042,0.63,0.66
41043,0.11,0.19
41044,0.17,0.37
41045,0.09,0.84
41046,0.05,0.07
41047,0.22,0.17
41048,0.39,0.43
41049,0.22,0.23
41050,0.23,0.47
41051,0.3,0.86
41052,0.13,0.73
41053,0.54,0.96
41054,0.61,0.37
41055,0.01,0.11
41056,0.13,0.22
41057,0.08,0.17
41058,0.07,0.91
41059,0.11,0.22
41060,0.65,0.58
41061,0.25,0.22
41062,0.14,0.88
41063,0.01,0.15
41064,0.18,0.78
41065,0.17,0.26
41066,0.05,0.11
41067,0.12,0.37
41068,0.13,0.71
41069,0.71,0.84
41070,0.45,0.34
41071,0.05,0.35
41072,0.12,0.27
41073,0.09,0.86
41074,0.18,0.37
41075,0.2,0.33
41076,0.27,0.49
41077,0.16,0.36
41078,0.33,0.72
41079,0.07,0.29
41080,0.14,0.19
41081,0.01,0.82
41082,0.44,0.65
41083,0.11,0.53
41084,0.05,0.76
41085,0.16,0.4
41086,0.06,0.27
41087,0.26,0.72
41088,0.41,0.66
41089,0.57,0.66
41090,0.06,0.28
41091,0.76,0.96
41092,0.1,0.16
41093,0.2,0.21
41094,0.02,0.14
41095,0.17,0.41
41096,0.08,0.18
41097,0.28,0.43
41098,0.17,0.35
41099,0.09,0.38
41100,0.41,0.51
41101,0.06,0.32
41102,0.61,0.79
41103,0.06,0.08
41104,0.01,0.16
41105,0.24,0.23
41106,0.18,0.65
41107,0.67,0.85
41108,0.29,0.83
41109,0.45,0.52
41110,0.55,0.66
41111,0.14,0.53
41112,0.07,0.14
41113,0.48,0.75
41114,0.33,0.55
41115,0.19,0.68
41116,0.25,0.24
41117,0.31,0.56
41118,0.25,0.57
41119,0.06,0.51
41120,0.1,0.58
41121,0.29,0.65
41122,0.25,0.29
41123,0.26,0.14
41124,0.3,0.84
41125,0.18,0.42
41126,0.32,0.45
41127,0.11,0.37
41128,0.13,0.56
41129,0.11,0.33
41130,0.17,0.6
41131,0.1,0.35
41132,0.44,0.6
41133,0.06,0.68
41134,0.02,0.22
41135,0.11,0.11
41136,0.33,0.32
41137,0.04,0.07
41138,0.1,0.16
41139,0.53,0.5
41140,0.1,0.39
41141,0.38,0.5
41142,0.3,0.39
41143,0.14,0.47
41144,0.44,0.52
41145,0.44,0.88
41146,0.47,0.47
41147,0.05,0.24
41148,0.03,0.03
41149,0.04,0.15
41150,0.12,0.43
41151,0.04,0.96
41152,0.56,0.78
41153,0.05,0.27
41154,0.02,0.12
41155,0.17,0.32
41156,0.05,0.06
41157,0.1,0.68
41158,0.6,0.66
41159,0.07,0.27
41160,0.15,0.58
41161,0.02,0.02
41162,0.03,0.17
41163,0.11,0.2
41164,0.13,0.53
41165,0.58,0.72
41166,0.16,0.76
41167,0.08,0.89
41168,0.27,0.37
41169,0.06,0.5
41170,0.31,0.59
41171,0.76,0.98
41172,0.23,0.59
41173,0.08,0.1
41174,0.45,0.48
41175,0.16,0.63
41176,0.08,0.19
41177,0.2,0.82
41178,0.05,0.17
41179,0.17,0.25
41180,0.09,0.29
41181,0.41,0.56
41182,0.11,0.27
41183,0.2,0.25
41184,0.32,0.67
41185,0.16,0.22
41186,0.2,0.53
41187,0.07,0.08
41188,0.68,0.9
41189,0.08,0.17
41190,0.61,0.75
41191,0.7,0.62
41192,0.07,0.34
41193,0.32,0.95
41194,0.2,0.25
41195,0.14,0.1
41196,0.21,0.74
41197,0.05,0.1
41198,0.19,0.65
41199,0.16,0.78
41200,0.2,0.15
41201,0.03,0.07
41202,0.64,0.87
41203,0.57,0.62
41204,0.1,0.39
41205,0.03,0.1
41206,0.23,0.26
41207,0.02,0.1
41208,0.22,0.32
41209,0.22,0.68
41210,0.27,0.58
41211,0.11,0.4
41212,0.43,0.77
41213,0.19,0.23
41214,0.84,0.96
41215,0.06,0.61
41216,0.2,0.24
41217,0.09,0.32
41218,0.06,0.24
41219,0.08,0.1
41220,0.13,0.1
41221,0.53,0.73
41222,0.09,0.86
41223,0.72,0.99
41224,0.12,0.66
41225,0.01,0.06
41226,0.49,0.71
41227,0.01,0.11
41228,0.06,0.24
41229,0.2,0.7
41230,0.18,0.54
41231,0.04,0.25
41232,0.03,0.18
41233,0.17,0.55
41234,0.13,0.09
41235,0.65,0.85
41236,0.13,0.29
41237,0.32,0.57
41238,0.77,0.89
41239,0.1,0.04
41240,0.04,0.18
41241,0.19,0.2
41242,0.09,0.27
41243,0.14,0.18
41244,0.05,0.24
41245,0.43,0.47
41246,0.19,0.19
41247,0.2,0.41
41248,0.67,0.72
41249,0.72,0.83
41250,0.23,0.78
41251,0.07,0.46
41252,0.08,0.96
41253,0.64,0.92
41254,0.13,0.08
41255,0.71,0.79
41256,0.3,0.63
41257,0.46,0.64
41258,0.09,0.24
41259,0.14,0.26
41260,0.17,1.0
41261,0.22,0.58
41262,0.27,0.43
41263,0.01,0.14
41264,0.7,0.78
41265,0.11,0.25
41266,0.05,0.06
41267,0.08,0.21
41268,0.05,0.28
41269,0.49,0.84
41270,0.13,0.23
41271,0.32,0.26
41272,0.08,0.08
41273,0.01,0.18
41274,0.34,0.7
41275,0.06,0.11
41276,0.12,0.26
41277,0.14,0.21
41278,0.05,0.58
41279,0.11,0.13
41280,0.12,0.25
41281,0.12,0.49
41282,0.05,0.34
41283,0.06,0.53
41284,0.13,0.37
41285,0.07,0.23
41286,0.04,0.09
41287,0.3,0.63
41288,0.04,0.31
41289,0.3,0.81
41290,0.25,0.34
41291,0.4,0.88
41292,0.27,0.45
41293,0.0,0.05
41294,0.27,0.53
41295,0.16,0.4
41296,0.03,0.17
41297,0.09,0.34
41298,0.21,0.55
41299,0.14,0.22
41300,0.1,0.11
41301,0.21,0.13
41302,0.06,0.53
41303,0.07,0.26
41304,0.34,0.45
41305,0.3,0.48
41306,0.06,0.56
41307,0.08,0.27
41308,0.07,0.24
41309,0.03,0.13
41310,0.44,0.64
41311,0.34,0.52
41312,0.15,0.38
41313,0.15,0.7
41314,0.86,0.83
41315,0.02,0.1
41316,0.15,0.09
41317,0.3,0.45
41318,0.2,0.79
41319,0.06,0.05
41320,0.32,0.31
41321,0.51,0.63
41322,0.25,0.94
41323,0.11,0.48
41324,0.28,0.59
41325,0.13,0.24
41326,0.21,0.51
41327,0.05,0.03
41328,0.21,0.12
41329,0.81,0.92
41330,0.12,0.29
41331,0.14,0.35
41332,0.04,0.82
41333,0.39,0.44
41334,0.04,0.97
41335,0.07,0.33
41336,0.02,0.04
41337,0.49,0.64
41338,0.02,0.11
41339,0.1,0.9
41340,0.76,0.83
41341,0.18,0.66
41342,0.37,0.79
41343,0.54,0.75
41344,0.71,0.9
41345,0.06,0.19
41346,0.02,0.06
41347,0.11,0.22
41348,0.04,0.18
41349,0.02,0.34
41350,0.58,0.9
41351,0.24,0.24
41352,0.51,0.87
41353,0.08,0.18
41354,0.1,0.4
41355,0.09,0.18
41356,0.08,0.96
41357,0.04,0.16
41358,0.1,0.33
41359,0.23,0.4
41360,0.19,0.24
41361,0.16,0.27
41362,0.06,0.41
41363,0.07,0.38
41364,0.07,0.35
41365,0.06,0.3
41366,0.05,0.17
41367,0.06,0.16
41368,0.08,0.83
41369,0.06,0.13
41370,0.06,0.4
41371,0.11,0.15
41372,0.15,0.63
41373,0.03,0.15
41374,0.05,0.15
41375,0.15,0.4
41376,0.26,0.81
41377,0.2,0.43
41378,0.3,0.46
41379,0.05,0.24
41380,0.11,0.75
41381,0.02,0.13
41382,0.2,0.28
41383,0.1,0.44
41384,0.06,0.3
41385,0.16,0.29
41386,0.17,0.34
41387,0.36,0.66
41388,0.1,0.56
41389,0.05,0.26
41390,0.09,0.77
41391,0.74,0.78
41392,0.14,0.36
41393,0.28,0.64
41394,0.19,0.2
41395,0.11,0.29
41396,0.05,0.19
41397,0.13,0.75
41398,0.31,0.56
41399,0.09,0.84
41400,0.27,0.66
41401,0.35,0.82
41402,0.24,0.44
41403,0.13,0.13
41404,0.01,0.96
41405,0.13,0.22
41406,0.27,0.68
41407,0.03,0.64
41408,0.15,0.57
41409,0.29,0.43
41410,0.15,0.42
41411,0.07,0.26
41412,0.12,0.42
41413,0.69,0.86
41414,0.08,0.77
41415,0.12,0.53
41416,0.15,0.36
41417,0.17,0.9
41418,0.4,0.21
41419,0.43,0.7
41420,0.05,0.8
41421,0.92,0.94
41422,0.57,0.64
41423,0.22,0.83
41424,0.16,0.66
41425,0.44,0.76
41426,0.1,0.2
41427,0.17,0.33
41428,0.24,0.76
41429,0.14,0.17
41430,0.17,0.39
41431,0.7,0.75
41432,0.08,0.25
41433,0.46,0.92
41434,0.1,0.3
41435,0.02,0.1
41436,0.31,0.56
41437,0.12,0.42
41438,0.1,0.13
41439,0.07,0.12
41440,0.03,0.05
41441,0.06,0.49
41442,0.23,0.55
41443,0.08,0.18
41444,0.38,0.94
41445,0.12,0.28
41446,0.17,0.69
41447,0.37,0.69
41448,0.07,0.12
41449,0.18,0.81
41450,0.22,0.25
41451,0.09,0.23
41452,0.04,0.83
41453,0.43,0.6
41454,0.61,0.89
41455,0.23,0.69
41456,0.81,0.7
41457,0.08,0.29
41458,0.35,0.43
41459,0.0,0.08
41460,0.18,0.69
41461,0.42,0.95
41462,0.24,0.45
41463,0.33,0.81
41464,0.18,0.22
41465,0.11,0.4
41466,0.08,0.39
41467,0.13,0.41
41468,0.1,0.85
41469,0.63,0.57
41470,0.11,0.32
41471,0.6,0.84
41472,0.23,0.61
41473,0.55,0.73
41474,0.23,0.81
41475,0.1,0.57
41476,0.11,0.33
41477,0.15,0.54
41478,0.09,0.36
41479,0.21,0.41
41480,0.04,0.2
41481,0.08,0.29
41482,0.05,0.08
41483,0.08,0.65
41484,0.08,0.06
41485,0.05,0.1
41486,0.18,0.07
41487,0.55,0.76
41488,0.08,0.21
41489,0.19,0.5
41490,0.08,0.68
41491,0.46,0.66
41492,0.05,0.14
41493,0.56,0.67
41494,0.0,0.97
41495,0.07,0.3
41496,0.07,0.67
41497,0.04,0.4
41498,0.08,0.22
41499,0.34,0.37
41500,0.11,0.2
41501,0.43,0.79
41502,0.07,0.58
41503,0.41,0.27
41504,0.15,0.73
41505,0.15,0.59
41506,0.33,0.23
41507,0.02,0.05
41508,0.07,0.22
41509,0.12,0.28
41510,0.06,0.63
41511,0.22,0.68
41512,0.06,0.26
41513,0.43,0.57
41514,0.19,0.26
41515,0.07,0.4
41516,0.12,0.99
41517,0.06,0.06
41518,0.53,0.53
41519,0.15,0.79
41520,0.37,0.71
41521,0.19,0.74
41522,0.05,0.1
41523,0.07,0.03
41524,0.67,0.76
41525,0.08,0.71
41526,0.09,0.44
41527,0.23,0.37
41528,0.19,0.91
41529,0.27,0.41
41530,0.08,0.12
41531,0.36,0.66
41532,0.46,0.33
41533,0.45,0.6
41534,0.13,0.82
41535,0.1,0.13
41536,0.48,0.81
41537,0.53,0.62
41538,0.43,0.71
41539,0.2,0.67
41540,0.22,0.5
41541,0.71,0.97
41542,0.12,0.18
41543,0.2,0.51
41544,0.14,0.5
41545,0.09,0.64
41546,0.28,0.53
41547,0.18,0.51
41548,0.19,0.6
41549,0.08,0.49
41550,0.18,0.69
41551,0.09,0.86
41552,0.3,0.71
41553,0.04,0.29
41554,0.68,0.68
41555,0.28,0.33
41556,0.33,0.54
41557,0.22,0.96
41558,0.69,0.77
41559,0.09,0.33
41560,0.02,0.29
41561,0.48,0.54
41562,0.18,0.41
41563,0.1,0.55
41564,0.36,0.36
41565,0.09,0.4
41566,0.31,0.55
41567,0.25,0.47
41568,0.28,0.49
41569,0.06,0.44
41570,0.16,0.79
41571,0.08,0.09
41572,0.16,0.27
41573,0.52,0.79
41574,0.01,0.08
41575,0.8,0.93
41576,0.52,0.5
41577,0.15,0.81
41578,0.01,0.12
41579,0.1,0.08
41580,0.2,0.75
41581,0.06,0.06
41582,0.08,0.33
41583,0.09,0.56
41584,0.09,0.93
41585,0.56,0.38
41586,0.16,0.34
41587,0.54,0.65
41588,0.3,0.29
41589,0.63,0.8
41590,0.1,0.39
41591,0.09,0.39
41592,0.21,0.49
41593,0.03,0.55
41594,0.1,0.3
41595,0.21,0.3
41596,0.48,0.69
41597,0.08,0.15
41598,0.76,0.85
41599,0.09,0.81
41600,0.18,0.19
41601,0.38,0.5
41602,0.02,0.7
41603,0.18,0.24
41604,0.51,0.86
41605,0.11,0.42
41606,0.1,0.12
41607,0.19,0.44
41608,0.09,0.44
41609,0.04,0.31
41610,0.07,0.39
41611,0.27,0.39
41612,0.24,0.77
41613,0.59,0.79
41614,0.57,0.85
41615,0.71,0.92
41616,0.58,0.81
41617,0.04,0.66
41618,0.71,0.96
41619,0.13,0.28
41620,0.17,0.24
41621,0.36,0.46
41622,0.57,0.63
41623,0.33,0.5
41624,0.47,0.36
41625,0.55,0.57
41626,0.04,0.03
41627,0.19,0.35
41628,0.04,0.2
41629,0.03,0.09
41630,0.29,0.31
41631,0.53,0.72
41632,0.5,0.74
41633,0.02,0.17
41634,0.27,0.42
41635,0.47,0.7
41636,0.14,0.32
41637,0.04,0.17
41638,0.01,0.06
41639,0.26,0.6
41640,0.34,0.67
41641,0.4,0.68
41642,0.1,0.23
41643,0.04,0.13
41644,0.12,0.22
41645,0.09,0.92
41646,0.2,0.59
41647,0.1,0.65
41648,0.07,0.16
41649,0.17,0.27
41650,0.53,0.8
41651,0.12,0.9
41652,0.73,0.91
41653,0.06,0.12
41654,0.13,0.35
41655,0.02,0.09
41656,0.19,0.66
41657,0.09,0.13
41658,0.7,0.97
41659,0.22,0.37
41660,0.13,0.78
41661,0.49,0.73
41662,0.1,0.56
41663,0.02,0.06
41664,0.66,0.82
41665,0.04,0.17
41666,0.33,0.81
41667,0.05,0.17
41668,0.06,0.17
41669,0.01,0.04
41670,0.05,0.18
41671,0.02,0.13
41672,0.06,0.2
41673,0.06,0.17
41674,0.06,0.08
41675,0.21,0.31
41676,0.07,0.13
41677,0.11,0.48
41678,0.02,0.24
41679,0.15,0.31
41680,0.16,0.25
41681,0.79,0.94
41682,0.08,0.19
41683,0.09,0.24
41684,0.18,0.64
41685,0.18,0.38
41686,0.19,0.38
41687,0.05,0.04
41688,0.04,0.41
41689,0.1,0.27
41690,0.13,0.37
41691,0.42,0.91
41692,0.06,0.1
41693,0.41,0.39
41694,0.1,0.15
41695,0.49,0.72
41696,0.0,0.04
41697,0.02,0.18
41698,0.13,0.22
41699,0.18,0.21
41700,0.0,0.09
41701,0.51,0.62
41702,0.36,0.41
41703,0.2,0.14
41704,0.21,0.36
41705,0.03,0.29
41706,0.77,0.94
41707,0.04,0.17
41708,0.06,0.35
41709,0.58,0.66
41710,0.13,0.25
41711,0.78,0.89
41712,0.11,0.61
41713,0.1,0.99
41714,0.27,0.44
41715,0.1,0.13
41716,0.07,0.19
41717,0.15,0.17
41718,0.07,0.16
41719,0.09,0.4
41720,0.45,0.71
41721,0.07,0.14
41722,0.07,0.32
41723,0.13,0.86
41724,0.18,0.3
41725,0.47,0.8
41726,0.06,0.11
41727,0.51,0.66
41728,0.03,0.1
41729,0.13,0.34
41730,0.0,0.07
41731,0.05,0.4
41732,0.12,0.22
41733,0.08,0.85
41734,0.42,0.59
41735,0.11,0.27
41736,0.1,0.21
41737,0.09,0.06
41738,0.02,0.65
41739,0.12,0.62
41740,0.04,0.33
41741,0.23,0.6
41742,0.11,0.15
41743,0.14,0.39
41744,0.17,0.47
41745,0.0,0.04
41746,0.03,0.11
41747,0.72,0.69
41748,0.04,0.62
41749,0.11,0.37
41750,0.14,0.59
41751,0.52,0.78
41752,0.04,0.11
41753,0.06,0.54
41754,0.53,0.61
41755,0.12,0.31
41756,0.05,0.35
41757,0.54,0.67
41758,0.64,0.93
41759,0.03,0.19
41760,0.19,0.32
41761,0.5,0.86
41762,0.04,0.06
41763,0.19,0.22
41764,0.03,0.31
41765,0.0,0.09
41766,0.03,0.66
41767,0.14,0.83
41768,0.35,0.85
41769,0.01,0.65
41770,0.24,0.17
41771,0.19,0.16
41772,0.26,0.5
41773,0.13,0.19
41774,0.47,0.58
41775,0.17,0.17
41776,0.04,0.17
41777,0.39,0.77
41778,0.13,0.23
41779,0.06,0.26
41780,0.01,0.2
41781,0.04,0.13
41782,0.06,0.11
41783,0.06,0.09
41784,0.1,0.14
41785,0.06,0.18
41786,0.07,0.18
41787,0.17,0.79
41788,0.13,0.27
41789,0.1,0.15
41790,0.41,0.9
41791,0.37,0.76
41792,0.29,0.35
41793,0.06,0.4
41794,0.11,0.5
41795,0.02,0.04
41796,0.76,0.86
41797,0.04,0.24
41798,0.08,0.63
41799,0.65,0.85
41800,0.08,0.35
41801,0.37,0.5
41802,0.01,0.09
41803,0.24,0.19
41804,0.34,0.92
41805,0.05,0.02
41806,0.17,0.66
41807,0.01,0.06
41808,0.13,0.34
41809,0.21,0.51
41810,0.47,0.44
41811,0.04,0.32
41812,0.25,0.1
41813,0.09,0.44
41814,0.05,0.73
41815,0.14,0.48
41816,0.06,0.08
41817,0.14,0.15
41818,0.12,0.97
41819,0.31,0.76
41820,0.0,0.14
41821,0.05,0.34
41822,0.1,0.06
41823,0.02,0.11
41824,0.1,0.11
41825,0.12,0.29
41826,0.22,0.39
41827,0.11,0.28
41828,0.18,0.84
41829,0.07,0.15
41830,0.21,0.72
41831,0.15,0.26
41832,0.14,0.53
41833,0.11,0.2
41834,0.22,0.56
41835,0.53,0.69
41836,0.4,0.24
41837,0.06,0.13
41838,0.1,0.18
41839,0.3,0.63
41840,0.37,0.74
41841,0.08,0.88
41842,0.16,0.43
41843,0.03,0.94
41844,0.01,0.11
41845,0.16,0.29
41846,0.08,0.25
41847,0.09,0.19
41848,0.6,0.68
41849,0.02,0.19
41850,0.07,0.45
41851,0.1,0.48
41852,0.06,0.15
41853,0.04,0.36
41854,0.05,0.21
41855,0.35,0.65
41856,0.47,0.96
41857,0.13,0.27
41858,0.31,0.23
41859,0.45,0.33
41860,0.22,0.9
41861,0.14,0.38
41862,0.05,0.26
41863,0.05,0.42
41864,0.06,0.42
41865,0.43,0.9
41866,0.18,0.54
41867,0.75,0.77
41868,0.16,0.53
41869,0.05,0.25
41870,0.14,0.31
41871,0.26,0.88
41872,0.2,0.81
41873,0.46,0.71
41874,0.26,0.51
41875,0.11,0.85
41876,0.01,0.12
41877,0.04,0.17
41878,0.78,0.87
41879,0.06,0.92
41880,0.34,0.64
41881,0.12,0.09
41882,0.21,0.29
41883,0.08,0.57
41884,0.02,0.27
41885,0.24,0.87
41886,0.04,0.13
41887,0.31,0.5
41888,0.13,0.82
41889,0.1,0.25
41890,0.14,0.18
41891,0.04,0.09
41892,0.14,0.28
41893,0.23,0.76
41894,0.01,0.22
41895,0.3,0.46
41896,0.25,0.65
41897,0.14,0.36
41898,0.12,0.26
41899,0.11,0.23
41900,0.28,0.71
41901,0.11,0.3
41902,0.15,0.62
41903,0.29,0.8
41904,0.22,0.72
41905,0.13,0.23
41906,0.27,0.79
41907,0.47,0.76
41908,0.01,0.06
41909,0.58,0.66
41910,0.74,0.86
41911,0.07,0.25
41912,0.04,0.4
41913,0.05,0.07
41914,0.19,0.49
41915,0.07,0.11
41916,0.03,0.1
41917,0.07,0.13
41918,0.75,0.97
41919,0.1,0.31
41920,0.06,0.17
41921,0.13,0.8
41922,0.11,0.13
41923,0.09,0.86
41924,0.01,0.04
41925,0.21,0.5
41926,0.53,0.75
41927,0.26,0.34
41928,0.21,0.39
41929,0.48,0.35
41930,0.3,0.68
41931,0.07,0.19
41932,0.31,0.6
41933,0.54,0.38
41934,0.22,0.59
41935,0.08,0.21
41936,0.01,0.06
41937,0.37,0.86
41938,0.35,0.63
41939,0.01,0.18
41940,0.13,0.44
41941,0.82,0.81
41942,0.07,0.36
41943,0.14,0.27
41944,0.05,0.28
41945,0.42,0.75
41946,0.04,0.45
41947,0.2,0.48
41948,0.06,0.23
41949,0.14,0.13
41950,0.4,0.52
41951,0.19,0.51
41952,0.07,0.19
41953,0.03,0.93
41954,0.09,0.24
41955,0.11,0.24
41956,0.21,0.63
41957,0.03,0.12
41958,0.56,0.82
41959,0.21,0.89
41960,0.31,0.37
41961,0.67,0.83
41962,0.21,0.26
41963,0.09,0.59
41964,0.14,0.61
41965,0.32,0.82
41966,0.22,0.64
41967,0.08,0.34
41968,0.17,0.14
41969,0.16,0.15
41970,0.08,0.12
41971,0.81,0.96
41972,0.08,0.8
41973,0.33,0.71
41974,0.14,0.36
41975,0.11,0.46
41976,0.07,0.74
41977,0.09,0.14
41978,0.12,0.08
41979,0.57,0.89
41980,0.15,0.82
41981,0.01,0.06
41982,0.36,0.67
41983,0.17,0.33
41984,0.21,0.82
41985,0.54,0.97
41986,0.14,0.44
41987,0.63,0.7
41988,0.03,0.16
41989,0.61,0.48
41990,0.26,0.36
41991,0.33,0.64
41992,0.23,0.92
41993,0.19,0.34
41994,0.01,0.12
41995,0.51,0.57
41996,0.07,0.47
41997,0.05,0.2
41998,0.11,0.23
41999,0.24,0.67
42000,0.08,0.14
42001,0.25,0.86
42002,0.06,0.09
42003,0.03,0.05
42004,0.25,0.45
42005,0.34,0.46
42006,0.47,0.65
42007,0.25,0.7
42008,0.06,0.16
42009,0.3,0.73
42010,0.15,0.51
42011,0.08,0.17
42012,0.05,0.14
42013,0.24,0.8
42014,0.27,0.51
42015,0.06,0.43
42016,0.12,0.82
42017,0.65,0.85
42018,0.27,0.27
42019,0.61,0.82
42020,0.11,0.21
42021,0.09,0.62
42022,0.8,0.94
42023,0.15,0.84
42024,0.07,0.04
42025,0.21,0.67
42026,0.53,0.86
42027,0.29,0.77
42028,0.16,0.36
42029,0.03,0.13
42030,0.03,0.12
42031,0.07,0.24
42032,0.77,0.81
42033,0.2,0.3
42034,0.22,0.4
42035,0.01,0.11
42036,0.15,0.35
42037,0.1,0.42
42038,0.15,0.89
42039,0.12,0.2
42040,0.28,0.84
42041,0.58,0.81
42042,0.05,0.16
42043,0.14,0.23
42044,0.22,0.48
42045,0.43,0.41
42046,0.23,0.36
42047,0.29,0.42
42048,0.28,0.22
42049,0.38,0.42
42050,0.13,0.39
42051,0.29,0.68
42052,0.1,0.31
42053,0.07,0.26
42054,0.3,0.73
42055,0.58,0.86
42056,0.03,0.28
42057,0.05,0.85
42058,0.39,0.6
42059,0.11,0.1
42060,0.09,0.36
42061,0.05,0.2
42062,0.01,0.07
42063,0.31,0.2
42064,0.23,0.67
42065,0.45,0.67
42066,0.01,0.07
42067,0.13,0.3
42068,0.24,0.45
42069,0.08,0.13
42070,0.11,0.17
42071,0.0,0.34
42072,0.23,0.89
42073,0.07,0.14
42074,0.18,0.26
42075,0.15,0.32
42076,0.1,0.94
42077,0.04,0.13
42078,0.62,0.83
42079,0.02,0.21
42080,0.17,0.23
42081,0.08,0.2
42082,0.11,0.38
42083,0.06,0.72
42084,0.57,0.66
42085,0.27,0.47
42086,0.36,0.43
42087,0.29,0.84
42088,0.12,0.19
42089,0.1,0.77
42090,0.1,0.17
42091,0.06,0.11
42092,0.13,0.14
42093,0.37,0.74
42094,0.2,0.31
42095,0.19,0.32
42096,0.02,0.07
42097,0.01,0.05
42098,0.47,0.65
42099,0.08,0.11
42100,0.72,0.89
42101,0.38,0.27
42102,0.05,0.6
42103,0.18,0.23
42104,0.19,0.39
42105,0.16,0.26
42106,0.08,0.21
42107,0.14,0.22
42108,0.26,0.65
42109,0.62,0.79
42110,0.32,0.24
42111,0.24,0.59
42112,0.09,0.14
42113,0.22,0.51
42114,0.05,0.17
42115,0.07,0.04
42116,0.2,0.88
42117,0.1,0.14
42118,0.71,0.94
42119,0.35,0.77
42120,0.08,0.59
42121,0.38,0.56
42122,0.06,0.45
42123,0.11,0.47
42124,0.37,0.4
42125,0.63,0.95
42126,0.11,0.79
42127,0.44,0.61
42128,0.16,0.58
42129,0.04,0.26
42130,0.41,0.7
42131,0.05,0.27
42132,0.0,0.09
42133,0.16,0.47
42134,0.12,0.41
42135,0.09,0.09
42136,0.25,0.58
42137,0.29,0.49
42138,0.5,0.73
42139,0.02,0.15
42140,0.02,0.19
42141,0.17,0.25
42142,0.28,0.62
42143,0.11,0.29
42144,0.08,0.08
42145,0.1,0.58
42146,0.11,0.7
42147,0.33,0.47
42148,0.35,0.79
42149,0.09,0.4
42150,0.31,0.84
42151,0.44,0.91
42152,0.03,0.49
42153,0.27,0.46
42154,0.8,0.93
42155,0.11,0.55
42156,0.07,0.4
42157,0.24,0.45
42158,0.16,0.5
42159,0.09,0.08
42160,0.19,0.55
42161,0.16,0.21
42162,0.04,0.27
42163,0.06,0.86
42164,0.04,0.15
42165,0.04,0.02
42166,0.05,0.1
42167,0.1,0.52
42168,0.12,0.44
42169,0.11,0.15
42170,0.05,0.19
42171,0.46,0.53
42172,0.04,0.08
42173,0.01,0.06
42174,0.5,0.77
42175,0.11,0.21
42176,0.28,0.45
42177,0.06,0.64
42178,0.58,0.6
42179,0.01,0.04
42180,0.16,0.61
42181,0.25,0.43
42182,0.05,0.1
42183,0.09,0.17
42184,0.19,0.92
42185,0.26,0.42
42186,0.23,0.64
42187,0.09,0.07
42188,0.12,0.12
42189,0.13,0.31
42190,0.3,0.38
42191,0.12,0.96
42192,0.04,0.02
42193,0.85,0.95
42194,0.1,0.29
42195,0.44,0.67
42196,0.17,0.31
42197,0.11,0.32
42198,0.16,0.38
42199,0.42,0.71
42200,0.21,0.48
42201,0.2,0.86
42202,0.26,0.75
42203,0.2,0.17
42204,0.34,0.76
42205,0.16,0.27
42206,0.17,0.12
42207,0.15,0.73
42208,0.02,0.03
42209,0.15,0.79
42210,0.06,0.22
42211,0.06,0.51
42212,0.29,0.83
42213,0.25,0.19
42214,0.05,0.94
42215,0.13,0.44
42216,0.14,0.62
42217,0.11,0.37
42218,0.0,0.1
42219,0.11,0.08
42220,0.1,0.17
42221,0.04,0.25
42222,0.12,0.63
42223,0.08,0.22
42224,0.09,0.05
42225,0.32,0.86
42226,0.12,0.81
42227,0.05,0.13
42228,0.34,0.24
42229,0.13,0.18
42230,0.3,0.6
42231,0.12,0.71
42232,0.7,0.83
42233,0.15,0.63
42234,0.8,0.9
42235,0.04,0.25
42236,0.05,0.88
42237,0.22,0.25
42238,0.18,0.49
42239,0.16,0.1
42240,0.16,0.74
42241,0.27,0.81
42242,0.04,0.38
42243,0.12,0.69
42244,0.18,0.21
42245,0.09,0.06
42246,0.14,0.46
42247,0.11,0.14
42248,0.19,0.79
42249,0.06,0.78
42250,0.14,0.41
42251,0.13,0.55
42252,0.03,0.56
42253,0.62,0.87
42254,0.26,0.5
42255,0.08,0.35
42256,0.22,0.76
42257,0.09,0.3
42258,0.07,0.23
42259,0.02,0.14
42260,0.2,0.35
42261,0.21,0.47
42262,0.04,0.14
42263,0.27,0.62
42264,0.09,0.14
42265,0.23,0.55
42266,0.08,0.43
42267,0.36,0.65
42268,0.15,0.35
42269,0.16,0.51
42270,0.13,0.24
42271,0.62,0.63
42272,0.04,0.13
42273,0.03,0.3
42274,0.08,0.48
42275,0.68,0.89
42276,0.05,0.72
42277,0.01,0.05
42278,0.01,0.03
42279,0.16,0.14
42280,0.29,0.42
42281,0.05,0.09
42282,0.22,0.37
42283,0.19,0.2
42284,0.05,0.16
42285,0.2,0.36
42286,0.06,0.27
42287,0.13,0.57
42288,0.04,0.34
42289,0.13,0.32
42290,0.04,0.08
42291,0.17,0.12
42292,0.2,0.64
42293,0.15,0.33
42294,0.35,0.74
42295,0.08,0.47
42296,0.21,0.69
42297,0.02,0.03
42298,0.08,0.38
42299,0.32,0.48
42300,0.03,0.15
42301,0.23,0.18
42302,0.16,0.47
42303,0.24,0.15
42304,0.1,0.18
42305,0.25,0.84
42306,0.02,0.14
42307,0.69,0.92
42308,0.17,0.21
42309,0.18,0.81
42310,0.0,0.08
42311,0.15,0.85
42312,0.44,0.53
42313,0.23,0.7
42314,0.02,0.18
42315,0.1,0.07
42316,0.08,0.28
42317,0.39,0.69
42318,0.13,0.29
42319,0.08,0.14
42320,0.24,0.7
42321,0.61,0.68
42322,0.1,0.73
42323,0.01,0.16
42324,0.06,0.19
42325,0.32,0.29
42326,0.07,0.13
42327,0.03,0.13
42328,0.15,0.65
42329,0.34,0.91
42330,0.03,0.05
42331,0.08,0.39
42332,0.18,0.18
42333,0.1,0.81
42334,0.74,0.95
42335,0.1,0.59
42336,0.09,0.79
42337,0.26,0.68
42338,0.27,0.83
42339,0.43,0.53
42340,0.19,0.29
42341,0.39,0.7
42342,0.04,0.04
42343,0.31,0.8
42344,0.17,0.95
42345,0.03,0.41
42346,0.29,0.46
42347,0.21,0.86
42348,0.19,0.75
42349,0.06,0.85
42350,0.23,0.74
42351,0.82,0.93
42352,0.18,0.33
42353,0.75,0.68
42354,0.74,0.93
42355,0.16,0.55
42356,0.1,0.68
42357,0.06,0.39
42358,0.04,0.15
42359,0.43,0.69
42360,0.56,0.71
42361,0.11,0.55
42362,0.25,0.37
42363,0.15,0.59
42364,0.0,0.12
42365,0.47,0.91
42366,0.0,0.08
42367,0.42,0.3
42368,0.42,0.5
42369,0.44,0.8
42370,0.07,0.28
42371,0.4,0.88
42372,0.3,0.5
42373,0.11,0.48
42374,0.07,0.8
42375,0.03,0.21
42376,0.13,0.03
42377,0.03,0.18
42378,0.27,0.81
42379,0.2,0.78
42380,0.03,0.12
42381,0.16,0.37
42382,0.25,0.54
42383,0.19,0.7
42384,0.5,0.83
42385,0.28,0.62
42386,0.11,0.72
42387,0.03,0.18
42388,0.34,0.61
42389,0.09,0.29
42390,0.03,0.09
42391,0.07,0.35
42392,0.08,0.25
42393,0.28,0.68
42394,0.18,0.5
42395,0.31,0.44
42396,0.19,0.26
42397,0.14,0.17
42398,0.14,0.51
42399,0.26,0.22
42400,0.15,0.69
42401,0.03,0.24
42402,0.11,0.68
42403,0.28,0.59
42404,0.19,0.84
42405,0.39,0.9
42406,0.11,0.9
42407,0.24,0.42
42408,0.06,0.08
42409,0.31,0.62
42410,0.35,0.72
42411,0.07,0.21
42412,0.6,0.93
42413,0.04,0.14
42414,0.04,0.09
42415,0.11,0.09
42416,0.38,0.43
42417,0.04,0.11
42418,0.14,0.35
42419,0.15,0.64
42420,0.1,0.27
42421,0.12,0.33
42422,0.04,0.09
42423,0.04,0.11
42424,0.09,0.31
42425,0.02,0.09
42426,0.06,0.23
42427,0.14,0.51
42428,0.08,0.37
42429,0.03,0.11
42430,0.38,0.48
42431,0.37,0.68
42432,0.04,0.13
42433,0.28,0.37
42434,0.03,0.49
42435,0.02,0.23
42436,0.06,0.06
42437,0.05,0.12
42438,0.39,0.41
42439,0.67,0.92
42440,0.46,0.57
42441,0.17,0.73
42442,0.14,0.55
42443,0.1,0.11
42444,0.2,0.88
42445,0.01,0.12
42446,0.07,0.64
42447,0.28,0.59
42448,0.06,0.33
42449,0.12,0.18
42450,0.17,0.47
42451,0.15,0.32
42452,0.08,0.92
42453,0.04,0.34
42454,0.09,0.35
42455,0.05,0.14
42456,0.26,0.58
42457,0.11,0.4
42458,0.28,0.34
42459,0.07,0.51
42460,0.26,0.75
42461,0.14,0.34
42462,0.82,0.98
42463,0.21,0.44
42464,0.52,0.57
42465,0.07,0.22
42466,0.18,0.7
42467,0.09,0.93
42468,0.14,0.17
42469,0.26,0.15
42470,0.75,0.84
42471,0.1,0.5
42472,0.08,0.34
42473,0.56,0.83
42474,0.1,0.9
42475,0.39,0.89
42476,0.05,0.84
42477,0.46,0.68
42478,0.05,0.02
42479,0.19,0.33
42480,0.56,0.94
42481,0.05,0.72
42482,0.1,0.27
42483,0.63,0.63
42484,0.01,0.1
42485,0.05,0.09
42486,0.78,0.86
42487,0.17,0.59
42488,0.14,0.24
42489,0.61,0.85
42490,0.09,0.24
42491,0.21,0.7
42492,0.2,0.58
42493,0.18,0.89
42494,0.25,0.74
42495,0.33,0.29
42496,0.47,0.76
42497,0.16,0.23
42498,0.39,0.76
42499,0.07,0.56
42500,0.06,0.22
42501,0.45,0.87
42502,0.1,0.07
42503,0.1,0.15
42504,0.05,0.06
42505,0.19,0.43
42506,0.07,0.15
42507,0.13,0.36
42508,0.14,0.2
42509,0.2,0.3
42510,0.15,0.95
42511,0.29,0.45
42512,0.54,0.82
42513,0.07,0.29
42514,0.21,0.59
42515,0.55,0.67
42516,0.1,0.36
42517,0.09,0.72
42518,0.13,0.15
42519,0.04,0.12
42520,0.12,0.4
42521,0.16,0.33
42522,0.09,0.73
42523,0.69,0.8
42524,0.17,0.82
42525,0.61,0.81
42526,0.11,0.24
42527,0.29,0.67
42528,0.04,0.18
42529,0.57,0.72
42530,0.09,0.57
42531,0.06,0.15
42532,0.1,0.15
42533,0.07,0.15
42534,0.05,0.28
42535,0.42,0.85
42536,0.01,0.03
42537,0.06,0.17
42538,0.02,0.1
42539,0.45,0.68
42540,0.17,0.4
42541,0.32,0.9
42542,0.05,0.11
42543,0.08,0.15
42544,0.03,0.06
42545,0.11,0.14
42546,0.02,0.11
42547,0.21,0.71
42548,0.2,0.43
42549,0.13,0.47
42550,0.88,0.94
42551,0.22,0.73
42552,0.0,0.08
42553,0.86,0.92
42554,0.11,0.42
42555,0.51,0.65
42556,0.34,0.83
42557,0.16,0.69
42558,0.2,0.25
42559,0.19,0.33
42560,0.12,0.84
42561,0.27,0.54
42562,0.21,0.49
42563,0.13,0.37
42564,0.05,0.14
42565,0.33,0.47
42566,0.09,0.75
42567,0.36,0.79
42568,0.38,0.32
42569,0.46,0.78
42570,0.16,0.16
42571,0.18,0.27
42572,0.01,0.43
42573,0.23,0.6
42574,0.27,0.77
42575,0.21,0.71
42576,0.42,0.58
42577,0.06,0.06
42578,0.66,0.96
42579,0.18,0.37
42580,0.1,0.1
42581,0.33,0.61
42582,0.07,0.07
42583,0.63,0.98
42584,0.04,0.66
42585,0.19,0.25
42586,0.41,0.83
42587,0.02,0.01
42588,0.11,0.13
42589,0.17,0.48
42590,0.42,0.73
42591,0.1,0.68
42592,0.12,0.62
42593,0.36,0.48
42594,0.07,0.23
42595,0.33,0.56
42596,0.02,0.02
42597,0.15,0.38
42598,0.22,0.23
42599,0.15,0.16
42600,0.28,0.78
42601,0.43,0.23
42602,0.6,0.9
42603,0.56,0.57
42604,0.19,0.41
42605,0.16,0.29
42606,0.21,0.82
42607,0.28,0.1
42608,0.14,0.24
42609,0.35,0.49
42610,0.13,0.63
42611,0.71,0.71
42612,0.13,0.48
42613,0.03,0.03
42614,0.17,0.24
42615,0.08,0.18
42616,0.14,0.19
42617,0.2,0.46
42618,0.22,0.86
42619,0.21,0.44
42620,0.03,0.15
42621,0.03,0.1
42622,0.15,0.19
42623,0.06,0.23
42624,0.06,0.49
42625,0.08,0.09
42626,0.77,0.83
42627,0.16,0.41
42628,0.42,0.56
42629,0.43,0.4
42630,0.11,0.37
42631,0.16,0.79
42632,0.04,0.2
42633,0.06,0.2
42634,0.17,0.3
42635,0.33,0.52
42636,0.52,0.7
42637,0.21,0.49
42638,0.61,0.63
42639,0.12,0.75
42640,0.09,0.54
42641,0.16,0.25
42642,0.11,0.09
42643,0.29,0.42
42644,0.18,0.34
42645,0.31,0.67
42646,0.19,0.72
42647,0.37,0.76
42648,0.19,0.13
42649,0.03,0.13
42650,0.11,0.58
42651,0.33,0.25
42652,0.36,0.6
42653,0.37,0.15
42654,0.62,0.94
42655,0.08,0.18
42656,0.14,0.31
42657,0.04,0.16
42658,0.03,0.45
42659,0.08,0.64
42660,0.35,0.83
42661,0.11,0.24
42662,0.01,0.43
42663,0.13,0.42
42664,0.37,0.47
42665,0.11,0.73
42666,0.22,0.6
42667,0.55,0.99
42668,0.07,0.16
42669,0.02,0.07
42670,0.06,0.16
42671,0.19,0.44
42672,0.39,0.56
42673,0.51,0.74
42674,0.33,0.72
42675,0.05,0.38
42676,0.07,0.27
42677,0.05,0.55
42678,0.11,0.4
42679,0.07,0.23
42680,0.23,0.32
42681,0.03,0.09
42682,0.09,0.2
42683,0.37,0.63
42684,0.32,0.87
42685,0.06,0.64
42686,0.47,0.88
42687,0.64,0.82
42688,0.18,0.56
42689,0.74,0.84
42690,0.01,0.07
42691,0.16,0.06
42692,0.1,0.32
42693,0.25,0.55
42694,0.24,0.25
42695,0.02,0.23
42696,0.21,0.48
42697,0.01,0.08
42698,0.83,0.99
42699,0.15,0.43
42700,0.09,0.8
42701,0.11,0.8
42702,0.12,0.14
42703,0.09,0.19
42704,0.26,0.8
42705,0.02,0.17
42706,0.27,0.41
42707,0.04,0.11
42708,0.14,0.95
42709,0.17,0.44
42710,0.07,0.28
42711,0.15,0.41
42712,0.12,0.28
42713,0.22,0.85
42714,0.16,0.71
42715,0.07,0.15
42716,0.24,0.51
42717,0.17,0.18
42718,0.54,0.87
42719,0.17,0.34
42720,0.54,0.89
42721,0.05,0.07
42722,0.37,0.63
42723,0.26,0.5
42724,0.08,0.05
42725,0.17,0.57
42726,0.12,0.46
42727,0.04,0.38
42728,0.06,0.18
42729,0.22,0.86
42730,0.2,0.9
42731,0.23,0.6
42732,0.15,0.49
42733,0.14,0.24
42734,0.18,0.33
42735,0.11,0.56
42736,0.4,0.38
42737,0.14,0.19
42738,0.21,0.9
42739,0.45,0.45
42740,0.09,0.14
42741,0.29,0.75
42742,0.03,0.15
42743,0.02,0.13
42744,0.01,0.08
42745,0.12,0.67
42746,0.09,0.1
42747,0.06,0.72
42748,0.1,0.42
42749,0.7,0.9
42750,0.05,0.13
42751,0.08,0.45
42752,0.22,0.39
42753,0.33,0.65
42754,0.04,0.16
42755,0.07,0.2
42756,0.33,0.8
42757,0.29,0.49
42758,0.1,0.29
42759,0.13,0.25
42760,0.1,0.26
42761,0.51,0.52
42762,0.04,0.35
42763,0.35,0.71
42764,0.3,0.58
42765,0.04,0.02
42766,0.1,0.24
42767,0.09,0.57
42768,0.13,0.47
42769,0.06,0.17
42770,0.04,0.1
42771,0.39,0.39
42772,0.44,0.67
42773,0.13,0.4
42774,0.13,0.31
42775,0.23,0.11
42776,0.04,0.11
42777,0.61,0.64
42778,0.14,0.38
42779,0.24,0.4
42780,0.04,0.15
42781,0.18,0.85
42782,0.09,0.75
42783,0.65,0.87
42784,0.11,0.83
42785,0.07,0.86
42786,0.03,0.4
42787,0.29,0.84
42788,0.31,0.68
42789,0.23,0.62
42790,0.04,0.1
42791,0.09,0.06
42792,0.05,0.08
42793,0.47,0.77
42794,0.1,0.25
42795,0.04,0.1
42796,0.61,0.81
42797,0.28,0.36
42798,0.08,0.54
42799,0.07,0.62
42800,0.06,0.96
42801,0.07,0.21
42802,0.19,0.11
42803,0.41,0.81
42804,0.29,0.81
42805,0.19,0.78
42806,0.41,0.68
42807,0.09,0.17
42808,0.15,0.23
42809,0.05,0.29
42810,0.02,0.29
42811,0.08,0.56
42812,0.66,0.67
42813,0.08,0.93
42814,0.1,0.16
42815,0.05,0.24
42816,0.01,0.07
42817,0.2,0.16
42818,0.14,0.26
42819,0.04,0.36
42820,0.13,0.4
42821,0.67,0.91
42822,0.26,0.48
42823,0.11,0.19
42824,0.72,0.82
42825,0.11,0.83
42826,0.62,0.54
42827,0.19,0.27
42828,0.19,0.29
42829,0.06,0.05
42830,0.38,0.45
42831,0.18,0.73
42832,0.81,0.96
42833,0.82,0.95
42834,0.15,0.88
42835,0.33,0.69
42836,0.04,0.13
42837,0.18,0.89
42838,0.59,0.55
42839,0.68,0.7
42840,0.09,0.6
42841,0.1,0.87
42842,0.46,0.55
42843,0.1,0.21
42844,0.17,0.64
42845,0.61,0.85
42846,0.09,0.84
42847,0.08,0.13
42848,0.05,0.87
42849,0.02,0.04
42850,0.2,0.75
42851,0.12,0.21
42852,0.08,0.43
42853,0.14,0.68
42854,0.28,0.39
42855,0.04,0.93
42856,0.01,0.11
42857,0.44,0.72
42858,0.36,0.61
42859,0.01,0.15
42860,0.2,0.75
42861,0.1,0.55
42862,0.11,0.15
42863,0.14,0.86
42864,0.04,0.35
42865,0.03,0.3
42866,0.03,0.27
42867,0.2,0.27
42868,0.36,0.28
42869,0.21,0.84
42870,0.07,0.35
42871,0.82,0.93
42872,0.18,0.88
42873,0.1,0.51
42874,0.17,0.14
42875,0.08,0.79
42876,0.12,0.19
42877,0.23,0.65
42878,0.24,0.48
42879,0.15,0.63
42880,0.8,0.94
42881,0.09,0.39
42882,0.1,0.64
42883,0.26,0.17
42884,0.37,0.41
42885,0.25,0.56
42886,0.5,0.78
42887,0.06,0.35
42888,0.09,0.35
42889,0.07,0.15
42890,0.53,0.67
42891,0.22,0.44
42892,0.15,0.28
42893,0.11,0.68
42894,0.16,0.21
42895,0.01,0.09
42896,0.05,0.15
42897,0.26,0.53
42898,0.22,0.41
42899,0.06,0.21
42900,0.11,0.86
42901,0.34,0.65
42902,0.63,0.9
42903,0.11,0.57
42904,0.07,0.26
42905,0.55,0.91
42906,0.1,0.44
42907,0.06,0.14
42908,0.35,0.73
42909,0.06,0.55
42910,0.27,0.91
42911,0.87,0.86
42912,0.23,0.47
42913,0.22,0.44
42914,0.2,1.0
42915,0.66,0.9
42916,0.01,0.06
42917,0.09,0.15
42918,0.11,0.19
42919,0.03,0.51
42920,0.21,0.5
42921,0.03,0.09
42922,0.42,0.75
42923,0.11,0.79
42924,0.11,0.12
42925,0.09,0.5
42926,0.33,0.63
42927,0.03,0.11
42928,0.19,0.3
42929,0.05,0.55
42930,0.33,0.84
42931,0.65,0.59
42932,0.06,0.9
42933,0.07,0.47
42934,0.06,0.06
42935,0.2,0.73
42936,0.07,0.84
42937,0.16,0.69
42938,0.42,0.86
42939,0.07,0.44
42940,0.14,0.72
42941,0.14,0.38
42942,0.59,0.73
42943,0.27,0.53
42944,0.06,0.49
42945,0.15,0.48
42946,0.11,0.69
42947,0.2,0.48
42948,0.16,0.25
42949,0.07,0.19
42950,0.51,0.7
42951,0.54,0.81
42952,0.09,0.43
42953,0.4,0.52
42954,0.0,0.03
42955,0.33,0.43
42956,0.09,0.51
42957,0.15,0.2
42958,0.28,0.34
42959,0.42,0.49
42960,0.04,0.63
42961,0.02,0.03
42962,0.11,0.25
42963,0.23,0.25
42964,0.06,0.68
42965,0.62,0.8
42966,0.67,0.87
42967,0.19,0.38
42968,0.16,0.78
42969,0.01,0.08
42970,0.36,0.28
42971,0.66,0.71
42972,0.03,0.11
42973,0.22,0.41
42974,0.06,0.05
42975,0.77,0.91
42976,0.15,0.54
42977,0.08,0.66
42978,0.29,0.5
42979,0.2,0.74
42980,0.04,0.5
42981,0.14,0.64
42982,0.06,0.12
42983,0.15,0.63
42984,0.19,0.44
42985,0.13,0.33
42986,0.1,0.28
42987,0.16,0.57
42988,0.02,0.2
42989,0.05,0.08
42990,0.15,0.6
42991,0.23,0.23
42992,0.6,0.84
42993,0.03,0.35
42994,0.61,0.8
42995,0.69,0.6
42996,0.37,0.33
42997,0.06,0.1
42998,0.3,0.21
42999,0.44,0.62
43000,0.62,0.87
43001,0.22,0.37
43002,0.11,0.33
43003,0.1,0.69
43004,0.05,0.33
43005,0.19,0.14
43006,0.63,0.78
43007,0.42,0.9
43008,0.26,0.43
43009,0.07,0.18
43010,0.22,0.91
43011,0.32,0.4
43012,0.45,0.84
43013,0.08,0.2
43014,0.27,0.72
43015,0.47,0.94
43016,0.15,0.45
43017,0.12,0.07
43018,0.12,0.12
43019,0.04,0.08
43020,0.19,0.22
43021,0.05,0.09
43022,0.68,0.84
43023,0.13,0.65
43024,0.05,0.14
43025,0.02,0.21
43026,0.03,0.13
43027,0.04,0.04
43028,0.26,0.36
43029,0.77,0.81
43030,0.06,0.17
43031,0.18,0.78
43032,0.04,0.82
43033,0.04,0.11
43034,0.56,0.41
43035,0.04,0.11
43036,0.56,0.93
43037,0.1,0.27
43038,0.75,0.97
43039,0.24,0.43
43040,0.53,0.76
43041,0.55,0.59
43042,0.26,0.52
43043,0.01,0.08
43044,0.02,0.09
43045,0.34,0.34
43046,0.03,0.12
43047,0.41,0.48
43048,0.09,0.2
43049,0.04,0.09
43050,0.86,0.87
43051,0.04,0.04
43052,0.05,0.13
43053,0.21,0.83
43054,0.32,0.83
43055,0.36,0.57
43056,0.22,0.48
43057,0.07,0.81
43058,0.19,0.33
43059,0.26,0.3
43060,0.13,0.69
43061,0.48,0.79
43062,0.35,0.4
43063,0.12,0.57
43064,0.12,0.29
43065,0.67,0.93
43066,0.08,0.17
43067,0.14,0.31
43068,0.41,0.49
43069,0.02,0.06
43070,0.41,0.88
43071,0.06,0.67
43072,0.72,0.84
43073,0.05,0.08
43074,0.28,0.2
43075,0.78,0.93
43076,0.24,0.67
43077,0.03,0.17
43078,0.23,0.53
43079,0.1,0.24
43080,0.28,0.19
43081,0.13,0.4
43082,0.18,0.22
43083,0.0,0.09
43084,0.14,0.54
43085,0.15,0.53
43086,0.01,0.05
43087,0.08,0.71
43088,0.48,0.95
43089,0.47,0.6
43090,0.03,0.81
43091,0.14,0.2
43092,0.15,0.21
43093,0.04,0.75
43094,0.52,0.73
43095,0.21,0.27
43096,0.16,0.2
43097,0.69,0.71
43098,0.11,0.56
43099,0.04,0.22
43100,0.05,0.09
43101,0.69,0.81
43102,0.1,0.19
43103,0.07,0.08
43104,0.17,0.74
43105,0.12,0.41
43106,0.02,0.08
43107,0.12,0.85
43108,0.35,0.42
43109,0.07,0.13
43110,0.07,0.58
43111,0.1,0.42
43112,0.04,0.18
43113,0.2,0.65
43114,0.23,0.53
43115,0.19,0.48
43116,0.63,0.84
43117,0.01,0.36
43118,0.04,0.17
43119,0.47,0.96
43120,0.33,0.83
43121,0.12,0.95
43122,0.77,0.73
43123,0.09,0.25
43124,0.1,0.27
43125,0.11,0.12
43126,0.29,0.85
43127,0.05,0.12
43128,0.09,0.66
43129,0.11,0.12
43130,0.07,0.91
43131,0.24,0.47
43132,0.16,0.45
43133,0.34,0.34
43134,0.16,0.18
43135,0.3,0.68
43136,0.22,0.71
43137,0.09,0.84
43138,0.34,0.51
43139,0.18,0.8
43140,0.04,0.57
43141,0.69,0.92
43142,0.86,0.92
43143,0.11,0.22
43144,0.14,0.81
43145,0.49,0.93
43146,0.2,0.62
43147,0.1,0.33
43148,0.54,0.88
43149,0.23,0.64
43150,0.24,0.77
43151,0.33,0.49
43152,0.05,0.05
43153,0.42,0.97
43154,0.17,0.27
43155,0.01,0.1
43156,0.18,0.81
43157,0.11,0.2
43158,0.01,0.03
43159,0.14,0.23
43160,0.1,0.81
43161,0.79,0.95
43162,0.35,0.81
43163,0.13,0.53
43164,0.35,0.61
43165,0.47,0.89
43166,0.53,0.61
43167,0.09,0.82
43168,0.13,0.53
43169,0.15,0.09
43170,0.15,0.79
43171,0.15,0.58
43172,0.0,0.2
43173,0.05,0.11
43174,0.07,0.61
43175,0.19,0.52
43176,0.09,0.18
43177,0.14,0.75
43178,0.34,0.24
43179,0.07,0.37
43180,0.11,0.31
43181,0.44,0.72
43182,0.07,0.27
43183,0.34,0.64
43184,0.13,0.14
43185,0.1,0.34
43186,0.14,0.56
43187,0.48,0.85
43188,0.07,0.41
43189,0.24,0.63
43190,0.73,0.89
43191,0.08,0.08
43192,0.74,0.74
43193,0.05,0.11
43194,0.08,0.22
43195,0.08,0.91
43196,0.17,0.09
43197,0.75,0.88
43198,0.45,0.7
43199,0.26,0.18
43200,0.12,0.1
43201,0.1,0.86
43202,0.17,0.77
43203,0.06,0.22
43204,0.03,0.09
43205,0.51,0.82
43206,0.37,0.84
43207,0.12,0.2
43208,0.06,0.11
43209,0.55,0.88
43210,0.6,0.65
43211,0.24,0.81
43212,0.21,0.8
43213,0.16,0.36
43214,0.07,0.12
43215,0.05,0.94
43216,0.2,0.3
43217,0.2,0.86
43218,0.46,0.34
43219,0.06,0.39
43220,0.07,0.22
43221,0.29,0.57
43222,0.37,0.87
43223,0.41,0.93
43224,0.24,0.3
43225,0.76,0.7
43226,0.66,0.85
43227,0.26,0.26
43228,0.12,0.77
43229,0.44,0.41
43230,0.54,0.58
43231,0.21,0.12
43232,0.03,0.15
43233,0.21,0.25
43234,0.03,0.41
43235,0.68,0.91
43236,0.24,0.77
43237,0.11,0.3
43238,0.28,0.78
43239,0.63,0.85
43240,0.02,0.19
43241,0.27,0.28
43242,0.24,0.49
43243,0.02,0.89
43244,0.05,0.3
43245,0.12,0.12
43246,0.09,0.5
43247,0.09,0.76
43248,0.17,0.46
43249,0.04,0.19
43250,0.08,0.34
43251,0.36,0.25
43252,0.1,0.86
43253,0.45,0.6
43254,0.11,0.76
43255,0.29,0.55
43256,0.01,0.12
43257,0.26,0.44
43258,0.07,0.46
43259,0.11,0.61
43260,0.68,0.62
43261,0.19,0.37
43262,0.1,0.35
43263,0.16,0.54
43264,0.21,0.41
43265,0.28,0.42
43266,0.03,0.09
43267,0.19,0.8
43268,0.53,0.68
43269,0.05,0.83
43270,0.55,0.86
43271,0.52,0.89
43272,0.26,0.57
43273,0.13,0.11
43274,0.46,0.64
43275,0.08,0.52
43276,0.3,0.8
43277,0.14,0.26
43278,0.09,0.46
43279,0.02,0.39
43280,0.31,0.32
43281,0.39,0.62
43282,0.46,0.72
43283,0.04,0.07
43284,0.24,0.25
43285,0.07,0.41
43286,0.58,0.84
43287,0.62,0.82
43288,0.06,0.49
43289,0.04,0.15
43290,0.24,0.97
43291,0.5,0.82
43292,0.29,0.43
43293,0.14,0.61
43294,0.01,0.76
43295,0.02,0.07
43296,0.19,0.62
43297,0.2,0.41
43298,0.54,0.79
43299,0.06,0.18
43300,0.19,0.78
43301,0.05,0.18
43302,0.05,0.38
43303,0.07,0.23
43304,0.03,0.3
43305,0.09,0.8
43306,0.13,0.38
43307,0.1,0.62
43308,0.65,0.95
43309,0.15,0.48
43310,0.38,0.53
43311,0.05,0.11
43312,0.01,0.23
43313,0.09,0.22
43314,0.02,0.1
43315,0.12,0.26
43316,0.56,0.81
43317,0.04,0.23
43318,0.1,0.19
43319,0.22,0.32
43320,0.59,0.84
43321,0.11,0.18
43322,0.02,0.05
43323,0.28,0.43
43324,0.01,0.07
43325,0.05,0.16
43326,0.21,0.41
43327,0.04,0.31
43328,0.57,0.8
43329,0.58,0.73
43330,0.05,0.24
43331,0.32,0.73
43332,0.12,0.32
43333,0.04,0.19
43334,0.03,0.55
43335,0.03,0.34
43336,0.09,0.27
43337,0.16,0.18
43338,0.21,0.82
43339,0.1,0.17
43340,0.16,0.17
43341,0.11,0.29
43342,0.05,0.09
43343,0.09,0.16
43344,0.1,0.13
43345,0.07,0.17
43346,0.11,0.14
43347,0.12,0.35
43348,0.12,0.58
43349,0.83,0.98
43350,0.73,0.85
43351,0.27,0.24
43352,0.06,0.47
43353,0.13,0.73
43354,0.05,0.09
43355,0.08,0.64
43356,0.11,0.25
43357,0.07,0.11
43358,0.05,0.5
43359,0.45,0.34
43360,0.11,0.8
43361,0.37,0.53
43362,0.11,0.2
43363,0.14,0.29
43364,0.3,0.14
43365,0.17,0.61
43366,0.12,0.57
43367,0.49,0.86
43368,0.54,0.6
43369,0.22,0.5
43370,0.62,0.9
43371,0.1,0.27
43372,0.27,0.61
43373,0.2,0.51
43374,0.1,0.49
43375,0.08,0.14
43376,0.2,0.3
43377,0.01,0.06
43378,0.12,0.56
43379,0.25,0.18
43380,0.03,0.08
43381,0.03,0.14
43382,0.24,0.4
43383,0.04,0.78
43384,0.26,0.55
43385,0.1,0.83
43386,0.05,0.05
43387,0.08,0.25
43388,0.83,0.92
43389,0.26,0.61
43390,0.43,0.76
43391,0.34,0.49
43392,0.01,0.05
43393,0.18,0.79
43394,0.13,0.62
43395,0.14,0.24
43396,0.07,0.18
43397,0.28,0.88
43398,0.22,0.59
43399,0.27,0.45
43400,0.08,0.41
43401,0.2,0.69
43402,0.01,0.1
43403,0.04,0.34
43404,0.31,0.23
43405,0.19,0.48
43406,0.61,0.73
43407,0.7,0.8
43408,0.88,0.96
43409,0.4,0.74
43410,0.08,0.25
43411,0.1,0.69
43412,0.31,0.88
43413,0.16,0.62
43414,0.06,0.16
43415,0.49,0.7
43416,0.31,0.4
43417,0.21,0.23
43418,0.32,0.53
43419,0.25,0.92
43420,0.13,0.21
43421,0.18,0.18
43422,0.04,0.18
43423,0.11,0.6
43424,0.21,0.76
43425,0.12,0.76
43426,0.68,0.92
43427,0.1,0.84
43428,0.84,0.97
43429,0.62,0.73
43430,0.16,0.16
43431,0.03,0.16
43432,0.25,0.57
43433,0.06,0.17
43434,0.15,0.36
43435,0.02,0.08
43436,0.47,0.68
43437,0.11,0.84
43438,0.34,0.66
43439,0.24,0.22
43440,0.21,0.27
43441,0.0,0.08
43442,0.02,0.19
43443,0.23,0.49
43444,0.03,0.08
43445,0.53,0.76
43446,0.01,0.05
43447,0.05,0.11
43448,0.1,0.2
43449,0.05,0.11
43450,0.33,0.74
43451,0.12,0.36
43452,0.07,0.16
43453,0.48,0.78
43454,0.03,0.19
43455,0.55,0.8
43456,0.69,0.98
43457,0.07,0.38
43458,0.57,0.8
43459,0.22,0.61
43460,0.49,0.81
43461,0.13,0.1
43462,0.07,0.14
43463,0.44,0.52
43464,0.06,0.19
43465,0.04,0.1
43466,0.23,0.33
43467,0.27,0.65
43468,0.25,0.35
43469,0.19,0.42
43470,0.24,0.49
43471,0.43,0.69
43472,0.18,0.7
43473,0.14,0.28
43474,0.02,0.11
43475,0.07,0.27
43476,0.15,0.16
43477,0.09,0.58
43478,0.41,0.47
43479,0.23,0.79
43480,0.08,0.19
43481,0.09,0.63
43482,0.3,0.51
43483,0.2,0.73
43484,0.11,0.75
43485,0.05,0.53
43486,0.25,0.72
43487,0.24,0.26
43488,0.48,0.89
43489,0.12,0.49
43490,0.13,0.33
43491,0.44,0.83
43492,0.19,0.33
43493,0.1,0.25
43494,0.1,0.19
43495,0.04,0.28
43496,0.06,0.24
43497,0.22,0.64
43498,0.34,0.63
43499,0.55,0.84
43500,0.15,0.67
43501,0.09,0.16
43502,0.23,0.54
43503,0.15,0.46
43504,0.36,0.28
43505,0.07,0.17
43506,0.24,0.85
43507,0.01,0.12
43508,0.06,0.07
43509,0.27,0.54
43510,0.62,0.84
43511,0.02,0.12
43512,0.46,0.71
43513,0.12,0.23
43514,0.23,0.23
43515,0.07,0.2
43516,0.52,0.65
43517,0.02,0.59
43518,0.05,0.08
43519,0.03,0.08
43520,0.31,0.37
43521,0.24,0.56
43522,0.07,0.65
43523,0.16,0.73
43524,0.44,0.89
43525,0.24,0.32
43526,0.15,0.22
43527,0.05,0.72
43528,0.03,0.49
43529,0.27,0.81
43530,0.49,0.76
43531,0.11,0.28
43532,0.02,0.13
43533,0.09,0.23
43534,0.29,0.36
43535,0.87,0.95
43536,0.05,0.35
43537,0.59,0.79
43538,0.11,0.32
43539,0.44,0.77
43540,0.17,0.24
43541,0.64,0.66
43542,0.45,0.42
43543,0.17,0.55
43544,0.45,0.43
43545,0.45,0.77
43546,0.09,0.76
43547,0.06,0.78
43548,0.39,0.47
43549,0.06,0.09
43550,0.01,0.34
43551,0.18,0.61
43552,0.37,0.67
43553,0.13,0.28
43554,0.07,0.72
43555,0.09,0.25
43556,0.59,0.72
43557,0.39,0.85
43558,0.02,0.16
43559,0.2,0.72
43560,0.36,0.76
43561,0.61,0.88
43562,0.12,0.4
43563,0.1,0.38
43564,0.08,0.3
43565,0.49,0.65
43566,0.32,0.64
43567,0.01,0.08
43568,0.2,0.32
43569,0.63,0.86
43570,0.21,0.87
43571,0.08,0.06
43572,0.06,0.06
43573,0.09,0.26
43574,0.57,0.87
43575,0.12,0.6
43576,0.11,0.54
43577,0.1,0.27
43578,0.08,0.11
43579,0.05,0.69
43580,0.12,0.31
43581,0.37,0.74
43582,0.32,0.84
43583,0.03,0.04
43584,0.12,0.82
43585,0.03,0.29
43586,0.03,0.04
43587,0.14,0.61
43588,0.66,0.81
43589,0.19,0.24
43590,0.17,0.66
43591,0.12,0.11
43592,0.08,0.76
43593,0.15,0.12
43594,0.02,0.19
43595,0.28,0.29
43596,0.08,0.23
43597,0.62,0.91
43598,0.28,0.42
43599,0.87,0.95
43600,0.02,0.02
43601,0.12,0.26
43602,0.04,0.2
43603,0.0,0.07
43604,0.06,0.36
43605,0.01,0.11
43606,0.1,0.11
43607,0.05,0.33
43608,0.4,0.52
43609,0.49,0.69
43610,0.29,0.32
43611,0.57,0.72
43612,0.12,0.2
43613,0.37,0.54
43614,0.15,0.33
43615,0.32,0.31
43616,0.22,0.35
43617,0.29,0.44
43618,0.01,0.1
43619,0.6,0.79
43620,0.26,0.37
43621,0.07,0.13
43622,0.31,0.55
43623,0.22,0.27
43624,0.11,0.22
43625,0.27,0.59
43626,0.09,0.2
43627,0.05,0.08
43628,0.23,0.19
43629,0.01,0.1
43630,0.13,0.47
43631,0.17,0.29
43632,0.2,0.82
43633,0.17,0.19
43634,0.34,0.47
43635,0.64,0.87
43636,0.16,0.44
43637,0.44,0.34
43638,0.18,0.45
43639,0.16,0.21
43640,0.08,0.48
43641,0.11,0.62
43642,0.06,0.21
43643,0.06,0.36
43644,0.1,0.45
43645,0.18,0.77
43646,0.03,0.13
43647,0.15,0.21
43648,0.5,0.42
43649,0.46,0.47
43650,0.19,0.44
43651,0.71,0.94
43652,0.06,0.78
43653,0.61,0.85
43654,0.44,0.68
43655,0.08,0.49
43656,0.18,0.36
43657,0.13,0.09
43658,0.14,0.64
43659,0.15,0.5
43660,0.26,0.3
43661,0.56,0.82
43662,0.66,0.84
43663,0.22,0.65
43664,0.58,0.84
43665,0.19,0.33
43666,0.02,0.07
43667,0.06,0.38
43668,0.5,0.42
43669,0.13,0.2
43670,0.3,0.32
43671,0.03,0.52
43672,0.04,0.13
43673,0.14,0.46
43674,0.05,0.44
43675,0.08,0.08
43676,0.19,0.45
43677,0.02,0.06
43678,0.04,0.1
43679,0.05,0.24
43680,0.11,0.22
43681,0.23,0.84
43682,0.17,0.27
43683,0.1,0.76
43684,0.61,0.84
43685,0.08,0.13
43686,0.44,0.67
43687,0.13,0.3
43688,0.33,0.57
43689,0.02,0.11
43690,0.11,0.78
43691,0.25,0.57
43692,0.06,0.96
43693,0.45,0.67
43694,0.05,0.09
43695,0.63,0.93
43696,0.09,0.24
43697,0.09,0.31
43698,0.11,0.13
43699,0.09,0.19
43700,0.22,0.75
43701,0.37,0.56
43702,0.09,0.16
43703,0.33,0.52
43704,0.02,0.11
43705,0.17,0.69
43706,0.22,0.24
43707,0.24,0.64
43708,0.26,0.71
43709,0.36,0.65
43710,0.08,0.94
43711,0.11,0.92
43712,0.63,0.8
43713,0.05,0.34
43714,0.11,0.49
43715,0.09,0.6
43716,0.41,0.82
43717,0.08,0.13
43718,0.03,0.05
43719,0.12,0.54
43720,0.26,0.55
43721,0.3,0.45
43722,0.17,0.65
43723,0.19,0.62
43724,0.01,0.27
43725,0.1,0.17
43726,0.25,0.64
43727,0.2,0.18
43728,0.16,0.34
43729,0.73,0.77
43730,0.19,0.56
43731,0.7,0.59
43732,0.05,0.39
43733,0.1,0.66
43734,0.12,0.33
43735,0.11,0.69
43736,0.18,0.71
43737,0.03,0.13
43738,0.63,0.9
43739,0.28,0.25
43740,0.37,0.9
43741,0.07,0.44
43742,0.27,0.28
43743,0.46,0.69
43744,0.15,0.08
43745,0.69,0.8
43746,0.34,0.84
43747,0.18,0.55
43748,0.12,0.52
43749,0.28,0.3
43750,0.32,0.42
43751,0.45,0.83
43752,0.3,0.53
43753,0.05,0.19
43754,0.32,0.69
43755,0.13,0.36
43756,0.02,0.15
43757,0.13,0.67
43758,0.06,0.25
43759,0.11,0.74
43760,0.28,0.45
43761,0.5,0.85
43762,0.14,0.2
43763,0.73,0.74
43764,0.08,0.74
43765,0.2,0.92
43766,0.03,0.08
43767,0.3,0.38
43768,0.03,0.15
43769,0.1,0.38
43770,0.51,0.88
43771,0.58,0.92
43772,0.02,0.1
43773,0.21,0.24
43774,0.17,0.69
43775,0.21,0.42
43776,0.17,0.64
43777,0.07,0.15
43778,0.25,0.28
43779,0.48,0.84
43780,0.24,0.58
43781,0.03,0.1
43782,0.12,0.64
43783,0.2,0.25
43784,0.06,0.11
43785,0.38,0.77
43786,0.55,0.9
43787,0.62,0.88
43788,0.37,0.54
43789,0.06,0.39
43790,0.05,0.02
43791,0.04,0.14
43792,0.19,0.5
43793,0.03,0.05
43794,0.33,0.3
43795,0.06,0.23
43796,0.64,0.92
43797,0.1,0.3
43798,0.18,0.66
43799,0.49,0.33
43800,0.0,0.23
43801,0.01,0.31
43802,0.14,0.43
43803,0.07,0.14
43804,0.23,0.37
43805,0.41,0.91
43806,0.19,0.52
43807,0.44,0.46
43808,0.06,0.12
43809,0.02,0.05
43810,0.1,0.17
43811,0.55,0.82
43812,0.05,0.05
43813,0.41,0.71
43814,0.17,0.58
43815,0.4,0.77
43816,0.16,0.89
43817,0.12,0.68
43818,0.14,0.37
43819,0.17,0.45
43820,0.2,0.69
43821,0.11,0.6
43822,0.31,0.6
43823,0.02,0.06
43824,0.22,0.64
43825,0.0,0.93
43826,0.21,0.58
43827,0.06,0.25
43828,0.31,0.28
43829,0.03,0.11
43830,0.04,0.04
43831,0.16,0.31
43832,0.21,0.86
43833,0.14,0.43
43834,0.03,0.08
43835,0.58,0.75
43836,0.02,0.41
43837,0.12,0.38
43838,0.37,0.59
43839,0.02,0.14
43840,0.04,0.32
43841,0.3,0.35
43842,0.15,0.27
43843,0.27,0.15
43844,0.46,0.61
43845,0.03,0.81
43846,0.35,0.7
43847,0.1,0.84
43848,0.26,0.73
43849,0.03,0.07
43850,0.3,0.69
43851,0.07,0.61
43852,0.12,0.3
43853,0.06,0.82
43854,0.15,0.67
43855,0.6,0.85
43856,0.15,0.63
43857,0.1,0.9
43858,0.61,0.87
43859,0.06,0.07
43860,0.12,0.26
43861,0.53,0.6
43862,0.48,0.23
43863,0.0,0.04
43864,0.04,0.31
43865,0.42,0.55
43866,0.09,0.26
43867,0.14,0.37
43868,0.24,0.59
43869,0.58,0.89
43870,0.26,0.3
43871,0.11,0.15
43872,0.07,0.33
43873,0.12,0.31
43874,0.21,0.69
43875,0.14,0.86
43876,0.16,0.49
43877,0.15,0.56
43878,0.18,0.71
43879,0.23,0.47
43880,0.04,0.76
43881,0.26,0.61
43882,0.24,0.38
43883,0.05,0.08
43884,0.71,0.84
43885,0.02,0.03
43886,0.01,0.05
43887,0.11,0.44
43888,0.09,0.13
43889,0.62,0.88
43890,0.52,0.83
43891,0.24,0.41
43892,0.36,0.67
43893,0.76,0.61
43894,0.07,0.32
43895,0.66,0.86
43896,0.2,0.61
43897,0.14,0.35
43898,0.08,0.14
43899,0.05,0.14
43900,0.16,0.29
43901,0.05,0.16
43902,0.06,0.08
43903,0.18,0.76
43904,0.09,0.67
43905,0.24,0.53
43906,0.08,0.78
43907,0.09,0.16
43908,0.14,0.22
43909,0.25,0.31
43910,0.21,0.46
43911,0.03,0.26
43912,0.23,0.4
43913,0.04,0.04
43914,0.11,0.2
43915,0.5,0.77
43916,0.06,0.14
43917,0.49,0.77
43918,0.2,0.2
43919,0.24,0.54
43920,0.02,0.11
43921,0.12,0.33
43922,0.04,0.51
43923,0.47,0.49
43924,0.3,0.47
43925,0.32,0.41
43926,0.21,0.38
43927,0.5,0.6
43928,0.34,0.46
43929,0.09,0.46
43930,0.06,0.15
43931,0.21,0.5
43932,0.39,0.81
43933,0.11,0.63
43934,0.2,0.46
43935,0.48,0.51
43936,0.17,0.47
43937,0.09,0.87
43938,0.1,0.2
43939,0.44,0.63
43940,0.68,0.73
43941,0.1,0.56
43942,0.07,0.35
43943,0.08,0.18
43944,0.01,0.06
43945,0.05,0.43
43946,0.07,0.64
43947,0.44,0.65
43948,0.15,0.69
43949,0.41,0.26
43950,0.17,0.48
43951,0.13,0.12
43952,0.53,0.85
43953,0.66,0.84
43954,0.1,0.15
43955,0.18,0.49
43956,0.26,0.47
43957,0.17,0.36
43958,0.21,0.36
43959,0.43,0.43
43960,0.13,0.15
43961,0.44,0.25
43962,0.09,0.78
43963,0.34,0.37
43964,0.1,0.34
43965,0.06,0.19
43966,0.27,0.54
43967,0.12,0.3
43968,0.18,0.44
43969,0.12,0.6
43970,0.06,0.19
43971,0.14,0.14
43972,0.01,0.06
43973,0.08,0.22
43974,0.26,0.83
43975,0.35,0.64
43976,0.13,0.75
43977,0.06,0.8
43978,0.03,0.35
43979,0.12,0.24
43980,0.03,0.07
43981,0.19,0.71
43982,0.11,0.77
43983,0.13,0.23
43984,0.09,0.65
43985,0.22,0.47
43986,0.25,0.69
43987,0.22,0.62
43988,0.06,0.87
43989,0.06,0.58
43990,0.12,0.3
43991,0.34,0.44
43992,0.0,0.12
43993,0.64,0.86
43994,0.01,0.6
43995,0.03,0.1
43996,0.15,0.83
43997,0.31,0.53
43998,0.66,0.8
43999,0.14,0.49
44000,0.38,0.86
44001,0.81,0.92
44002,0.09,0.14
44003,0.07,0.9
44004,0.05,0.15
44005,0.07,0.21
44006,0.22,0.82
44007,0.14,0.7
44008,0.06,0.34
44009,0.06,0.52
44010,0.21,0.83
44011,0.06,0.19
44012,0.09,0.52
44013,0.41,0.45
44014,0.21,0.64
44015,0.25,0.51
44016,0.08,0.17
44017,0.06,0.51
44018,0.04,0.15
44019,0.92,0.97
44020,0.19,0.31
44021,0.47,0.81
44022,0.04,0.09
44023,0.11,0.23
44024,0.09,0.21
44025,0.0,0.04
44026,0.47,0.9
44027,0.26,0.59
44028,0.6,0.91
44029,0.11,0.44
44030,0.2,0.36
44031,0.26,0.66
44032,0.02,0.1
44033,0.09,0.35
44034,0.25,0.55
44035,0.05,0.34
44036,0.04,0.5
44037,0.27,0.72
44038,0.05,0.14
44039,0.09,0.4
44040,0.81,0.86
44041,0.06,0.75
44042,0.5,0.84
44043,0.2,0.87
44044,0.05,0.22
44045,0.35,0.52
44046,0.37,0.61
44047,0.58,0.89
44048,0.85,0.82
44049,0.25,0.74
44050,0.05,0.91
44051,0.73,0.86
44052,0.22,0.56
44053,0.05,0.19
44054,0.05,0.13
44055,0.35,0.47
44056,0.13,0.83
44057,0.41,0.81
44058,0.08,0.11
44059,0.23,0.37
44060,0.46,0.85
44061,0.03,0.08
44062,0.08,0.29
44063,0.22,0.44
44064,0.28,0.3
44065,0.16,0.24
44066,0.06,0.29
44067,0.1,0.34
44068,0.33,0.49
44069,0.04,0.03
44070,0.74,0.93
44071,0.08,0.17
44072,0.37,0.26
44073,0.09,0.21
44074,0.85,0.92
44075,0.02,0.79
44076,0.17,0.13
44077,0.06,0.21
44078,0.13,0.16
44079,0.36,0.56
44080,0.55,0.8
44081,0.84,0.89
44082,0.09,0.89
44083,0.45,0.66
44084,0.24,0.4
44085,0.23,0.21
44086,0.26,0.51
44087,0.05,0.08
44088,0.14,0.25
44089,0.08,0.18
44090,0.22,0.74
44091,0.0,0.08
44092,0.02,0.75
44093,0.27,0.62
44094,0.05,0.29
44095,0.11,0.82
44096,0.02,0.12
44097,0.59,0.82
44098,0.18,0.48
44099,0.75,0.71
44100,0.43,0.67
44101,0.08,0.75
44102,0.12,0.68
44103,0.37,0.43
44104,0.03,0.16
44105,0.04,0.07
44106,0.04,0.6
44107,0.5,0.73
44108,0.04,0.16
44109,0.01,0.08
44110,0.07,0.09
44111,0.05,0.23
44112,0.15,0.21
44113,0.4,0.77
44114,0.64,0.72
44115,0.04,0.38
44116,0.0,0.08
44117,0.01,0.09
44118,0.09,0.22
44119,0.07,0.17
44120,0.25,0.32
44121,0.08,0.44
44122,0.04,0.19
44123,0.64,0.82
44124,0.33,0.53
44125,0.09,0.17
44126,0.17,0.17
44127,0.06,0.52
44128,0.1,0.84
44129,0.07,0.16
44130,0.12,0.25
44131,0.17,0.17
44132,0.02,0.07
44133,0.08,0.59
44134,0.08,0.25
44135,0.25,0.48
44136,0.3,0.25
44137,0.04,0.41
44138,0.28,0.89
44139,0.33,0.26
44140,0.16,0.65
44141,0.06,0.52
44142,0.21,0.68
44143,0.22,0.49
44144,0.1,0.27
44145,0.71,0.86
44146,0.32,0.44
44147,0.18,0.21
44148,0.06,0.34
44149,0.07,0.25
44150,0.13,0.75
44151,0.2,0.44
44152,0.1,0.47
44153,0.07,0.21
44154,0.13,0.15
44155,0.18,0.33
44156,0.01,0.2
44157,0.03,0.06
44158,0.11,0.27
44159,0.03,0.28
44160,0.06,0.33
44161,0.15,0.69
44162,0.71,0.76
44163,0.05,0.05
44164,0.81,0.89
44165,0.11,0.42
44166,0.0,0.01
44167,0.49,0.61
44168,0.3,0.44
44169,0.28,0.23
44170,0.05,0.39
44171,0.29,0.24
44172,0.16,0.32
44173,0.14,0.21
44174,0.38,0.74
44175,0.04,0.06
44176,0.19,0.37
44177,0.29,0.57
44178,0.0,0.06
44179,0.63,0.79
44180,0.25,0.6
44181,0.13,0.5
44182,0.37,0.76
44183,0.6,0.78
44184,0.2,0.36
44185,0.79,0.64
44186,0.28,0.43
44187,0.37,0.64
44188,0.02,0.01
44189,0.08,0.33
44190,0.08,0.07
44191,0.05,0.12
44192,0.14,0.21
44193,0.02,0.06
44194,0.06,0.23
44195,0.26,0.51
44196,0.13,0.51
44197,0.04,0.13
44198,0.09,0.87
44199,0.33,0.85
44200,0.11,0.3
44201,0.07,0.25
44202,0.02,0.2
44203,0.25,0.35
44204,0.19,0.25
44205,0.3,0.44
44206,0.49,0.73
44207,0.06,0.22
44208,0.28,0.2
44209,0.08,0.15
44210,0.09,0.6
44211,0.33,0.3
44212,0.37,0.69
44213,0.16,0.36
44214,0.12,0.41
44215,0.45,0.7
44216,0.16,0.52
44217,0.23,0.48
44218,0.04,0.45
44219,0.02,0.11
44220,0.05,0.53
44221,0.13,0.92
44222,0.18,0.48
44223,0.09,0.08
44224,0.0,0.14
44225,0.05,0.17
44226,0.1,0.43
44227,0.08,0.11
44228,0.21,0.51
44229,0.26,0.63
44230,0.26,0.8
44231,0.08,0.34
44232,0.05,0.19
44233,0.39,0.67
44234,0.1,0.92
44235,0.04,0.77
44236,0.49,0.69
44237,0.35,0.63
44238,0.08,0.78
44239,0.06,0.08
44240,0.05,0.45
44241,0.65,0.76
44242,0.48,0.57
44243,0.06,0.07
44244,0.16,0.25
44245,0.04,0.12
44246,0.52,0.92
44247,0.15,0.14
44248,0.24,0.63
44249,0.58,0.67
44250,0.08,0.49
44251,0.1,0.32
44252,0.14,0.81
44253,0.13,0.9
44254,0.07,0.09
44255,0.05,0.08
44256,0.52,0.73
44257,0.57,0.73
44258,0.62,0.92
44259,0.17,0.97
44260,0.18,0.19
44261,0.03,0.04
44262,0.14,0.4
44263,0.35,0.91
44264,0.59,0.81
44265,0.01,0.36
44266,0.7,0.89
44267,0.34,0.48
44268,0.41,0.48
44269,0.07,0.19
44270,0.32,0.36
44271,0.28,0.63
44272,0.22,0.7
44273,0.19,0.42
44274,0.14,0.51
44275,0.04,0.08
44276,0.59,0.87
44277,0.21,0.64
44278,0.34,0.47
44279,0.07,0.13
44280,0.17,0.51
44281,0.08,0.15
44282,0.01,0.1
44283,0.13,0.43
44284,0.15,0.47
44285,0.08,0.41
44286,0.26,0.52
44287,0.07,0.11
44288,0.17,0.27
44289,0.59,0.91
44290,0.21,0.3
44291,0.03,0.35
44292,0.17,0.83
44293,0.05,0.37
44294,0.25,0.34
44295,0.15,0.4
44296,0.11,0.75
44297,0.3,0.8
44298,0.23,0.81
44299,0.22,0.4
44300,0.17,0.21
44301,0.59,0.35
44302,0.32,0.45
44303,0.44,0.93
44304,0.53,0.84
44305,0.14,0.2
44306,0.51,1.0
44307,0.08,0.09
44308,0.15,0.52
44309,0.28,0.3
44310,0.1,0.32
44311,0.24,0.71
44312,0.46,0.52
44313,0.05,0.23
44314,0.05,0.94
44315,0.37,0.75
44316,0.33,0.51
44317,0.12,0.18
44318,0.19,0.55
44319,0.08,0.94
44320,0.1,0.59
44321,0.39,0.56
44322,0.3,0.73
44323,0.02,0.08
44324,0.04,0.09
44325,0.08,0.72
44326,0.47,0.71
44327,0.05,0.23
44328,0.08,0.21
44329,0.02,0.09
44330,0.11,0.93
44331,0.02,0.93
44332,0.42,0.61
44333,0.08,0.4
44334,0.52,0.73
44335,0.2,0.69
44336,0.29,0.63
44337,0.35,0.93
44338,0.0,0.12
44339,0.03,0.28
44340,0.07,0.18
44341,0.21,0.68
44342,0.46,0.3
44343,0.28,0.53
44344,0.17,0.84
44345,0.06,0.69
44346,0.42,0.17
44347,0.52,0.43
44348,0.22,0.69
44349,0.39,0.69
44350,0.09,0.64
44351,0.26,0.73
44352,0.17,0.34
44353,0.43,0.59
44354,0.78,0.82
44355,0.13,0.28
44356,0.24,0.23
44357,0.06,0.17
44358,0.19,0.87
44359,0.05,0.06
44360,0.14,0.51
44361,0.07,0.21
44362,0.1,0.44
44363,0.1,0.62
44364,0.24,0.56
44365,0.05,0.11
44366,0.72,0.97
44367,0.22,0.36
44368,0.16,0.15
44369,0.17,0.11
44370,0.05,0.2
44371,0.44,0.34
44372,0.68,0.85
44373,0.16,0.2
44374,0.46,0.54
44375,0.15,0.42
44376,0.15,0.65
44377,0.02,0.06
44378,0.73,0.83
44379,0.29,0.47
44380,0.32,0.44
44381,0.64,0.86
44382,0.07,0.11
44383,0.8,0.84
44384,0.08,0.12
44385,0.03,0.11
44386,0.27,0.35
44387,0.35,0.51
44388,0.17,0.49
44389,0.38,0.56
44390,0.08,0.25
44391,0.13,0.25
44392,0.26,0.66
44393,0.02,0.06
44394,0.33,0.56
44395,0.09,0.33
44396,0.03,0.09
44397,0.07,0.73
44398,0.57,0.68
44399,0.19,0.24
44400,0.09,0.17
44401,0.43,0.48
44402,0.11,0.83
44403,0.15,0.41
44404,0.3,0.7
44405,0.04,0.55
44406,0.07,0.18
44407,0.14,0.36
44408,0.2,0.22
44409,0.24,0.21
44410,0.11,0.42
44411,0.09,0.27
44412,0.2,0.45
44413,0.59,0.85
44414,0.51,0.76
44415,0.14,0.48
44416,0.45,0.48
44417,0.07,0.37
44418,0.28,0.41
44419,0.71,0.95
44420,0.1,0.48
44421,0.29,0.25
44422,0.05,0.68
44423,0.42,0.75
44424,0.58,0.86
44425,0.07,0.24
44426,0.46,0.55
44427,0.21,0.59
44428,0.5,0.76
44429,0.28,0.68
44430,0.11,0.78
44431,0.29,0.47
44432,0.39,0.47
44433,0.31,0.6
44434,0.27,0.72
44435,0.16,0.29
44436,0.46,0.89
44437,0.11,0.08
44438,0.01,0.01
44439,0.2,0.32
44440,0.08,0.16
44441,0.16,0.23
44442,0.1,0.09
44443,0.09,0.17
44444,0.24,0.82
44445,0.06,0.18
44446,0.06,0.09
44447,0.08,0.22
44448,0.75,0.86
44449,0.01,0.1
44450,0.22,0.92
44451,0.48,0.78
44452,0.16,0.1
44453,0.03,0.08
44454,0.22,0.43
44455,0.46,0.59
44456,0.07,0.08
44457,0.07,0.15
44458,0.16,0.22
44459,0.16,0.16
44460,0.06,0.12
44461,0.07,0.78
44462,0.0,0.14
44463,0.25,0.87
44464,0.37,0.85
44465,0.41,0.44
44466,0.03,0.39
44467,0.46,0.73
44468,0.11,0.15
44469,0.12,0.33
44470,0.22,0.53
44471,0.67,0.7
44472,0.1,0.74
44473,0.47,0.86
44474,0.02,0.05
44475,0.06,0.45
44476,0.0,0.11
44477,0.76,0.88
44478,0.1,0.95
44479,0.09,0.4
44480,0.04,0.58
44481,0.71,0.84
44482,0.43,0.57
44483,0.47,0.8
44484,0.1,0.38
44485,0.26,0.7
44486,0.14,0.89
44487,0.11,0.2
44488,0.33,0.61
44489,0.06,0.35
44490,0.07,0.68
44491,0.74,0.93
44492,0.06,0.27
44493,0.25,0.43
44494,0.75,0.82
44495,0.62,0.66
44496,0.07,0.36
44497,0.14,0.08
44498,0.73,0.84
44499,0.29,0.78
44500,0.02,0.44
44501,0.19,0.51
44502,0.75,0.97
44503,0.02,0.07
44504,0.37,0.57
44505,0.16,0.45
44506,0.25,0.44
44507,0.04,0.06
44508,0.29,0.53
44509,0.32,0.71
44510,0.04,0.69
44511,0.12,0.89
44512,0.17,0.68
44513,0.25,0.62
44514,0.06,0.19
44515,0.06,0.13
44516,0.14,0.1
44517,0.18,0.3
44518,0.94,0.94
44519,0.38,0.91
44520,0.44,0.3
44521,0.15,0.38
44522,0.55,0.7
44523,0.05,0.06
44524,0.16,0.32
44525,0.16,0.36
44526,0.17,0.56
44527,0.06,0.84
44528,0.18,0.43
44529,0.37,0.89
44530,0.49,0.91
44531,0.08,0.48
44532,0.19,0.71
44533,0.02,0.09
44534,0.05,0.8
44535,0.07,0.91
44536,0.11,0.46
44537,0.03,0.39
44538,0.17,0.69
44539,0.29,0.82
44540,0.14,0.44
44541,0.06,0.12
44542,0.34,0.44
44543,0.14,0.11
44544,0.51,0.87
44545,0.18,0.35
44546,0.25,0.68
44547,0.36,0.31
44548,0.1,0.06
44549,0.08,0.56
44550,0.17,0.29
44551,0.15,0.37
44552,0.34,0.82
44553,0.1,0.11
44554,0.41,0.38
44555,0.46,0.64
44556,0.21,0.3
44557,0.03,0.12
44558,0.01,0.05
44559,0.15,0.34
44560,0.0,0.01
44561,0.06,0.36
44562,0.24,0.26
44563,0.14,0.51
44564,0.27,0.32
44565,0.07,0.24
44566,0.12,0.39
44567,0.53,0.46
44568,0.04,0.11
44569,0.24,0.36
44570,0.25,0.49
44571,0.12,0.28
44572,0.06,0.05
44573,0.37,0.53
44574,0.16,0.12
44575,0.31,0.82
44576,0.02,0.11
44577,0.06,0.11
44578,0.67,0.85
44579,0.12,0.2
44580,0.17,0.8
44581,0.14,0.33
44582,0.69,0.96
44583,0.08,0.24
44584,0.2,0.48
44585,0.27,0.55
44586,0.45,0.51
44587,0.25,0.75
44588,0.15,0.52
44589,0.07,0.34
44590,0.04,0.28
44591,0.14,0.7
44592,0.05,0.16
44593,0.12,0.06
44594,0.14,0.81
44595,0.12,0.7
44596,0.24,0.24
44597,0.12,0.21
44598,0.46,0.51
44599,0.12,0.13
44600,0.24,0.76
44601,0.02,0.03
44602,0.11,0.7
44603,0.23,0.49
44604,0.12,0.21
44605,0.55,0.78
44606,0.0,0.39
44607,0.31,0.83
44608,0.23,0.25
44609,0.39,0.8
44610,0.05,0.07
44611,0.02,0.05
44612,0.11,0.47
44613,0.06,0.4
44614,0.17,0.2
44615,0.06,0.14
44616,0.16,0.82
44617,0.09,0.39
44618,0.48,0.59
44619,0.32,0.78
44620,0.08,0.13
44621,0.08,0.29
44622,0.25,0.48
44623,0.21,0.38
44624,0.63,0.79
44625,0.06,0.14
44626,0.4,0.91
44627,0.19,0.38
44628,0.16,0.29
44629,0.01,0.06
44630,0.14,0.55
44631,0.05,0.66
44632,0.55,0.61
44633,0.68,0.94
44634,0.06,0.18
44635,0.85,0.94
44636,0.44,0.73
44637,0.62,0.81
44638,0.13,0.48
44639,0.46,0.37
44640,0.03,0.09
44641,0.79,0.63
44642,0.06,0.12
44643,0.05,0.16
44644,0.16,0.6
44645,0.26,0.89
44646,0.02,0.05
44647,0.31,0.53
44648,0.01,0.55
44649,0.02,0.2
44650,0.16,0.75
44651,0.37,0.55
44652,0.7,0.92
44653,0.23,0.49
44654,0.17,0.74
44655,0.41,0.45
44656,0.3,0.97
44657,0.26,0.53
44658,0.05,0.16
44659,0.29,0.53
44660,0.44,0.64
44661,0.05,0.34
44662,0.09,0.39
44663,0.08,0.18
44664,0.22,0.77
44665,0.06,0.12
44666,0.12,0.47
44667,0.16,0.76
44668,0.1,0.14
44669,0.02,0.09
44670,0.44,0.41
44671,0.19,0.63
44672,0.16,0.85
44673,0.26,0.9
44674,0.21,0.9
44675,0.05,0.2
44676,0.1,0.15
44677,0.29,0.41
44678,0.11,0.3
44679,0.03,0.71
44680,0.46,0.74
44681,0.16,0.28
44682,0.24,0.32
44683,0.15,0.26
44684,0.66,0.9
44685,0.3,0.48
44686,0.12,0.75
44687,0.1,0.06
44688,0.1,0.1
44689,0.19,0.21
44690,0.18,0.29
44691,0.19,0.45
44692,0.15,0.84
44693,0.73,0.87
44694,0.28,0.95
44695,0.19,0.38
44696,0.09,0.57
44697,0.03,0.03
44698,0.33,0.75
44699,0.76,0.82
44700,0.12,0.3
44701,0.09,0.27
44702,0.23,0.39
44703,0.04,0.38
44704,0.11,0.2
44705,0.92,0.95
44706,0.08,0.11
44707,0.53,0.67
44708,0.04,0.12
44709,0.02,0.31
44710,0.07,0.45
44711,0.06,0.14
44712,0.51,0.88
44713,0.07,0.72
44714,0.07,0.34
44715,0.22,0.49
44716,0.02,0.98
44717,0.07,0.37
44718,0.07,0.1
44719,0.05,0.24
44720,0.69,0.76
44721,0.08,0.41
44722,0.07,0.9
44723,0.12,0.14
44724,0.58,0.73
44725,0.31,0.66
44726,0.25,0.67
44727,0.17,0.38
44728,0.16,0.88
44729,0.42,0.93
44730,0.13,0.14
44731,0.21,0.59
44732,0.17,0.28
44733,0.08,0.24
44734,0.05,0.61
44735,0.62,0.77
44736,0.14,0.27
44737,0.31,0.9
44738,0.05,0.16
44739,0.18,0.84
44740,0.39,0.85
44741,0.14,0.35
44742,0.32,0.92
44743,0.1,0.64
44744,0.44,0.64
44745,0.73,0.98
44746,0.03,0.44
44747,0.76,0.86
44748,0.09,0.53
44749,0.04,0.26
44750,0.26,0.13
44751,0.12,0.7
44752,0.18,0.55
44753,0.06,0.16
44754,0.51,0.6
44755,0.19,0.38
44756,0.58,0.64
44757,0.03,0.07
44758,0.17,0.36
44759,0.76,0.83
44760,0.13,0.38
44761,0.06,0.83
44762,0.15,0.92
44763,0.32,0.44
44764,0.02,0.2
44765,0.27,0.86
44766,0.67,0.9
44767,0.39,0.44
44768,0.32,0.52
44769,0.78,0.84
44770,0.08,0.28
44771,0.02,0.02
44772,0.05,0.08
44773,0.39,0.67
44774,0.14,0.86
44775,0.72,0.85
44776,0.29,0.58
44777,0.4,0.48
44778,0.23,0.72
44779,0.03,0.13
44780,0.43,0.49
44781,0.34,0.58
44782,0.06,0.3
44783,0.17,0.85
44784,0.04,0.08
44785,0.34,0.45
44786,0.51,0.46
44787,0.25,0.57
44788,0.38,0.35
44789,0.65,0.76
44790,0.08,0.8
44791,0.66,0.79
44792,0.07,0.19
44793,0.14,0.35
44794,0.06,0.16
44795,0.3,0.42
44796,0.33,0.83
44797,0.47,0.66
44798,0.21,0.64
44799,0.67,0.86
44800,0.07,0.53
44801,0.01,0.13
44802,0.72,0.81
44803,0.08,0.91
44804,0.11,0.39
44805,0.08,0.15
44806,0.16,0.89
44807,0.06,0.84
44808,0.17,0.27
44809,0.06,0.16
44810,0.09,0.3
44811,0.25,0.4
44812,0.42,0.43
44813,0.91,0.96
44814,0.12,0.81
44815,0.01,0.1
44816,0.24,0.9
44817,0.56,0.91
44818,0.75,0.92
44819,0.07,0.71
44820,0.53,0.66
44821,0.46,0.72
44822,0.16,0.65
44823,0.16,0.41
44824,0.18,0.55
44825,0.3,0.63
44826,0.31,0.6
44827,0.07,0.19
44828,0.06,0.9
44829,0.02,0.16
44830,0.22,0.87
44831,0.01,0.06
44832,0.39,0.41
44833,0.45,0.59
44834,0.19,0.56
44835,0.01,0.15
44836,0.25,0.54
44837,0.13,0.87
44838,0.04,0.33
44839,0.03,0.08
44840,0.23,0.39
44841,0.15,0.43
44842,0.17,0.31
44843,0.07,0.42
44844,0.06,0.4
44845,0.75,0.92
44846,0.16,0.36
44847,0.03,0.12
44848,0.2,0.34
44849,0.21,0.55
44850,0.11,0.14
44851,0.04,0.63
44852,0.36,0.43
44853,0.11,0.24
44854,0.03,0.08
44855,0.04,0.21
44856,0.2,0.47
44857,0.4,0.64
44858,0.05,0.15
44859,0.12,0.17
44860,0.06,0.83
44861,0.32,0.32
44862,0.1,0.21
44863,0.59,0.67
44864,0.2,0.42
44865,0.02,0.1
44866,0.02,0.15
44867,0.37,0.39
44868,0.18,0.21
44869,0.21,0.29
44870,0.11,0.7
44871,0.3,0.39
44872,0.03,0.09
44873,0.1,0.22
44874,0.14,0.54
44875,0.04,0.15
44876,0.06,0.1
44877,0.24,0.69
44878,0.72,0.97
44879,0.2,0.84
44880,0.04,0.08
44881,0.17,0.06
44882,0.31,0.52
44883,0.4,0.58
44884,0.42,0.64
44885,0.0,0.12
44886,0.03,0.36
44887,0.1,0.55
44888,0.15,0.33
44889,0.15,0.15
44890,0.28,0.46
44891,0.08,0.5
44892,0.7,0.94
44893,0.1,0.86
44894,0.08,0.11
44895,0.34,0.59
44896,0.17,0.23
44897,0.04,0.21
44898,0.23,0.55
44899,0.5,0.84
44900,0.22,0.65
44901,0.06,0.1
44902,0.08,0.18
44903,0.13,0.17
44904,0.29,0.39
44905,0.26,0.7
44906,0.07,0.2
44907,0.86,0.84
44908,0.04,0.6
44909,0.01,0.15
44910,0.06,0.28
44911,0.2,0.45
44912,0.54,0.82
44913,0.01,0.06
44914,0.17,0.58
44915,0.31,0.8
44916,0.16,0.7
44917,0.02,0.08
44918,0.13,0.24
44919,0.11,0.83
44920,0.44,0.76
44921,0.09,0.71
44922,0.1,0.41
44923,0.06,0.88
44924,0.06,0.39
44925,0.17,0.63
44926,0.27,0.7
44927,0.56,0.75
44928,0.08,0.2
44929,0.13,0.51
44930,0.14,0.94
44931,0.73,0.79
44932,0.31,0.52
44933,0.15,0.82
44934,0.27,0.82
44935,0.57,0.91
44936,0.57,0.65
44937,0.06,0.3
44938,0.03,0.11
44939,0.36,0.49
44940,0.04,0.75
44941,0.07,0.33
44942,0.07,0.13
44943,0.61,0.82
44944,0.12,0.53
44945,0.08,0.73
44946,0.49,0.93
44947,0.08,0.3
44948,0.17,0.63
44949,0.13,0.38
44950,0.08,0.19
44951,0.71,0.86
44952,0.48,0.6
44953,0.23,0.82
44954,0.66,0.58
44955,0.36,0.45
44956,0.67,0.92
44957,0.08,0.48
44958,0.06,0.63
44959,0.08,0.35
44960,0.15,0.55
44961,0.53,0.81
44962,0.43,0.59
44963,0.43,0.91
44964,0.14,0.2
44965,0.06,0.32
44966,0.41,0.28
44967,0.16,0.22
44968,0.15,0.68
44969,0.12,0.37
44970,0.14,0.19
44971,0.03,0.23
44972,0.03,0.38
44973,0.21,0.65
44974,0.15,0.19
44975,0.46,0.51
44976,0.13,0.23
44977,0.17,0.83
44978,0.07,0.14
44979,0.25,0.13
44980,0.28,0.6
44981,0.85,0.83
44982,0.23,0.43
44983,0.73,0.8
44984,0.29,0.58
44985,0.43,0.39
44986,0.19,0.52
44987,0.19,0.4
44988,0.49,0.95
44989,0.06,0.09
44990,0.01,0.08
44991,0.85,0.88
44992,0.6,0.81
44993,0.07,0.75
44994,0.16,0.29
44995,0.08,0.17
44996,0.51,0.72
44997,0.08,0.21
44998,0.54,0.82
44999,0.46,0.51
45000,0.17,0.79
45001,0.02,0.06
45002,0.19,0.65
45003,0.14,0.75
45004,0.18,0.5
45005,0.01,0.11
45006,0.21,0.36
45007,0.12,0.7
45008,0.72,0.79
45009,0.05,0.05
45010,0.34,0.9
45011,0.26,0.43
45012,0.13,0.19
45013,0.81,0.93
45014,0.89,1.0
45015,0.34,0.43
45016,0.48,0.49
45017,0.33,0.44
45018,0.28,0.5
45019,0.11,0.5
45020,0.56,0.79
45021,0.07,0.35
45022,0.04,0.19
45023,0.16,0.71
45024,0.15,0.31
45025,0.07,0.14
45026,0.17,0.86
45027,0.8,0.78
45028,0.05,0.16
45029,0.41,0.85
45030,0.03,0.09
45031,0.66,0.82
45032,0.3,0.19
45033,0.14,0.18
45034,0.6,0.66
45035,0.18,0.13
45036,0.19,0.59
45037,0.37,0.24
45038,0.07,0.72
45039,0.04,0.42
45040,0.26,0.73
45041,0.15,0.93
45042,0.03,0.54
45043,0.21,0.51
45044,0.03,0.12
45045,0.01,0.1
45046,0.11,0.31
45047,0.42,0.66
45048,0.16,0.34
45049,0.42,0.82
45050,0.07,0.46
45051,0.35,0.54
45052,0.38,0.62
45053,0.24,0.43
45054,0.13,0.72
45055,0.02,0.1
45056,0.68,0.91
45057,0.76,0.7
45058,0.21,0.41
45059,0.06,0.1
45060,0.79,0.92
45061,0.33,0.58
45062,0.12,0.27
45063,0.19,0.69
45064,0.1,0.09
45065,0.12,0.16
45066,0.05,0.68
45067,0.41,0.55
45068,0.13,0.69
45069,0.16,0.5
45070,0.56,0.41
45071,0.71,0.82
45072,0.59,0.93
45073,0.06,0.41
45074,0.04,0.4
45075,0.04,0.14
45076,0.8,0.96
45077,0.02,0.06
45078,0.08,0.08
45079,0.15,0.39
45080,0.06,0.31
45081,0.52,0.68
45082,0.3,0.72
45083,0.38,0.45
45084,0.15,0.84
45085,0.54,0.33
45086,0.08,0.2
45087,0.01,0.05
45088,0.69,0.91
45089,0.03,0.21
45090,0.01,0.08
45091,0.89,0.99
45092,0.64,0.7
45093,0.29,0.51
45094,0.32,0.45
45095,0.03,0.12
45096,0.02,0.15
45097,0.14,0.9
45098,0.14,0.21
45099,0.3,0.88
45100,0.03,0.79
45101,0.04,0.11
45102,0.17,0.39
45103,0.04,0.2
45104,0.29,0.46
45105,0.37,0.54
45106,0.24,0.41
45107,0.12,0.2
45108,0.23,0.73
45109,0.56,0.89
45110,0.77,0.85
45111,0.1,0.55
45112,0.19,0.93
45113,0.21,0.42
45114,0.39,0.76
45115,0.07,0.12
45116,0.21,0.37
45117,0.01,0.07
45118,0.05,0.33
45119,0.09,0.8
45120,0.3,0.83
45121,0.4,0.48
45122,0.24,0.16
45123,0.06,0.98
45124,0.16,0.13
45125,0.09,0.24
45126,0.06,0.21
45127,0.04,0.06
45128,0.15,0.65
45129,0.1,0.13
45130,0.13,0.95
45131,0.16,0.13
45132,0.47,0.78
45133,0.06,0.21
45134,0.03,0.13
45135,0.24,0.69
45136,0.55,0.93
45137,0.04,0.11
45138,0.06,0.15
45139,0.08,0.34
45140,0.11,0.8
45141,0.07,0.44
45142,0.27,0.46
45143,0.3,0.61
45144,0.25,0.44
45145,0.08,0.08
45146,0.13,0.2
45147,0.04,0.29
45148,0.57,0.66
45149,0.2,0.69
45150,0.32,0.87
45151,0.73,0.79
45152,0.09,0.95
45153,0.17,0.1
45154,0.2,0.11
45155,0.07,0.2
45156,0.79,0.92
45157,0.86,0.86
45158,0.35,0.51
45159,0.06,0.07
45160,0.11,0.14
45161,0.46,0.58
45162,0.35,0.6
45163,0.59,0.35
45164,0.53,0.72
45165,0.04,0.11
45166,0.18,0.2
45167,0.09,0.29
45168,0.29,0.78
45169,0.02,0.94
45170,0.16,0.21
45171,0.21,0.75
45172,0.12,0.07
45173,0.36,0.79
45174,0.05,0.64
45175,0.42,0.49
45176,0.46,0.72
45177,0.06,0.33
45178,0.38,0.69
45179,0.07,0.16
45180,0.07,0.24
45181,0.14,0.42
45182,0.12,0.34
45183,0.09,0.23
45184,0.32,0.43
45185,0.13,0.27
45186,0.07,0.55
45187,0.16,0.7
45188,0.08,0.89
45189,0.26,0.4
45190,0.04,0.13
45191,0.06,0.84
45192,0.05,0.1
45193,0.22,0.24
45194,0.08,0.12
45195,0.82,0.91
45196,0.39,0.71
45197,0.46,0.73
45198,0.48,0.66
45199,0.23,0.17
45200,0.01,0.56
45201,0.34,0.4
45202,0.01,0.44
45203,0.23,0.37
45204,0.15,0.31
45205,0.15,0.36
45206,0.08,0.16
45207,0.1,0.2
45208,0.22,0.22
45209,0.67,0.74
45210,0.12,0.93
45211,0.02,0.16
45212,0.38,0.7
45213,0.38,0.53
45214,0.26,0.52
45215,0.51,0.75
45216,0.35,0.79
45217,0.36,0.78
45218,0.26,0.84
45219,0.11,0.47
45220,0.65,0.75
45221,0.2,0.73
45222,0.07,0.92
45223,0.36,0.25
45224,0.11,0.24
45225,0.16,0.64
45226,0.26,0.5
45227,0.07,0.28
45228,0.02,0.07
45229,0.47,0.76
45230,0.5,0.86
45231,0.13,0.73
45232,0.08,0.18
45233,0.22,0.41
45234,0.17,0.72
45235,0.04,0.12
45236,0.78,0.92
45237,0.0,0.08
45238,0.28,0.5
45239,0.07,0.14
45240,0.0,0.09
45241,0.6,0.61
45242,0.08,0.59
45243,0.17,0.61
45244,0.05,0.07
45245,0.27,0.72
45246,0.13,0.5
45247,0.32,0.4
45248,0.2,0.71
45249,0.07,0.36
45250,0.09,0.38
45251,0.04,0.66
45252,0.54,0.81
45253,0.44,0.18
45254,0.42,0.76
45255,0.11,0.53
45256,0.11,0.51
45257,0.41,0.19
45258,0.6,0.85
45259,0.11,0.9
45260,0.08,0.11
45261,0.05,0.29
45262,0.66,0.7
45263,0.27,0.62
45264,0.15,0.44
45265,0.32,0.5
45266,0.54,0.72
45267,0.13,0.78
45268,0.28,0.58
45269,0.22,0.65
45270,0.06,0.48
45271,0.11,0.78
45272,0.14,0.65
45273,0.19,0.19
45274,0.14,0.28
45275,0.43,0.89
45276,0.08,0.32
45277,0.2,0.18
45278,0.03,0.22
45279,0.3,0.64
45280,0.19,0.69
45281,0.1,0.9
45282,0.17,0.79
45283,0.13,0.2
45284,0.35,0.22
45285,0.0,0.13
45286,0.07,0.54
45287,0.0,0.06
45288,0.09,0.53
45289,0.42,0.37
45290,0.23,0.85
45291,0.18,0.81
45292,0.09,0.5
45293,0.11,0.77
45294,0.09,0.5
45295,0.08,0.17
45296,0.11,0.82
45297,0.08,0.33
45298,0.27,0.26
45299,0.06,0.15
45300,0.21,0.5
45301,0.07,0.07
45302,0.23,0.63
45303,0.07,0.5
45304,0.15,0.26
45305,0.08,0.1
45306,0.39,0.62
45307,0.47,0.79
45308,0.52,0.84
45309,0.13,0.24
45310,0.14,0.36
45311,0.48,0.61
45312,0.19,0.58
45313,0.07,0.21
45314,0.27,0.1
45315,0.07,0.94
45316,0.37,0.74
45317,0.37,0.63
45318,0.06,0.09
45319,0.07,0.25
45320,0.49,0.64
45321,0.55,0.47
45322,0.17,0.47
45323,0.39,0.64
45324,0.08,0.44
45325,0.13,0.36
45326,0.59,0.7
45327,0.04,0.05
45328,0.62,0.88
45329,0.86,0.93
45330,0.18,0.47
45331,0.37,0.28
45332,0.29,0.67
45333,0.1,0.32
45334,0.08,0.19
45335,0.05,0.11
45336,0.58,0.91
45337,0.15,0.33
45338,0.58,0.79
45339,0.11,0.13
45340,0.07,0.18
45341,0.19,0.74
45342,0.09,0.86
45343,0.51,0.9
45344,0.67,0.7
45345,0.07,0.27
45346,0.01,0.03
45347,0.5,0.68
45348,0.01,0.06
45349,0.26,0.63
45350,0.05,0.15
45351,0.56,0.96
45352,0.19,0.45
45353,0.15,0.79
45354,0.23,0.1
45355,0.07,0.13
45356,0.61,0.93
45357,0.52,0.7
45358,0.07,0.66
45359,0.08,0.73
45360,0.14,0.89
45361,0.02,0.43
45362,0.08,0.14
45363,0.07,0.27
45364,0.06,0.16
45365,0.79,0.94
45366,0.42,0.72
45367,0.05,0.12
45368,0.23,0.36
45369,0.23,0.1
45370,0.01,0.18
45371,0.07,0.41
45372,0.78,0.92
45373,0.1,0.22
45374,0.13,0.43
45375,0.42,0.88
45376,0.2,0.44
45377,0.21,0.94
45378,0.09,0.19
45379,0.29,0.68
45380,0.48,0.8
45381,0.23,0.62
45382,0.03,0.81
45383,0.39,0.73
45384,0.26,0.81
45385,0.39,0.57
45386,0.56,0.71
45387,0.13,0.4
45388,0.35,0.89
45389,0.11,0.23
45390,0.14,0.49
45391,0.22,0.81
45392,0.13,0.1
45393,0.15,0.87
45394,0.21,0.96
45395,0.35,0.52
45396,0.43,0.82
45397,0.29,0.57
45398,0.11,0.66
45399,0.07,0.14
45400,0.22,0.39
45401,0.14,0.36
45402,0.06,0.8
45403,0.66,0.82
45404,0.11,0.55
45405,0.12,0.91
45406,0.02,0.27
45407,0.54,0.79
45408,0.23,0.46
45409,0.41,0.58
45410,0.05,0.73
45411,0.23,0.85
45412,0.09,0.66
45413,0.31,0.45
45414,0.05,0.86
45415,0.09,0.13
45416,0.5,0.6
45417,0.15,0.46
45418,0.06,0.09
45419,0.1,0.26
45420,0.01,0.07
45421,0.44,0.36
45422,0.07,0.8
45423,0.19,0.29
45424,0.26,0.59
45425,0.27,0.41
45426,0.47,0.76
45427,0.23,0.61
45428,0.1,0.06
45429,0.35,0.45
45430,0.07,0.12
45431,0.3,0.12
45432,0.0,0.04
45433,0.01,0.11
45434,0.38,0.5
45435,0.6,0.82
45436,0.05,0.2
45437,0.1,0.14
45438,0.08,0.15
45439,0.31,0.35
45440,0.13,0.81
45441,0.15,0.43
45442,0.14,0.33
45443,0.14,0.42
45444,0.11,0.94
45445,0.18,0.89
45446,0.61,0.8
45447,0.16,0.88
45448,0.27,0.56
45449,0.23,0.8
45450,0.04,0.21
45451,0.1,0.69
45452,0.03,0.17
45453,0.05,0.2
45454,0.58,0.91
45455,0.09,0.79
45456,0.08,0.22
45457,0.6,0.73
45458,0.1,0.36
45459,0.48,0.88
45460,0.26,0.34
45461,0.35,0.85
45462,0.16,0.25
45463,0.09,0.16
45464,0.09,0.92
45465,0.37,0.66
45466,0.55,0.69
45467,0.06,0.35
45468,0.3,0.85
45469,0.06,0.11
45470,0.15,0.29
45471,0.35,0.47
45472,0.26,0.49
45473,0.04,0.08
45474,0.16,0.95
45475,0.19,0.25
45476,0.11,0.07
45477,0.15,0.24
45478,0.23,0.23
45479,0.08,0.23
45480,0.12,0.6
45481,0.3,0.56
45482,0.07,0.15
45483,0.12,0.57
45484,0.08,0.62
45485,0.73,0.86
45486,0.04,0.15
45487,0.09,0.81
45488,0.08,0.25
45489,0.11,0.49
45490,0.5,0.44
45491,0.04,0.2
45492,0.07,0.25
45493,0.22,0.78
45494,0.26,0.83
45495,0.14,0.37
45496,0.39,0.8
45497,0.1,0.12
45498,0.14,0.19
45499,0.1,0.28
45500,0.51,0.74
45501,0.36,0.48
45502,0.49,0.66
45503,0.27,0.59
45504,0.57,0.82
45505,0.56,0.65
45506,0.07,0.32
45507,0.08,0.6
45508,0.34,0.35
45509,0.12,0.3
45510,0.09,0.63
45511,0.11,0.15
45512,0.12,0.23
45513,0.7,0.86
45514,0.2,0.24
45515,0.09,0.75
45516,0.14,0.46
45517,0.7,0.87
45518,0.16,0.68
45519,0.09,0.33
45520,0.04,0.12
45521,0.23,0.56
45522,0.07,0.17
45523,0.12,0.32
45524,0.48,0.44
45525,0.02,0.14
45526,0.03,0.14
45527,0.79,0.95
45528,0.1,0.66
45529,0.17,0.36
45530,0.74,0.97
45531,0.08,0.15
45532,0.71,0.86
45533,0.03,0.12
45534,0.87,0.84
45535,0.01,0.13
45536,0.08,0.11
45537,0.28,0.58
45538,0.56,0.8
45539,0.02,0.1
45540,0.06,0.47
45541,0.04,0.29
45542,0.01,0.07
45543,0.39,0.78
45544,0.12,0.37
45545,0.16,0.73
45546,0.21,0.29
45547,0.78,0.96
45548,0.4,0.7
45549,0.0,0.07
45550,0.05,0.06
45551,0.07,0.08
45552,0.01,0.37
45553,0.07,0.18
45554,0.03,0.64
45555,0.09,0.17
45556,0.06,0.76
45557,0.21,0.44
45558,0.32,0.6
45559,0.15,0.29
45560,0.13,0.16
45561,0.08,0.94
45562,0.32,0.87
45563,0.42,0.5
45564,0.63,0.84
45565,0.17,0.65
45566,0.01,0.1
45567,0.19,0.79
45568,0.32,0.34
45569,0.19,0.19
45570,0.01,0.4
45571,0.53,0.78
45572,0.06,0.28
45573,0.04,0.76
45574,0.49,0.72
45575,0.49,0.75
45576,0.2,0.46
45577,0.13,0.35
45578,0.36,0.4
45579,0.01,0.04
45580,0.55,0.89
45581,0.29,0.7
45582,0.12,0.2
45583,0.12,0.7
45584,0.43,0.93
45585,0.35,0.61
45586,0.29,0.87
45587,0.11,0.18
45588,0.04,0.26
45589,0.06,0.18
45590,0.02,0.13
45591,0.04,0.56
45592,0.11,0.92
45593,0.04,0.14
45594,0.2,0.37
45595,0.04,0.1
45596,0.06,0.12
45597,0.33,0.29
45598,0.05,0.2
45599,0.16,0.42
45600,0.08,0.08
45601,0.29,0.45
45602,0.12,0.2
45603,0.18,0.54
45604,0.25,0.57
45605,0.07,0.08
45606,0.11,0.34
45607,0.04,0.08
45608,0.63,0.91
45609,0.24,0.27
45610,0.39,0.79
45611,0.13,0.55
45612,0.05,0.2
45613,0.37,0.92
45614,0.29,0.58
45615,0.76,0.96
45616,0.19,0.64
45617,0.35,0.8
45618,0.14,0.72
45619,0.29,0.77
45620,0.25,0.17
45621,0.07,0.19
45622,0.49,0.84
45623,0.18,0.53
45624,0.04,0.85
45625,0.05,0.07
45626,0.26,0.52
45627,0.07,0.12
45628,0.1,0.13
45629,0.41,0.53
45630,0.36,0.27
45631,0.04,0.28
45632,0.16,0.65
45633,0.28,0.43
45634,0.12,0.58
45635,0.07,0.04
45636,0.03,0.11
45637,0.41,0.6
45638,0.13,0.73
45639,0.04,0.06
45640,0.13,0.43
45641,0.06,0.14
45642,0.22,0.12
45643,0.14,0.37
45644,0.57,0.89
45645,0.27,0.64
45646,0.05,0.25
45647,0.62,0.75
45648,0.01,0.04
45649,0.19,0.25
45650,0.3,0.62
45651,0.41,0.77
45652,0.21,0.21
45653,0.56,0.74
45654,0.38,0.88
45655,0.82,0.94
45656,0.08,0.1
45657,0.25,0.65
45658,0.08,0.14
45659,0.07,0.21
45660,0.17,0.15
45661,0.19,0.49
45662,0.1,0.07
45663,0.01,0.06
45664,0.32,0.34
45665,0.02,0.11
45666,0.08,0.22
45667,0.37,0.75
45668,0.03,0.07
45669,0.86,0.83
45670,0.08,0.2
45671,0.12,0.27
45672,0.03,0.77
45673,0.17,0.95
45674,0.11,0.45
45675,0.05,0.42
45676,0.53,0.88
45677,0.1,0.05
45678,0.04,0.1
45679,0.1,0.55
45680,0.25,0.56
45681,0.32,0.68
45682,0.13,0.51
45683,0.06,0.2
45684,0.06,0.51
45685,0.22,0.2
45686,0.14,0.66
45687,0.16,0.69
45688,0.85,0.92
45689,0.04,0.47
45690,0.32,0.52
45691,0.41,0.72
45692,0.09,0.36
45693,0.16,0.54
45694,0.11,0.19
45695,0.29,0.46
45696,0.63,0.73
45697,0.26,0.7
45698,0.05,0.93
45699,0.23,0.59
45700,0.29,0.37
45701,0.62,0.66
45702,0.11,0.24
45703,0.49,0.72
45704,0.56,0.89
45705,0.02,0.13
45706,0.07,0.4
45707,0.07,0.19
45708,0.06,0.75
45709,0.18,0.14
45710,0.02,0.41
45711,0.02,0.2
45712,0.48,0.66
45713,0.08,0.24
45714,0.29,0.43
45715,0.06,0.15
45716,0.07,0.4
45717,0.04,0.09
45718,0.06,0.13
45719,0.17,0.46
45720,0.09,0.24
45721,0.2,0.58
45722,0.52,0.75
45723,0.12,0.57
45724,0.11,0.8
45725,0.62,0.68
45726,0.38,0.63
45727,0.32,0.88
45728,0.24,0.83
45729,0.19,0.38
45730,0.26,0.54
45731,0.03,0.18
45732,0.19,0.44
45733,0.14,0.33
45734,0.38,0.39
45735,0.06,0.24
45736,0.1,0.83
45737,0.12,0.82
45738,0.18,0.51
45739,0.19,0.44
45740,0.23,0.5
45741,0.18,0.57
45742,0.06,0.11
45743,0.04,0.15
45744,0.5,0.47
45745,0.33,0.52
45746,0.38,0.81
45747,0.26,0.69
45748,0.04,0.15
45749,0.08,0.07
45750,0.5,0.75
45751,0.15,0.32
45752,0.17,0.91
45753,0.08,0.16
45754,0.27,0.39
45755,0.05,0.09
45756,0.18,0.12
45757,0.83,0.97
45758,0.71,0.88
45759,0.55,0.8
45760,0.1,0.12
45761,0.42,0.73
45762,0.22,0.73
45763,0.45,0.87
45764,0.06,0.66
45765,0.18,0.27
45766,0.29,0.85
45767,0.66,0.67
45768,0.08,0.72
45769,0.24,0.57
45770,0.73,0.91
45771,0.11,0.14
45772,0.68,0.84
45773,0.01,0.05
45774,0.27,0.8
45775,0.29,0.52
45776,0.43,0.49
45777,0.06,0.61
45778,0.15,0.52
45779,0.07,0.59
45780,0.06,0.57
45781,0.04,0.19
45782,0.21,0.4
45783,0.13,0.41
45784,0.22,0.24
45785,0.11,0.74
45786,0.5,0.57
45787,0.28,0.65
45788,0.38,0.45
45789,0.1,0.43
45790,0.24,0.27
45791,0.04,0.16
45792,0.02,0.09
45793,0.15,0.29
45794,0.71,0.85
45795,0.09,0.59
45796,0.02,0.07
45797,0.04,0.11
45798,0.69,0.87
45799,0.39,0.19
45800,0.07,0.18
45801,0.4,0.57
45802,0.56,0.62
45803,0.06,0.14
45804,0.21,0.43
45805,0.31,0.27
45806,0.28,0.33
45807,0.23,0.7
45808,0.18,0.35
45809,0.08,0.39
45810,0.29,0.86
45811,0.19,0.33
45812,0.21,0.32
45813,0.22,0.19
45814,0.56,0.64
45815,0.38,0.32
45816,0.81,0.95
45817,0.53,0.61
45818,0.29,0.43
45819,0.36,0.84
45820,0.08,0.32
45821,0.11,0.53
45822,0.02,0.76
45823,0.1,0.86
45824,0.24,0.26
45825,0.13,0.42
45826,0.17,0.09
45827,0.11,0.37
45828,0.21,0.09
45829,0.1,0.44
45830,0.3,0.78
45831,0.15,0.31
45832,0.29,0.13
45833,0.09,0.17
45834,0.59,0.83
45835,0.05,0.06
45836,0.36,0.62
45837,0.07,0.51
45838,0.09,0.4
45839,0.06,0.3
45840,0.14,0.31
45841,0.08,0.15
45842,0.16,0.36
45843,0.18,0.56
45844,0.24,0.89
45845,0.56,0.74
45846,0.43,0.74
45847,0.14,0.85
45848,0.12,0.14
45849,0.58,0.8
45850,0.25,0.32
45851,0.45,0.69
45852,0.36,0.8
45853,0.1,0.37
45854,0.45,0.64
45855,0.11,0.24
45856,0.18,0.22
45857,0.09,0.2
45858,0.49,0.6
45859,0.21,0.25
45860,0.5,0.54
45861,0.64,0.86
45862,0.52,0.83
45863,0.03,0.46
45864,0.02,0.21
45865,0.45,0.87
45866,0.06,0.15
45867,0.14,0.34
45868,0.29,0.53
45869,0.09,0.31
45870,0.07,0.24
45871,0.15,0.66
45872,0.63,0.89
45873,0.17,0.47
45874,0.4,0.77
45875,0.01,0.06
45876,0.87,0.92
45877,0.35,0.84
45878,0.18,0.32
45879,0.16,0.23
45880,0.1,0.52
45881,0.49,0.64
45882,0.03,0.39
45883,0.08,0.78
45884,0.43,0.41
45885,0.36,0.72
45886,0.11,0.91
45887,0.67,0.72
45888,0.73,0.74
45889,0.13,0.36
45890,0.04,0.12
45891,0.06,0.13
45892,0.58,0.53
45893,0.75,0.84
45894,0.15,0.18
45895,0.11,0.48
45896,0.22,0.65
45897,0.06,0.33
45898,0.16,0.69
45899,0.3,0.62
45900,0.53,0.77
45901,0.44,0.86
45902,0.14,0.78
45903,0.06,0.5
45904,0.08,0.12
45905,0.44,0.69
45906,0.68,0.89
45907,0.02,0.18
45908,0.1,0.34
45909,0.39,0.68
45910,0.04,0.3
45911,0.18,0.19
45912,0.44,0.81
45913,0.01,0.05
45914,0.12,0.22
45915,0.5,0.77
45916,0.39,0.56
45917,0.35,0.78
45918,0.02,0.05
45919,0.13,0.1
45920,0.37,0.56
45921,0.32,0.6
45922,0.13,0.45
45923,0.02,0.04
45924,0.18,0.81
45925,0.61,0.7
45926,0.1,0.18
45927,0.24,0.44
45928,0.93,0.98
45929,0.58,0.75
45930,0.07,0.55
45931,0.45,0.64
45932,0.02,0.27
45933,0.18,0.27
45934,0.13,0.42
45935,0.1,0.44
45936,0.26,0.7
45937,0.08,0.43
45938,0.11,0.58
45939,0.33,0.43
45940,0.05,0.6
45941,0.14,0.22
45942,0.19,0.21
45943,0.22,0.59
45944,0.04,0.09
45945,0.67,0.74
45946,0.19,0.46
45947,0.16,0.67
45948,0.58,0.98
45949,0.08,0.19
45950,0.6,0.62
45951,0.06,0.47
45952,0.1,0.78
45953,0.12,0.21
45954,0.33,0.49
45955,0.11,0.74
45956,0.27,0.81
45957,0.19,0.89
45958,0.65,0.73
45959,0.05,0.94
45960,0.27,0.72
45961,0.53,0.71
45962,0.18,0.65
45963,0.01,0.12
45964,0.17,0.5
45965,0.1,0.12
45966,0.12,0.18
45967,0.16,0.43
45968,0.23,0.75
45969,0.24,0.61
45970,0.3,0.88
45971,0.6,0.83
45972,0.15,0.64
45973,0.08,0.41
45974,0.14,0.32
45975,0.4,0.74
45976,0.06,0.11
45977,0.67,0.76
45978,0.03,0.14
45979,0.1,0.28
45980,0.44,0.52
45981,0.49,0.55
45982,0.69,0.76
45983,0.13,0.43
45984,0.09,0.29
45985,0.68,0.97
45986,0.8,0.93
45987,0.05,0.1
45988,0.07,0.62
45989,0.15,0.48
45990,0.01,0.14
45991,0.24,0.85
45992,0.04,0.14
45993,0.69,0.89
45994,0.08,0.73
45995,0.2,0.61
45996,0.28,0.18
45997,0.53,0.87
45998,0.8,0.95
45999,0.23,0.62
46000,0.4,0.39
46001,0.19,0.26
46002,0.11,0.22
46003,0.13,0.23
46004,0.12,0.52
46005,0.16,0.93
46006,0.03,0.86
46007,0.55,0.81
46008,0.21,0.16
46009,0.14,0.7
46010,0.34,0.33
46011,0.26,0.78
46012,0.25,0.5
46013,0.11,0.36
46014,0.15,0.12
46015,0.13,0.52
46016,0.06,0.89
46017,0.09,0.29
46018,0.42,0.62
46019,0.27,0.61
46020,0.12,0.26
46021,0.12,0.32
46022,0.49,0.53
46023,0.11,0.82
46024,0.14,0.58
46025,0.17,0.85
46026,0.3,0.36
46027,0.19,0.36
46028,0.07,0.46
46029,0.05,0.16
46030,0.34,0.7
46031,0.05,0.43
46032,0.52,0.49
46033,0.37,0.76
46034,0.12,0.72
46035,0.02,0.11
46036,0.13,0.18
46037,0.04,0.21
46038,0.16,0.24
46039,0.09,0.29
46040,0.09,0.84
46041,0.04,0.16
46042,0.02,0.03
46043,0.67,0.81
46044,0.33,0.58
46045,0.1,0.54
46046,0.05,0.27
46047,0.68,0.76
46048,0.37,0.36
46049,0.11,0.73
46050,0.44,0.72
46051,0.07,0.21
46052,0.72,0.93
46053,0.09,0.78
46054,0.77,0.9
46055,0.07,0.21
46056,0.39,0.55
46057,0.15,0.31
46058,0.12,0.44
46059,0.77,0.89
46060,0.12,0.56
46061,0.04,0.17
46062,0.14,0.37
46063,0.04,0.78
46064,0.05,0.23
46065,0.03,0.16
46066,0.06,0.95
46067,0.21,0.64
46068,0.44,0.79
46069,0.22,0.33
46070,0.15,0.18
46071,0.15,0.38
46072,0.42,0.47
46073,0.15,0.36
46074,0.27,0.88
46075,0.09,0.07
46076,0.1,0.07
46077,0.21,0.22
46078,0.08,0.13
46079,0.3,0.3
46080,0.08,0.19
46081,0.34,0.51
46082,0.14,0.24
46083,0.07,0.07
46084,0.5,0.61
46085,0.25,0.42
46086,0.18,0.79
46087,0.05,0.08
46088,0.1,0.27
46089,0.21,0.66
46090,0.03,0.03
46091,0.85,0.96
46092,0.42,0.86
46093,0.01,0.2
46094,0.11,0.09
46095,0.18,0.87
46096,0.11,0.43
46097,0.01,0.05
46098,0.29,0.47
46099,0.56,0.42
46100,0.5,0.51
46101,0.13,0.05
46102,0.16,0.48
46103,0.41,0.44
46104,0.34,0.63
46105,0.04,0.33
46106,0.07,0.75
46107,0.62,0.86
46108,0.12,0.3
46109,0.16,0.25
46110,0.09,0.3
46111,0.81,0.9
46112,0.17,0.52
46113,0.01,0.09
46114,0.18,0.96
46115,0.47,0.75
46116,0.0,0.07
46117,0.19,0.3
46118,0.04,0.96
46119,0.25,0.87
46120,0.15,0.61
46121,0.34,0.34
46122,0.1,0.15
46123,0.1,0.38
46124,0.14,0.37
46125,0.18,0.58
46126,0.26,0.92
46127,0.36,0.51
46128,0.46,0.85
46129,0.33,0.45
46130,0.07,0.13
46131,0.18,0.7
46132,0.02,0.2
46133,0.33,0.56
46134,0.08,0.82
46135,0.25,0.2
46136,0.11,0.78
46137,0.54,0.88
46138,0.07,0.17
46139,0.03,0.26
46140,0.69,0.85
46141,0.16,0.55
46142,0.38,0.46
46143,0.28,0.47
46144,0.24,0.73
46145,0.08,0.08
46146,0.15,0.28
46147,0.32,0.35
46148,0.75,0.88
46149,0.09,0.91
46150,0.55,0.78
46151,0.05,0.07
46152,0.03,0.23
46153,0.19,0.55
46154,0.23,0.23
46155,0.64,0.83
46156,0.08,0.25
46157,0.25,0.17
46158,0.37,0.36
46159,0.23,0.47
46160,0.25,0.81
46161,0.04,0.18
46162,0.05,0.82
46163,0.03,0.15
46164,0.14,0.34
46165,0.18,0.47
46166,0.05,0.15
46167,0.43,0.82
46168,0.04,0.21
46169,0.07,0.52
46170,0.61,0.87
46171,0.68,0.72
46172,0.06,0.23
46173,0.12,0.22
46174,0.14,0.46
46175,0.42,0.65
46176,0.12,0.35
46177,0.29,0.3
46178,0.4,0.38
46179,0.46,0.75
46180,0.04,0.09
46181,0.17,0.27
46182,0.12,0.89
46183,0.31,0.53
46184,0.08,0.52
46185,0.38,0.72
46186,0.43,0.84
46187,0.3,0.55
46188,0.34,0.52
46189,0.1,0.38
46190,0.17,0.35
46191,0.21,0.33
46192,0.06,0.58
46193,0.57,0.84
46194,0.48,0.67
46195,0.08,0.16
46196,0.07,0.45
46197,0.09,0.65
46198,0.71,0.91
46199,0.07,0.28
46200,0.06,0.09
46201,0.54,0.76
46202,0.14,0.51
46203,0.15,0.34
46204,0.29,0.5
46205,0.03,0.18
46206,0.15,0.35
46207,0.22,0.74
46208,0.17,0.82
46209,0.03,0.05
46210,0.05,0.33
46211,0.09,0.03
46212,0.03,0.3
46213,0.25,0.18
46214,0.23,0.7
46215,0.08,0.81
46216,0.03,0.39
46217,0.09,0.19
46218,0.09,0.17
46219,0.3,0.64
46220,0.12,0.51
46221,0.11,0.21
46222,0.18,0.4
46223,0.16,0.43
46224,0.06,0.07
46225,0.74,0.9
46226,0.1,0.17
46227,0.12,0.15
46228,0.33,0.73
46229,0.09,0.69
46230,0.05,0.14
46231,0.21,0.92
46232,0.02,0.04
46233,0.07,0.33
46234,0.12,0.6
46235,0.59,0.93
46236,0.19,0.7
46237,0.54,0.79
46238,0.29,0.52
46239,0.46,0.74
46240,0.28,0.64
46241,0.06,0.24
46242,0.16,0.08
46243,0.06,0.17
46244,0.15,0.35
46245,0.32,0.23
46246,0.24,0.28
46247,0.08,0.68
46248,0.06,0.11
46249,0.06,0.27
46250,0.29,0.5
46251,0.36,0.37
46252,0.43,0.48
46253,0.09,0.85
46254,0.15,0.46
46255,0.05,0.59
46256,0.04,0.75
46257,0.26,0.56
46258,0.18,0.82
46259,0.07,0.31
46260,0.13,0.17
46261,0.4,0.54
46262,0.66,0.94
46263,0.2,0.59
46264,0.05,0.9
46265,0.7,0.86
46266,0.17,0.39
46267,0.29,0.92
46268,0.3,0.75
46269,0.04,0.38
46270,0.06,0.21
46271,0.14,0.43
46272,0.03,0.1
46273,0.04,0.11
46274,0.65,0.75
46275,0.23,0.58
46276,0.17,0.14
46277,0.36,0.32
46278,0.12,0.18
46279,0.23,0.93
46280,0.01,0.09
46281,0.32,0.86
46282,0.12,0.24
46283,0.04,0.24
46284,0.05,0.2
46285,0.58,0.67
46286,0.29,0.76
46287,0.29,0.75
46288,0.03,0.08
46289,0.22,0.36
46290,0.22,0.72
46291,0.2,0.29
46292,0.06,0.4
46293,0.31,0.31
46294,0.22,0.63
46295,0.47,0.6
46296,0.65,0.72
46297,0.01,0.08
46298,0.07,0.18
46299,0.57,0.97
46300,0.21,0.39
46301,0.25,0.7
46302,0.09,0.67
46303,0.05,0.21
46304,0.38,0.83
46305,0.16,0.27
46306,0.02,0.04
46307,0.02,0.05
46308,0.28,0.13
46309,0.66,0.9
46310,0.1,0.14
46311,0.61,0.8
46312,0.04,0.75
46313,0.06,0.12
46314,0.23,0.87
46315,0.85,0.91
46316,0.45,0.31
46317,0.21,0.16
46318,0.02,0.06
46319,0.07,0.58
46320,0.3,0.46
46321,0.09,0.28
46322,0.07,0.13
46323,0.25,0.7
46324,0.17,0.64
46325,0.08,0.3
46326,0.11,0.62
46327,0.04,0.04
46328,0.03,0.05
46329,0.57,0.78
46330,0.09,0.24
46331,0.3,0.88
46332,0.31,0.88
46333,0.2,0.66
46334,0.02,0.08
46335,0.15,0.84
46336,0.51,0.7
46337,0.02,0.09
46338,0.33,0.54
46339,0.53,0.72
46340,0.67,0.9
46341,0.05,0.26
46342,0.07,0.74
46343,0.09,0.47
46344,0.67,0.96
46345,0.03,0.09
46346,0.54,0.47
46347,0.12,0.55
46348,0.49,0.83
46349,0.67,0.67
46350,0.14,0.11
46351,0.09,0.32
46352,0.05,0.31
46353,0.51,0.73
46354,0.3,0.54
46355,0.14,0.42
46356,0.22,0.75
46357,0.12,0.7
46358,0.13,0.14
46359,0.18,0.24
46360,0.07,0.15
46361,0.65,0.78
46362,0.16,0.33
46363,0.48,0.77
46364,0.12,0.79
46365,0.09,0.37
46366,0.22,0.6
46367,0.02,0.13
46368,0.29,0.54
46369,0.69,0.83
46370,0.32,0.88
46371,0.01,0.07
46372,0.01,0.08
46373,0.18,0.47
46374,0.17,0.4
46375,0.01,0.1
46376,0.03,0.24
46377,0.88,0.94
46378,0.14,0.53
46379,0.04,0.09
46380,0.05,0.13
46381,0.04,0.31
46382,0.19,0.28
46383,0.86,0.91
46384,0.44,0.61
46385,0.05,0.67
46386,0.23,0.7
46387,0.06,0.54
46388,0.4,0.54
46389,0.35,0.54
46390,0.09,0.57
46391,0.18,0.66
46392,0.0,0.07
46393,0.44,0.76
46394,0.46,0.7
46395,0.13,0.72
46396,0.24,0.53
46397,0.3,0.9
46398,0.15,0.57
46399,0.54,0.86
46400,0.63,0.66
46401,0.15,0.63
46402,0.28,0.69
46403,0.7,0.91
46404,0.65,0.79
46405,0.62,0.76
46406,0.04,0.1
46407,0.22,0.66
46408,0.18,0.4
46409,0.09,0.88
46410,0.09,0.18
46411,0.34,0.56
46412,0.0,0.09
46413,0.4,0.45
46414,0.0,0.02
46415,0.05,0.32
46416,0.16,0.93
46417,0.01,0.15
46418,0.09,0.69
46419,0.04,0.64
46420,0.1,0.11
46421,0.48,0.67
46422,0.56,0.8
46423,0.4,0.69
46424,0.09,0.23
46425,0.7,0.96
46426,0.56,0.65
46427,0.08,0.4
46428,0.14,0.54
46429,0.22,0.68
46430,0.06,0.36
46431,0.07,0.08
46432,0.51,0.87
46433,0.19,0.35
46434,0.41,0.77
46435,0.07,0.63
46436,0.03,0.19
46437,0.2,0.61
46438,0.71,0.66
46439,0.34,0.41
46440,0.26,0.57
46441,0.05,0.15
46442,0.42,0.63
46443,0.12,0.82
46444,0.02,0.06
46445,0.27,0.53
46446,0.2,0.26
46447,0.13,0.27
46448,0.14,0.64
46449,0.04,0.11
46450,0.11,0.22
46451,0.33,0.44
46452,0.32,0.64
46453,0.14,0.11
46454,0.17,0.12
46455,0.03,0.16
46456,0.03,0.38
46457,0.16,0.41
46458,0.2,0.9
46459,0.22,0.62
46460,0.54,0.88
46461,0.24,0.53
46462,0.09,0.64
46463,0.37,0.57
46464,0.04,0.47
46465,0.3,0.49
46466,0.13,0.58
46467,0.22,0.65
46468,0.1,0.15
46469,0.07,0.36
46470,0.19,0.92
46471,0.06,0.45
46472,0.05,0.29
46473,0.65,0.77
46474,0.63,0.83
46475,0.15,0.72
46476,0.79,0.92
46477,0.35,0.73
46478,0.49,0.75
46479,0.32,0.88
46480,0.05,0.43
46481,0.06,0.3
46482,0.15,0.5
46483,0.02,0.33
46484,0.04,0.41
46485,0.09,0.09
46486,0.36,0.88
46487,0.08,0.16
46488,0.14,0.46
46489,0.02,0.22
46490,0.0,0.09
46491,0.28,0.15
46492,0.36,0.66
46493,0.04,0.26
46494,0.03,0.03
46495,0.27,0.63
46496,0.07,0.16
46497,0.18,0.26
46498,0.08,0.09
46499,0.06,0.44
46500,0.57,0.66
46501,0.31,0.6
46502,0.08,0.24
46503,0.13,0.14
46504,0.13,0.39
46505,0.33,0.57
46506,0.14,0.13
46507,0.19,0.54
46508,0.06,0.17
46509,0.21,0.2
46510,0.07,0.18
46511,0.02,0.93
46512,0.09,0.76
46513,0.2,0.54
46514,0.8,0.82
46515,0.26,0.8
46516,0.26,0.67
46517,0.21,0.83
46518,0.19,0.8
46519,0.17,0.62
46520,0.03,0.17
46521,0.13,0.79
46522,0.1,0.54
46523,0.2,0.86
46524,0.07,0.59
46525,0.19,0.76
46526,0.07,0.15
46527,0.52,0.9
46528,0.41,0.51
46529,0.18,0.44
46530,0.71,0.87
46531,0.34,0.71
46532,0.37,0.27
46533,0.2,0.27
46534,0.11,0.89
46535,0.21,0.33
46536,0.29,0.57
46537,0.02,0.1
46538,0.02,0.05
46539,0.17,0.23
46540,0.22,0.63
46541,0.0,0.06
46542,0.12,0.78
46543,0.2,0.33
46544,0.36,0.78
46545,0.43,0.67
46546,0.08,0.18
46547,0.54,0.85
46548,0.19,0.85
46549,0.27,0.84
46550,0.15,0.12
46551,0.33,0.47
46552,0.04,0.74
46553,0.02,0.26
46554,0.51,0.56
46555,0.04,0.2
46556,0.55,0.84
46557,0.09,0.12
46558,0.22,0.52
46559,0.07,0.41
46560,0.05,0.08
46561,0.21,0.34
46562,0.22,0.96
46563,0.64,0.84
46564,0.29,0.64
46565,0.2,0.18
46566,0.13,0.12
46567,0.04,0.12
46568,0.84,0.98
46569,0.02,0.12
46570,0.12,0.09
46571,0.04,0.88
46572,0.17,0.25
46573,0.06,0.84
46574,0.05,0.36
46575,0.06,0.09
46576,0.08,0.52
46577,0.09,0.28
46578,0.19,0.84
46579,0.4,0.76
46580,0.18,0.63
46581,0.08,0.69
46582,0.03,0.09
46583,0.09,0.53
46584,0.1,0.39
46585,0.02,0.07
46586,0.32,0.8
46587,0.5,0.79
46588,0.05,0.16
46589,0.01,0.07
46590,0.49,0.58
46591,0.24,0.48
46592,0.16,0.64
46593,0.07,0.17
46594,0.15,0.55
46595,0.14,0.15
46596,0.68,0.94
46597,0.61,0.85
46598,0.09,0.81
46599,0.09,0.58
46600,0.01,0.21
46601,0.08,0.14
46602,0.45,0.94
46603,0.22,0.68
46604,0.04,0.24
46605,0.26,0.48
46606,0.09,0.51
46607,0.19,0.33
46608,0.01,0.08
46609,0.03,0.48
46610,0.25,0.49
46611,0.06,0.23
46612,0.03,0.06
46613,0.16,0.74
46614,0.16,0.84
46615,0.29,0.48
46616,0.06,0.13
46617,0.18,0.49
46618,0.59,0.43
46619,0.12,0.3
46620,0.22,0.11
46621,0.03,0.14
46622,0.62,0.84
46623,0.14,0.55
46624,0.21,0.47
46625,0.17,0.11
46626,0.57,0.66
46627,0.36,0.39
46628,0.12,0.2
46629,0.19,0.33
46630,0.53,0.66
46631,0.04,0.61
46632,0.11,0.94
46633,0.03,0.12
46634,0.07,0.73
46635,0.74,0.78
46636,0.07,0.17
46637,0.08,0.35
46638,0.0,0.15
46639,0.11,0.47
46640,0.57,0.89
46641,0.06,0.89
46642,0.11,0.62
46643,0.16,0.29
46644,0.07,0.09
46645,0.5,0.86
46646,0.18,0.43
46647,0.3,0.74
46648,0.43,0.67
46649,0.11,0.27
46650,0.26,0.41
46651,0.01,0.07
46652,0.02,0.14
46653,0.06,0.31
46654,0.54,0.41
46655,0.03,0.1
46656,0.2,0.57
46657,0.11,0.38
46658,0.11,0.83
46659,0.14,0.21
46660,0.1,0.54
46661,0.09,0.3
46662,0.02,0.06
46663,0.3,0.27
46664,0.05,0.69
46665,0.19,0.74
46666,0.23,0.29
46667,0.12,0.82
46668,0.13,0.07
46669,0.06,0.11
46670,0.33,0.39
46671,0.43,0.8
46672,0.17,0.63
46673,0.05,0.79
46674,0.09,0.48
46675,0.04,0.16
46676,0.07,0.28
46677,0.04,0.38
46678,0.2,0.26
46679,0.76,0.97
46680,0.05,0.08
46681,0.25,0.3
46682,0.76,0.92
46683,0.05,0.15
46684,0.13,0.2
46685,0.27,0.56
46686,0.12,0.25
46687,0.14,0.29
46688,0.1,0.52
46689,0.04,0.21
46690,0.68,0.96
46691,0.08,0.34
46692,0.28,0.53
46693,0.12,0.21
46694,0.09,0.14
46695,0.15,0.46
46696,0.24,0.59
46697,0.14,0.13
46698,0.11,0.86
46699,0.08,0.88
46700,0.37,0.47
46701,0.09,0.87
46702,0.07,0.19
46703,0.41,0.75
46704,0.46,0.68
46705,0.72,0.97
46706,0.07,0.71
46707,0.21,0.34
46708,0.08,0.67
46709,0.26,0.18
46710,0.16,0.37
46711,0.29,0.71
46712,0.3,0.65
46713,0.05,0.13
46714,0.13,0.33
46715,0.5,0.89
46716,0.27,0.47
46717,0.23,0.51
46718,0.34,0.74
46719,0.01,0.36
46720,0.13,0.13
46721,0.1,0.58
46722,0.22,0.25
46723,0.07,0.55
46724,0.06,0.11
46725,0.43,0.33
46726,0.65,0.81
46727,0.13,0.25
46728,0.13,0.34
46729,0.12,0.4
46730,0.1,0.28
46731,0.17,0.33
46732,0.16,0.3
46733,0.05,0.09
46734,0.15,0.68
46735,0.06,0.12
46736,0.13,0.12
46737,0.03,0.08
46738,0.48,0.71
46739,0.7,0.72
46740,0.11,0.76
46741,0.3,0.44
46742,0.09,0.69
46743,0.34,0.81
46744,0.1,0.71
46745,0.49,0.51
46746,0.02,0.24
46747,0.35,0.28
46748,0.11,0.23
46749,0.06,0.02
46750,0.11,0.73
46751,0.28,0.5
46752,0.2,0.58
46753,0.21,0.28
46754,0.28,0.57
46755,0.31,0.37
46756,0.23,0.49
46757,0.76,0.9
46758,0.2,0.43
46759,0.08,0.22
46760,0.28,0.49
46761,0.0,0.08
46762,0.01,0.05
46763,0.31,0.67
46764,0.09,0.29
46765,0.18,0.14
46766,0.07,0.72
46767,0.31,0.73
46768,0.13,0.21
46769,0.08,0.3
46770,0.4,0.88
46771,0.15,0.58
46772,0.16,0.18
46773,0.02,0.07
46774,0.04,0.29
46775,0.15,0.5
46776,0.6,0.74
46777,0.49,0.56
46778,0.07,0.49
46779,0.27,0.61
46780,0.43,0.5
46781,0.5,0.87
46782,0.15,0.83
46783,0.13,0.26
46784,0.04,0.17
46785,0.06,0.12
46786,0.03,0.24
46787,0.15,0.38
46788,0.19,0.67
46789,0.09,0.8
46790,0.44,0.68
46791,0.08,0.24
46792,0.11,0.48
46793,0.06,0.57
46794,0.17,0.32
46795,0.28,0.57
46796,0.1,0.67
46797,0.08,0.66
46798,0.14,0.23
46799,0.34,0.48
46800,0.43,0.59
46801,0.37,0.75
46802,0.27,0.62
46803,0.65,0.89
46804,0.07,0.6
46805,0.05,0.27
46806,0.13,0.29
46807,0.58,0.75
46808,0.07,0.15
46809,0.54,0.4
46810,0.18,0.34
46811,0.26,0.68
46812,0.05,0.63
46813,0.01,0.14
46814,0.25,0.46
46815,0.14,0.51
46816,0.08,0.87
46817,0.15,0.11
46818,0.02,0.09
46819,0.05,0.23
46820,0.17,0.8
46821,0.03,0.15
46822,0.44,0.9
46823,0.01,0.09
46824,0.06,0.24
46825,0.08,0.24
46826,0.17,0.61
46827,0.12,0.5
46828,0.07,0.36
46829,0.05,0.39
46830,0.26,0.64
46831,0.06,0.8
46832,0.4,0.75
46833,0.09,0.13
46834,0.33,0.62
46835,0.73,0.92
46836,0.13,0.71
46837,0.09,0.41
46838,0.25,0.25
46839,0.02,0.97
46840,0.44,0.63
46841,0.04,0.06
46842,0.14,0.54
46843,0.1,0.23
46844,0.16,0.64
46845,0.23,0.7
46846,0.21,0.43
46847,0.55,0.78
46848,0.24,0.1
46849,0.15,0.17
46850,0.51,0.56
46851,0.49,0.92
46852,0.27,0.81
46853,0.11,0.11
46854,0.08,0.17
46855,0.1,0.71
46856,0.21,0.41
46857,0.17,0.43
46858,0.1,0.09
46859,0.05,0.18
46860,0.16,0.84
46861,0.13,0.44
46862,0.14,0.11
46863,0.12,0.34
46864,0.01,0.1
46865,0.37,0.34
46866,0.13,0.2
46867,0.04,0.2
46868,0.49,0.85
46869,0.07,0.55
46870,0.1,0.5
46871,0.13,0.65
46872,0.0,0.04
46873,0.06,0.43
46874,0.03,0.14
46875,0.43,0.72
46876,0.05,0.66
46877,0.03,0.12
46878,0.08,0.12
46879,0.64,0.92
46880,0.18,0.49
46881,0.21,0.32
46882,0.31,0.64
46883,0.12,0.24
46884,0.03,0.12
46885,0.04,0.08
46886,0.1,0.33
46887,0.11,0.35
46888,0.43,0.5
46889,0.1,0.83
46890,0.04,0.4
46891,0.04,0.23
46892,0.78,0.88
46893,0.04,0.26
46894,0.04,0.24
46895,0.38,0.84
46896,0.1,0.43
46897,0.55,0.43
46898,0.45,0.72
46899,0.07,0.62
46900,0.24,0.2
46901,0.05,0.19
46902,0.08,0.8
46903,0.7,0.8
46904,0.06,0.13
46905,0.11,0.48
46906,0.11,0.22
46907,0.0,0.04
46908,0.05,0.36
46909,0.05,0.71
46910,0.12,0.95
46911,0.22,0.4
46912,0.1,0.7
46913,0.09,0.61
46914,0.32,0.41
46915,0.32,0.24
46916,0.1,0.37
46917,0.31,0.46
46918,0.07,0.1
46919,0.16,0.74
46920,0.2,0.6
46921,0.14,0.21
46922,0.14,0.08
46923,0.06,0.09
46924,0.26,0.68
46925,0.14,0.24
46926,0.12,0.86
46927,0.06,0.06
46928,0.1,0.92
46929,0.11,0.74
46930,0.07,0.58
46931,0.14,0.86
46932,0.18,0.67
46933,0.34,0.6
46934,0.03,0.08
46935,0.15,0.63
46936,0.12,0.28
46937,0.04,0.24
46938,0.07,0.09
46939,0.34,0.78
46940,0.04,0.07
46941,0.11,0.94
46942,0.18,0.21
46943,0.54,0.75
46944,0.41,0.94
46945,0.01,0.06
46946,0.1,0.58
46947,0.52,0.66
46948,0.44,0.72
46949,0.03,0.28
46950,0.34,0.54
46951,0.0,0.23
46952,0.1,0.7
46953,0.3,0.36
46954,0.11,0.75
46955,0.03,0.02
46956,0.57,0.8
46957,0.5,0.71
46958,0.46,0.85
46959,0.01,0.21
46960,0.06,0.21
46961,0.08,0.45
46962,0.06,0.13
46963,0.28,0.51
46964,0.15,0.86
46965,0.08,0.53
46966,0.28,0.28
46967,0.15,0.36
46968,0.71,0.7
46969,0.06,0.18
46970,0.02,0.16
46971,0.24,0.26
46972,0.82,0.81
46973,0.35,0.28
46974,0.38,0.51
46975,0.08,0.72
46976,0.18,0.49
46977,0.12,0.65
46978,0.15,0.78
46979,0.02,0.03
46980,0.48,0.67
46981,0.09,0.27
46982,0.04,0.71
46983,0.05,0.11
46984,0.72,0.93
46985,0.41,0.47
46986,0.17,0.2
46987,0.25,0.32
46988,0.23,0.61
46989,0.21,0.44
46990,0.28,0.74
46991,0.38,0.84
46992,0.67,0.8
46993,0.12,0.11
46994,0.18,0.32
46995,0.06,0.3
46996,0.07,0.19
46997,0.07,0.18
46998,0.05,0.3
46999,0.1,0.73
47000,0.21,0.69
47001,0.11,0.21
47002,0.16,0.69
47003,0.02,0.08
47004,0.1,0.32
47005,0.07,0.29
47006,0.12,0.22
47007,0.01,0.07
47008,0.18,0.4
47009,0.09,0.8
47010,0.11,0.51
47011,0.05,0.74
47012,0.03,0.43
47013,0.32,0.34
47014,0.28,0.4
47015,0.17,0.49
47016,0.43,0.91
47017,0.1,0.33
47018,0.41,0.81
47019,0.13,0.89
47020,0.06,0.12
47021,0.26,0.22
47022,0.07,0.75
47023,0.05,0.15
47024,0.14,0.21
47025,0.36,0.87
47026,0.15,0.73
47027,0.02,0.74
47028,0.19,0.27
47029,0.74,0.89
47030,0.09,0.77
47031,0.14,0.91
47032,0.2,0.93
47033,0.07,0.13
47034,0.31,0.2
47035,0.17,0.26
47036,0.06,0.25
47037,0.32,0.74
47038,0.02,0.15
47039,0.03,0.28
47040,0.45,0.8
47041,0.29,0.52
47042,0.02,0.1
47043,0.28,0.44
47044,0.04,0.06
47045,0.07,0.2
47046,0.12,0.13
47047,0.04,0.94
47048,0.21,0.73
47049,0.07,0.42
47050,0.29,0.51
47051,0.2,0.3
47052,0.5,0.83
47053,0.04,0.43
47054,0.01,0.05
47055,0.33,0.7
47056,0.44,0.6
47057,0.55,0.48
47058,0.31,0.46
47059,0.02,0.07
47060,0.44,0.57
47061,0.19,0.41
47062,0.2,0.9
47063,0.14,0.51
47064,0.2,0.15
47065,0.12,0.34
47066,0.55,0.68
47067,0.02,0.11
47068,0.48,0.91
47069,0.12,0.31
47070,0.17,0.43
47071,0.69,0.82
47072,0.06,0.1
47073,0.23,0.17
47074,0.68,0.82
47075,0.3,0.62
47076,0.2,0.3
47077,0.12,0.25
47078,0.4,0.28
47079,0.03,0.14
47080,0.2,0.65
47081,0.0,0.05
47082,0.65,0.78
47083,0.07,0.23
47084,0.09,0.29
47085,0.6,0.82
47086,0.65,0.8
47087,0.08,0.63
47088,0.09,0.57
47089,0.25,0.52
47090,0.2,0.51
47091,0.07,0.17
47092,0.01,0.04
47093,0.21,0.69
47094,0.49,0.57
47095,0.58,0.9
47096,0.14,0.34
47097,0.07,0.24
47098,0.12,0.11
47099,0.07,0.07
47100,0.27,0.42
47101,0.12,0.86
47102,0.15,0.24
47103,0.26,0.36
47104,0.06,0.08
47105,0.0,0.04
47106,0.15,0.24
47107,0.15,0.34
47108,0.17,0.24
47109,0.14,0.17
47110,0.4,0.64
47111,0.07,0.75
47112,0.2,0.36
47113,0.52,0.53
47114,0.04,0.03
47115,0.04,0.68
47116,0.04,0.1
47117,0.14,0.69
47118,0.14,0.78
47119,0.08,0.23
47120,0.07,0.19
47121,0.3,0.8
47122,0.13,0.74
47123,0.11,0.26
47124,0.28,0.48
47125,0.67,0.54
47126,0.17,0.23
47127,0.07,0.1
47128,0.3,0.95
47129,0.05,0.13
47130,0.1,0.11
47131,0.08,0.3
47132,0.36,0.9
47133,0.05,0.13
47134,0.19,0.74
47135,0.34,0.71
47136,0.3,0.66
47137,0.03,0.99
47138,0.58,0.77
47139,0.09,0.82
47140,0.05,0.21
47141,0.06,0.92
47142,0.18,0.57
47143,0.13,0.25
47144,0.05,0.14
47145,0.12,0.18
47146,0.13,0.14
47147,0.01,0.37
47148,0.19,0.33
47149,0.18,0.46
47150,0.83,0.87
47151,0.43,0.77
47152,0.19,0.19
47153,0.04,0.06
47154,0.3,0.2
47155,0.05,0.58
47156,0.46,0.74
47157,0.5,0.7
47158,0.2,0.26
47159,0.73,0.74
47160,0.16,0.21
47161,0.07,0.36
47162,0.36,0.68
47163,0.09,0.31
47164,0.14,0.92
47165,0.07,0.11
47166,0.3,0.44
47167,0.17,0.28
47168,0.15,0.28
47169,0.09,0.34
47170,0.09,0.16
47171,0.4,0.52
47172,0.29,0.9
47173,0.09,0.14
47174,0.01,0.09
47175,0.01,0.09
47176,0.11,0.27
47177,0.02,0.13
47178,0.22,0.71
47179,0.07,0.5
47180,0.27,0.51
47181,0.03,0.13
47182,0.04,0.11
47183,0.02,0.05
47184,0.22,0.38
47185,0.72,0.86
47186,0.29,0.89
47187,0.09,0.1
47188,0.15,0.56
47189,0.17,0.32
47190,0.08,0.79
47191,0.03,0.89
47192,0.09,0.22
47193,0.04,0.13
47194,0.64,0.73
47195,0.17,0.43
47196,0.3,0.76
47197,0.06,0.13
47198,0.58,0.77
47199,0.07,0.52
47200,0.02,0.07
47201,0.09,0.75
47202,0.48,0.74
47203,0.19,0.57
47204,0.46,0.24
47205,0.07,0.09
47206,0.08,0.33
47207,0.61,0.96
47208,0.21,0.42
47209,0.56,0.72
47210,0.29,0.24
47211,0.18,0.59
47212,0.23,0.72
47213,0.06,0.13
47214,0.11,0.65
47215,0.55,0.86
47216,0.13,0.52
47217,0.63,0.87
47218,0.17,0.72
47219,0.01,0.08
47220,0.11,0.15
47221,0.26,0.75
47222,0.37,0.68
47223,0.44,0.75
47224,0.27,0.54
47225,0.33,0.46
47226,0.06,0.08
47227,0.07,0.22
47228,0.29,0.64
47229,0.03,0.18
47230,0.44,0.74
47231,0.49,0.61
47232,0.27,0.18
47233,0.37,0.59
47234,0.07,0.2
47235,0.08,0.26
47236,0.23,0.46
47237,0.44,0.58
47238,0.27,0.36
47239,0.47,0.97
47240,0.27,0.26
47241,0.41,0.67
47242,0.46,0.62
47243,0.11,0.31
47244,0.22,0.38
47245,0.34,0.3
47246,0.09,0.3
47247,0.02,0.11
47248,0.1,0.07
47249,0.17,0.17
47250,0.08,0.33
47251,0.42,0.75
47252,0.41,0.67
47253,0.1,0.76
47254,0.08,0.29
47255,0.5,0.91
47256,0.08,0.43
47257,0.13,0.44
47258,0.28,0.91
47259,0.1,0.15
47260,0.38,0.44
47261,0.01,0.08
47262,0.19,0.24
47263,0.08,0.6
47264,0.1,0.43
47265,0.08,0.52
47266,0.07,0.52
47267,0.03,0.06
47268,0.23,0.33
47269,0.11,0.38
47270,0.1,0.18
47271,0.1,0.29
47272,0.15,0.64
47273,0.21,0.97
47274,0.07,0.79
47275,0.21,0.18
47276,0.56,0.73
47277,0.46,0.69
47278,0.03,0.05
47279,0.51,0.85
47280,0.02,0.13
47281,0.41,0.56
47282,0.15,0.54
47283,0.1,0.18
47284,0.0,0.04
47285,0.23,0.31
47286,0.09,0.59
47287,0.12,0.28
47288,0.62,0.88
47289,0.67,0.81
47290,0.67,0.96
47291,0.17,0.45
47292,0.44,0.83
47293,0.26,0.57
47294,0.24,0.35
47295,0.03,0.14
47296,0.09,0.82
47297,0.19,0.16
47298,0.34,0.88
47299,0.28,0.78
47300,0.14,0.34
47301,0.14,0.91
47302,0.17,0.31
47303,0.08,0.57
47304,0.5,0.89
47305,0.07,0.19
47306,0.24,0.18
47307,0.21,0.36
47308,0.0,0.28
47309,0.33,0.32
47310,0.39,0.47
47311,0.05,0.17
47312,0.42,0.88
47313,0.01,0.13
47314,0.05,0.58
47315,0.13,0.3
47316,0.05,0.13
47317,0.14,0.19
47318,0.03,0.19
47319,0.67,0.81
47320,0.11,0.88
47321,0.02,0.26
47322,0.16,0.47
47323,0.07,0.21
47324,0.11,0.23
47325,0.01,0.06
47326,0.55,0.82
47327,0.01,0.06
47328,0.12,0.96
47329,0.08,0.78
47330,0.36,0.43
47331,0.05,0.09
47332,0.2,0.85
47333,0.13,0.46
47334,0.08,0.0
47335,0.08,0.7
47336,0.46,0.57
47337,0.17,0.26
47338,0.6,0.68
47339,0.03,0.08
47340,0.44,0.59
47341,0.1,0.68
47342,0.69,0.91
47343,0.06,0.36
47344,0.25,0.55
47345,0.1,0.39
47346,0.28,0.58
47347,0.24,0.68
47348,0.15,0.22
47349,0.03,0.12
47350,0.12,0.56
47351,0.05,0.14
47352,0.09,0.18
47353,0.18,0.39
47354,0.87,0.96
47355,0.15,0.94
47356,0.57,0.72
47357,0.14,0.19
47358,0.47,0.63
47359,0.08,0.53
47360,0.04,0.66
47361,0.15,0.17
47362,0.1,0.16
47363,0.14,0.57
47364,0.47,0.66
47365,0.22,0.87
47366,0.01,0.17
47367,0.48,0.64
47368,0.31,0.47
47369,0.02,0.2
47370,0.11,0.87
47371,0.1,0.18
47372,0.2,0.29
47373,0.32,0.7
47374,0.08,0.15
47375,0.03,0.57
47376,0.1,0.27
47377,0.21,0.39
47378,0.41,0.92
47379,0.13,0.49
47380,0.08,0.48
47381,0.04,0.45
47382,0.05,0.11
47383,0.61,0.56
47384,0.21,0.3
47385,0.06,0.31
47386,0.46,0.57
47387,0.12,0.92
47388,0.15,0.27
47389,0.3,0.71
47390,0.02,0.07
47391,0.54,0.92
47392,0.06,0.29
47393,0.05,0.43
47394,0.03,0.14
47395,0.47,0.55
47396,0.55,0.43
47397,0.35,0.62
47398,0.53,0.67
47399,0.29,0.8
47400,0.19,0.57
47401,0.02,0.01
47402,0.05,0.71
47403,0.08,0.52
47404,0.03,0.06
47405,0.05,0.16
47406,0.06,0.14
47407,0.38,0.43
47408,0.16,0.53
47409,0.7,0.8
47410,0.18,0.66
47411,0.22,0.68
47412,0.06,0.91
47413,0.01,0.1
47414,0.03,0.58
47415,0.24,0.79
47416,0.07,0.67
47417,0.05,0.33
47418,0.05,0.11
47419,0.69,0.91
47420,0.05,0.18
47421,0.07,0.34
47422,0.09,0.27
47423,0.66,0.43
47424,0.62,0.66
47425,0.22,0.22
47426,0.06,0.05
47427,0.42,0.58
47428,0.76,0.81
47429,0.06,0.15
47430,0.09,0.22
47431,0.12,0.2
47432,0.01,0.31
47433,0.34,0.79
47434,0.14,0.48
47435,0.18,0.19
47436,0.02,0.28
47437,0.32,0.74
47438,0.23,0.17
47439,0.1,0.97
47440,0.11,0.09
47441,0.03,0.26
47442,0.15,0.81
47443,0.39,0.75
47444,0.01,0.16
47445,0.12,0.15
47446,0.04,0.07
47447,0.09,0.2
47448,0.04,0.21
47449,0.17,0.52
47450,0.09,0.84
47451,0.17,0.6
47452,0.18,0.68
47453,0.67,0.88
47454,0.31,0.82
47455,0.1,0.55
47456,0.16,0.79
47457,0.3,0.39
47458,0.1,0.18
47459,0.58,0.71
47460,0.13,0.24
47461,0.2,0.89
47462,0.1,0.15
47463,0.16,0.36
47464,0.11,0.26
47465,0.36,0.68
47466,0.24,0.28
47467,0.56,0.46
47468,0.42,0.56
47469,0.07,0.78
47470,0.33,0.47
47471,0.56,0.59
47472,0.15,0.61
47473,0.07,0.12
47474,0.13,0.66
47475,0.04,0.06
47476,0.46,0.63
47477,0.49,0.68
47478,0.11,0.73
47479,0.18,0.4
47480,0.18,0.25
47481,0.04,0.23
47482,0.17,0.66
47483,0.75,0.85
47484,0.08,0.42
47485,0.06,0.33
47486,0.08,0.32
47487,0.48,0.86
47488,0.14,0.35
47489,0.16,0.48
47490,0.04,0.09
47491,0.27,0.59
47492,0.59,0.92
47493,0.04,0.22
47494,0.29,0.82
47495,0.07,0.15
47496,0.06,0.08
47497,0.3,0.81
47498,0.05,0.11
47499,0.85,0.86
47500,0.17,0.3
47501,0.31,0.6
47502,0.08,0.06
47503,0.17,0.44
47504,0.41,0.64
47505,0.12,0.26
47506,0.06,0.12
47507,0.13,0.12
47508,0.25,0.8
47509,0.05,0.07
47510,0.21,0.36
47511,0.35,0.77
47512,0.36,0.89
47513,0.05,0.21
47514,0.06,0.19
47515,0.1,0.43
47516,0.39,0.52
47517,0.07,0.18
47518,0.15,0.23
47519,0.56,0.82
47520,0.23,0.72
47521,0.07,0.11
47522,0.25,0.63
47523,0.27,0.52
47524,0.36,0.62
47525,0.13,0.23
47526,0.05,0.37
47527,0.4,0.55
47528,0.07,0.89
47529,0.02,0.16
47530,0.08,0.56
47531,0.15,0.67
47532,0.1,0.17
47533,0.09,0.53
47534,0.11,0.57
47535,0.4,0.75
47536,0.31,0.38
47537,0.05,0.29
47538,0.72,0.48
47539,0.87,0.98
47540,0.14,0.53
47541,0.02,0.02
47542,0.7,0.84
47543,0.04,0.22
47544,0.05,0.14
47545,0.42,0.78
47546,0.13,0.87
47547,0.19,0.53
47548,0.06,0.18
47549,0.08,0.24
47550,0.04,0.12
47551,0.24,0.9
47552,0.23,0.5
47553,0.14,0.12
47554,0.43,0.45
47555,0.18,0.26
47556,0.03,0.29
47557,0.11,0.93
47558,0.45,0.65
47559,0.84,0.86
47560,0.2,0.77
47561,0.2,0.66
47562,0.04,0.37
47563,0.04,0.14
47564,0.05,0.18
47565,0.19,0.74
47566,0.45,0.68
47567,0.16,0.44
47568,0.07,0.37
47569,0.15,0.13
47570,0.04,0.1
47571,0.57,0.8
47572,0.62,0.62
47573,0.3,0.61
47574,0.23,0.47
47575,0.06,0.56
47576,0.18,0.26
47577,0.21,0.92
47578,0.05,0.08
47579,0.21,0.56
47580,0.11,0.24
47581,0.08,0.2
47582,0.25,0.52
47583,0.08,0.12
47584,0.28,0.59
47585,0.11,0.83
47586,0.45,0.65
47587,0.76,0.84
47588,0.1,0.46
47589,0.38,0.64
47590,0.07,0.56
47591,0.11,0.18
47592,0.01,0.11
47593,0.08,0.18
47594,0.1,0.47
47595,0.14,0.16
47596,0.34,0.6
47597,0.23,0.21
47598,0.09,0.59
47599,0.11,0.18
47600,0.03,0.44
47601,0.12,0.41
47602,0.12,0.22
47603,0.18,0.29
47604,0.07,0.82
47605,0.04,0.13
47606,0.13,0.34
47607,0.01,0.04
47608,0.5,0.61
47609,0.17,0.43
47610,0.16,0.29
47611,0.08,0.79
47612,0.08,0.16
47613,0.7,0.55
47614,0.2,0.27
47615,0.66,0.93
47616,0.07,0.84
47617,0.21,0.32
47618,0.08,0.72
47619,0.13,0.41
47620,0.23,0.43
47621,0.1,0.4
47622,0.36,0.22
47623,0.12,0.83
47624,0.04,0.09
47625,0.0,0.09
47626,0.14,0.09
47627,0.41,0.61
47628,0.12,0.47
47629,0.25,0.84
47630,0.06,0.05
47631,0.04,0.13
47632,0.65,0.91
47633,0.09,0.3
47634,0.09,0.86
47635,0.04,0.12
47636,0.45,0.82
47637,0.19,0.51
47638,0.24,0.31
47639,0.21,0.3
47640,0.37,0.7
47641,0.21,0.45
47642,0.08,0.47
47643,0.45,0.58
47644,0.19,0.61
47645,0.55,0.84
47646,0.45,0.7
47647,0.24,0.48
47648,0.15,0.57
47649,0.14,0.39
47650,0.68,0.92
47651,0.05,0.04
47652,0.23,0.52
47653,0.51,0.91
47654,0.09,0.2
47655,0.13,0.29
47656,0.13,0.54
47657,0.12,0.55
47658,0.53,0.85
47659,0.15,0.87
47660,0.16,0.52
47661,0.51,0.59
47662,0.03,0.11
47663,0.14,0.87
47664,0.06,0.16
47665,0.07,0.17
47666,0.72,0.83
47667,0.04,0.3
47668,0.59,0.7
47669,0.26,0.65
47670,0.59,0.79
47671,0.12,0.63
47672,0.08,0.23
47673,0.25,0.4
47674,0.11,0.58
47675,0.13,0.75
47676,0.55,0.8
47677,0.29,0.35
47678,0.08,0.23
47679,0.37,0.7
47680,0.27,0.47
47681,0.08,0.68
47682,0.77,0.88
47683,0.01,0.07
47684,0.52,0.64
47685,0.13,0.68
47686,0.01,0.11
47687,0.29,0.34
47688,0.69,0.8
47689,0.22,0.14
47690,0.01,0.11
47691,0.18,0.33
47692,0.1,0.72
47693,0.17,0.68
47694,0.08,0.13
47695,0.08,0.84
47696,0.0,0.09
47697,0.0,0.06
47698,0.05,0.07
47699,0.56,0.73
47700,0.14,0.22
47701,0.12,0.73
47702,0.06,0.13
47703,0.08,0.16
47704,0.13,0.22
47705,0.05,0.95
47706,0.23,0.38
47707,0.11,0.32
47708,0.18,0.25
47709,0.27,0.81
47710,0.05,0.4
47711,0.05,0.21
47712,0.17,0.57
47713,0.33,0.7
47714,0.35,0.69
47715,0.11,0.93
47716,0.12,0.4
47717,0.22,0.74
47718,0.33,0.54
47719,0.06,0.4
47720,0.2,0.91
47721,0.3,0.63
47722,0.64,0.8
47723,0.18,0.7
47724,0.19,0.36
47725,0.25,0.31
47726,0.15,0.21
47727,0.25,0.74
47728,0.22,0.53
47729,0.48,0.67
47730,0.07,0.2
47731,0.05,0.31
47732,0.41,0.36
47733,0.29,0.59
47734,0.31,0.3
47735,0.1,0.25
47736,0.04,0.1
47737,0.13,0.31
47738,0.06,0.11
47739,0.35,0.6
47740,0.09,0.18
47741,0.45,0.76
47742,0.12,0.62
47743,0.1,0.31
47744,0.17,0.23
47745,0.44,0.72
47746,0.29,0.6
47747,0.65,0.89
47748,0.79,0.83
47749,0.14,0.33
47750,0.3,0.25
47751,0.71,0.91
47752,0.62,0.87
47753,0.04,0.13
47754,0.52,0.87
47755,0.14,0.85
47756,0.53,0.83
47757,0.18,0.81
47758,0.37,0.7
47759,0.03,0.38
47760,0.08,0.17
47761,0.17,0.87
47762,0.04,0.08
47763,0.33,0.83
47764,0.02,0.25
47765,0.22,0.56
47766,0.41,0.36
47767,0.1,0.72
47768,0.39,0.54
47769,0.33,0.52
47770,0.58,0.86
47771,0.09,0.21
47772,0.13,0.57
47773,0.08,0.25
47774,0.0,0.14
47775,0.04,0.27
47776,0.49,0.68
47777,0.07,0.22
47778,0.1,0.47
47779,0.1,0.33
47780,0.44,0.66
47781,0.09,0.16
47782,0.11,0.17
47783,0.27,0.3
47784,0.05,0.28
47785,0.04,0.29
47786,0.29,0.24
47787,0.1,0.2
47788,0.1,0.44
47789,0.52,0.92
47790,0.08,0.92
47791,0.4,0.41
47792,0.07,0.15
47793,0.19,0.75
47794,0.2,0.22
47795,0.11,0.59
47796,0.14,0.36
47797,0.23,0.72
47798,0.16,0.18
47799,0.02,0.16
47800,0.11,0.46
47801,0.1,0.41
47802,0.31,0.59
47803,0.06,0.15
47804,0.16,0.24
47805,0.12,0.11
47806,0.02,0.16
47807,0.54,0.72
47808,0.22,0.27
47809,0.8,0.92
47810,0.17,0.7
47811,0.4,0.76
47812,0.05,0.78
47813,0.13,0.39
47814,0.07,0.05
47815,0.21,0.29
47816,0.32,0.48
47817,0.0,0.04
47818,0.12,0.55
47819,0.57,0.28
47820,0.08,0.35
47821,0.67,0.56
47822,0.16,0.78
47823,0.08,0.13
47824,0.22,0.6
47825,0.01,0.19
47826,0.3,0.81
47827,0.66,0.79
47828,0.12,0.48
47829,0.0,0.12
47830,0.03,0.63
47831,0.12,0.26
47832,0.01,0.03
47833,0.24,0.65
47834,0.09,0.25
47835,0.13,0.22
47836,0.22,0.2
47837,0.1,0.37
47838,0.01,0.76
47839,0.05,0.55
47840,0.09,0.62
47841,0.13,0.14
47842,0.05,0.37
47843,0.15,0.32
47844,0.31,0.88
47845,0.24,0.49
47846,0.13,0.56
47847,0.66,0.89
47848,0.36,0.76
47849,0.08,0.03
47850,0.22,0.42
47851,0.57,0.93
47852,0.02,0.42
47853,0.72,0.77
47854,0.11,0.93
47855,0.06,0.2
47856,0.03,0.11
47857,0.57,0.51
47858,0.15,0.77
47859,0.16,0.78
47860,0.08,0.26
47861,0.0,0.12
47862,0.01,0.02
47863,0.12,0.4
47864,0.04,0.24
47865,0.25,0.65
47866,0.06,0.25
47867,0.08,0.12
47868,0.05,0.37
47869,0.14,0.66
47870,0.1,0.17
47871,0.54,0.63
47872,0.48,0.67
47873,0.07,0.08
47874,0.16,0.93
47875,0.13,0.4
47876,0.13,0.1
47877,0.06,0.07
47878,0.03,0.04
47879,0.34,0.68
47880,0.07,0.87
47881,0.08,0.33
47882,0.42,0.42
47883,0.05,0.13
47884,0.15,0.74
47885,0.15,0.46
47886,0.03,0.22
47887,0.09,0.27
47888,0.15,0.19
47889,0.09,0.4
47890,0.31,0.56
47891,0.11,0.55
47892,0.36,0.61
47893,0.07,0.05
47894,0.02,0.21
47895,0.05,0.91
47896,0.1,0.14
47897,0.12,0.5
47898,0.16,0.11
47899,0.2,0.3
47900,0.14,0.49
47901,0.17,0.26
47902,0.03,0.41
47903,0.49,0.69
47904,0.12,0.96
47905,0.31,0.67
47906,0.08,0.48
47907,0.08,0.74
47908,0.42,0.65
47909,0.43,0.9
47910,0.32,0.45
47911,0.16,0.53
47912,0.09,0.83
47913,0.26,0.47
47914,0.12,0.23
47915,0.08,0.47
47916,0.07,0.23
47917,0.19,0.28
47918,0.13,0.13
47919,0.1,0.29
47920,0.11,0.36
47921,0.04,0.05
47922,0.05,0.15
47923,0.12,0.33
47924,0.2,0.88
47925,0.1,0.82
47926,0.1,0.9
47927,0.15,0.34
47928,0.79,0.96
47929,0.13,0.66
47930,0.1,0.38
47931,0.08,0.1
47932,0.07,0.19
47933,0.07,0.23
47934,0.02,0.17
47935,0.6,0.74
47936,0.7,0.89
47937,0.67,0.81
47938,0.16,0.65
47939,0.38,0.82
47940,0.57,0.8
47941,0.18,0.46
47942,0.08,0.14
47943,0.11,0.28
47944,0.17,0.59
47945,0.18,0.3
47946,0.57,0.81
47947,0.11,0.82
47948,0.06,0.75
47949,0.16,0.7
47950,0.73,0.95
47951,0.05,0.1
47952,0.06,0.06
47953,0.1,0.15
47954,0.12,0.79
47955,0.32,0.55
47956,0.71,0.88
47957,0.33,0.33
47958,0.13,0.49
47959,0.25,0.79
47960,0.09,0.68
47961,0.69,0.75
47962,0.25,0.71
47963,0.04,0.51
47964,0.13,0.11
47965,0.28,0.36
47966,0.14,0.67
47967,0.03,0.94
47968,0.12,0.31
47969,0.03,0.06
47970,0.07,0.79
47971,0.13,0.39
47972,0.07,0.31
47973,0.08,0.51
47974,0.11,0.31
47975,0.21,0.58
47976,0.1,0.16
47977,0.19,0.61
47978,0.06,0.49
47979,0.02,0.06
47980,0.59,0.61
47981,0.09,0.35
47982,0.02,0.15
47983,0.03,0.17
47984,0.03,0.06
47985,0.03,0.19
47986,0.03,0.29
47987,0.01,0.06
47988,0.72,0.91
47989,0.13,0.18
47990,0.34,0.29
47991,0.42,0.53
47992,0.4,0.44
47993,0.18,0.65
47994,0.51,0.57
47995,0.53,0.78
47996,0.76,0.58
47997,0.01,0.04
47998,0.85,0.93
47999,0.2,0.44
48000,0.24,0.15
48001,0.38,0.64
48002,0.22,0.16
48003,0.11,0.61
48004,0.21,0.48
48005,0.41,0.35
48006,0.29,0.7
48007,0.2,0.46
48008,0.36,0.83
48009,0.09,0.4
48010,0.15,0.46
48011,0.23,0.43
48012,0.45,0.68
48013,0.22,0.22
48014,0.53,0.5
48015,0.07,0.22
48016,0.15,0.5
48017,0.1,0.16
48018,0.34,0.74
48019,0.53,0.77
48020,0.31,0.76
48021,0.12,0.5
48022,0.11,0.11
48023,0.16,0.1
48024,0.12,0.74
48025,0.07,0.15
48026,0.15,0.17
48027,0.17,0.19
48028,0.05,0.49
48029,0.09,0.37
48030,0.52,0.86
48031,0.19,0.37
48032,0.17,0.5
48033,0.04,0.1
48034,0.08,0.26
48035,0.0,0.06
48036,0.03,0.15
48037,0.07,0.4
48038,0.52,0.89
48039,0.12,0.85
48040,0.24,0.89
48041,0.68,0.63
48042,0.01,0.16
48043,0.15,0.57
48044,0.55,0.78
48045,0.15,0.52
48046,0.09,0.15
48047,0.04,0.83
48048,0.13,0.72
48049,0.08,0.43
48050,0.13,0.84
48051,0.18,0.4
48052,0.08,0.11
48053,0.63,0.93
48054,0.27,0.38
48055,0.11,0.5
48056,0.5,0.92
48057,0.1,0.04
48058,0.13,0.72
48059,0.22,0.29
48060,0.75,0.86
48061,0.09,0.26
48062,0.23,0.51
48063,0.13,0.35
48064,0.11,0.64
48065,0.03,0.07
48066,0.12,0.41
48067,0.01,0.13
48068,0.53,0.96
48069,0.35,0.69
48070,0.09,0.76
48071,0.32,0.65
48072,0.03,0.06
48073,0.3,0.51
48074,0.57,0.74
48075,0.12,0.73
48076,0.58,0.83
48077,0.09,0.37
48078,0.01,0.06
48079,0.02,0.32
48080,0.08,0.82
48081,0.22,0.83
48082,0.31,0.49
48083,0.17,0.61
48084,0.48,0.68
48085,0.06,0.17
48086,0.02,0.07
48087,0.11,0.74
48088,0.18,0.1
48089,0.24,0.89
48090,0.21,0.31
48091,0.49,0.77
48092,0.11,0.11
48093,0.29,0.71
48094,0.1,0.48
48095,0.71,0.76
48096,0.25,0.53
48097,0.15,0.81
48098,0.19,0.57
48099,0.19,0.44
48100,0.23,0.52
48101,0.24,0.53
48102,0.54,0.64
48103,0.23,0.44
48104,0.24,0.61
48105,0.22,0.86
48106,0.33,0.64
48107,0.63,0.7
48108,0.04,0.17
48109,0.24,0.34
48110,0.07,0.94
48111,0.15,0.67
48112,0.04,0.17
48113,0.27,0.78
48114,0.09,0.16
48115,0.1,0.77
48116,0.15,0.53
48117,0.04,0.14
48118,0.17,0.53
48119,0.32,0.5
48120,0.33,0.62
48121,0.05,0.16
48122,0.06,0.83
48123,0.0,0.1
48124,0.04,0.37
48125,0.21,0.52
48126,0.07,0.23
48127,0.04,0.19
48128,0.18,0.69
48129,0.17,0.35
48130,0.63,0.76
48131,0.12,0.5
48132,0.04,0.09
48133,0.26,0.27
48134,0.24,0.68
48135,0.45,0.83
48136,0.83,0.94
48137,0.38,0.81
48138,0.05,0.14
48139,0.66,0.83
48140,0.05,0.11
48141,0.11,0.15
48142,0.74,0.96
48143,0.06,0.52
48144,0.9,0.99
48145,0.31,0.2
48146,0.23,0.71
48147,0.23,0.61
48148,0.07,0.34
48149,0.03,0.08
48150,0.66,0.45
48151,0.47,0.47
48152,0.01,0.13
48153,0.35,0.7
48154,0.16,0.26
48155,0.47,0.87
48156,0.03,0.22
48157,0.13,0.42
48158,0.29,0.41
48159,0.16,0.28
48160,0.0,0.03
48161,0.12,0.22
48162,0.72,0.87
48163,0.02,0.13
48164,0.12,0.29
48165,0.6,0.7
48166,0.04,0.04
48167,0.63,0.57
48168,0.34,0.68
48169,0.04,0.13
48170,0.22,0.23
48171,0.1,0.77
48172,0.27,0.44
48173,0.39,0.3
48174,0.4,0.6
48175,0.09,0.17
48176,0.02,0.29
48177,0.46,0.73
48178,0.41,0.58
48179,0.03,0.16
48180,0.1,0.38
48181,0.21,0.32
48182,0.08,0.43
48183,0.1,0.17
48184,0.0,0.05
48185,0.09,0.73
48186,0.67,0.88
48187,0.21,0.65
48188,0.06,0.43
48189,0.08,0.3
48190,0.03,0.11
48191,0.73,0.93
48192,0.38,0.76
48193,0.04,0.11
48194,0.3,0.49
48195,0.08,0.21
48196,0.09,0.41
48197,0.02,0.87
48198,0.07,0.28
48199,0.21,0.38
48200,0.01,0.15
48201,0.21,0.65
48202,0.08,0.13
48203,0.23,0.41
48204,0.47,0.75
48205,0.59,0.74
48206,0.06,0.07
48207,0.05,0.28
48208,0.17,0.32
48209,0.43,0.85
48210,0.05,0.28
48211,0.03,0.07
48212,0.13,0.41
48213,0.14,0.2
48214,0.69,0.8
48215,0.13,0.29
48216,0.08,0.1
48217,0.51,0.93
48218,0.14,0.47
48219,0.47,0.6
48220,0.02,0.15
48221,0.44,0.23
48222,0.01,0.27
48223,0.31,0.6
48224,0.08,0.16
48225,0.22,0.92
48226,0.1,0.14
48227,0.6,0.63
48228,0.15,0.48
48229,0.72,0.7
48230,0.21,0.37
48231,0.2,0.13
48232,0.21,0.33
48233,0.11,0.22
48234,0.1,0.12
48235,0.6,0.73
48236,0.31,0.73
48237,0.0,0.01
48238,0.13,0.36
48239,0.27,0.79
48240,0.72,0.86
48241,0.16,0.34
48242,0.39,0.48
48243,0.02,0.08
48244,0.16,0.36
48245,0.43,0.78
48246,0.16,0.44
48247,0.19,0.33
48248,0.14,0.11
48249,0.07,0.2
48250,0.53,0.88
48251,0.1,0.16
48252,0.34,0.64
48253,0.02,0.2
48254,0.13,0.84
48255,0.35,0.98
48256,0.11,0.4
48257,0.06,0.46
48258,0.09,0.13
48259,0.52,0.82
48260,0.11,0.61
48261,0.03,0.11
48262,0.2,0.62
48263,0.17,0.15
48264,0.01,0.2
48265,0.1,0.28
48266,0.24,0.21
48267,0.28,0.44
48268,0.83,0.87
48269,0.12,0.32
48270,0.45,0.89
48271,0.03,0.12
48272,0.22,0.9
48273,0.07,0.15
48274,0.48,0.92
48275,0.37,0.56
48276,0.15,0.96
48277,0.08,0.84
48278,0.35,0.3
48279,0.03,0.07
48280,0.06,0.16
48281,0.17,0.52
48282,0.14,0.75
48283,0.17,0.52
48284,0.18,0.4
48285,0.12,0.53
48286,0.1,0.97
48287,0.1,0.26
48288,0.36,0.63
48289,0.06,0.46
48290,0.43,0.88
48291,0.21,0.43
48292,0.19,0.7
48293,0.1,0.18
48294,0.87,0.94
48295,0.28,0.53
48296,0.57,0.88
48297,0.32,0.66
48298,0.09,0.61
48299,0.25,0.76
48300,0.02,0.13
48301,0.07,0.45
48302,0.01,0.17
48303,0.18,0.13
48304,0.09,0.23
48305,0.23,0.55
48306,0.09,0.2
48307,0.02,0.07
48308,0.1,0.12
48309,0.24,0.61
48310,0.15,0.48
48311,0.15,0.35
48312,0.13,0.28
48313,0.26,0.46
48314,0.03,0.16
48315,0.13,0.38
48316,0.04,0.1
48317,0.13,0.29
48318,0.29,0.19
48319,0.09,0.08
48320,0.39,0.58
48321,0.02,0.06
48322,0.08,0.49
48323,0.14,0.23
48324,0.14,0.21
48325,0.04,0.33
48326,0.7,0.82
48327,0.17,0.33
48328,0.1,0.92
48329,0.16,0.05
48330,0.07,0.68
48331,0.31,0.36
48332,0.12,0.58
48333,0.17,0.35
48334,0.04,0.11
48335,0.33,0.77
48336,0.22,0.29
48337,0.18,0.93
48338,0.04,0.18
48339,0.06,0.06
48340,0.15,0.39
48341,0.71,0.77
48342,0.13,0.32
48343,0.88,0.95
48344,0.21,0.52
48345,0.26,0.62
48346,0.14,0.58
48347,0.03,0.03
48348,0.04,0.11
48349,0.16,0.21
48350,0.38,0.84
48351,0.25,0.83
48352,0.19,0.78
48353,0.23,0.33
48354,0.04,1.0
48355,0.03,0.36
48356,0.1,0.71
48357,0.12,0.43
48358,0.31,0.68
48359,0.27,0.48
48360,0.59,0.76
48361,0.26,0.65
48362,0.09,0.49
48363,0.21,0.65
48364,0.2,0.64
48365,0.44,0.68
48366,0.2,0.51
48367,0.4,0.69
48368,0.09,0.6
48369,0.48,0.47
48370,0.2,0.68
48371,0.09,0.55
48372,0.27,0.72
48373,0.28,0.49
48374,0.13,0.68
48375,0.05,0.31
48376,0.09,0.49
48377,0.1,0.16
48378,0.13,0.28
48379,0.17,0.25
48380,0.16,0.27
48381,0.11,0.35
48382,0.66,0.79
48383,0.01,0.11
48384,0.12,0.27
48385,0.15,0.31
48386,0.02,0.14
48387,0.09,0.15
48388,0.05,0.14
48389,0.05,0.47
48390,0.06,0.13
48391,0.11,0.67
48392,0.19,0.59
48393,0.7,0.86
48394,0.52,0.83
48395,0.19,0.61
48396,0.69,0.84
48397,0.46,0.6
48398,0.04,0.12
48399,0.41,0.78
48400,0.2,0.73
48401,0.1,0.98
48402,0.37,0.72
48403,0.15,0.13
48404,0.07,0.15
48405,0.06,0.15
48406,0.44,0.22
48407,0.2,0.54
48408,0.18,0.16
48409,0.12,0.66
48410,0.12,0.27
48411,0.01,0.08
48412,0.05,0.23
48413,0.08,0.74
48414,0.11,0.3
48415,0.54,0.86
48416,0.14,0.97
48417,0.12,0.12
48418,0.31,0.74
48419,0.58,0.78
48420,0.13,0.26
48421,0.12,0.55
48422,0.42,0.95
48423,0.35,0.78
48424,0.18,0.57
48425,0.07,0.32
48426,0.01,0.09
48427,0.06,0.09
48428,0.09,0.28
48429,0.1,0.25
48430,0.03,0.65
48431,0.19,0.77
48432,0.11,0.28
48433,0.08,0.21
48434,0.77,0.87
48435,0.28,0.3
48436,0.14,0.46
48437,0.38,0.48
48438,0.35,0.87
48439,0.07,0.49
48440,0.18,0.82
48441,0.05,0.26
48442,0.29,0.89
48443,0.09,0.86
48444,0.46,0.89
48445,0.09,0.92
48446,0.11,0.55
48447,0.12,0.43
48448,0.02,0.17
48449,0.43,0.58
48450,0.13,0.18
48451,0.46,0.78
48452,0.13,0.54
48453,0.05,0.94
48454,0.31,0.69
48455,0.19,0.18
48456,0.06,0.19
48457,0.4,0.6
48458,0.3,0.8
48459,0.08,0.12
48460,0.07,0.25
48461,0.03,0.11
48462,0.25,0.84
48463,0.29,0.54
48464,0.06,0.06
48465,0.18,0.48
48466,0.06,0.3
48467,0.25,0.74
48468,0.2,0.7
48469,0.32,0.62
48470,0.13,0.31
48471,0.33,0.49
48472,0.47,0.75
48473,0.52,0.9
48474,0.15,0.18
48475,0.31,0.42
48476,0.06,0.62
48477,0.38,0.74
48478,0.09,0.11
48479,0.13,0.42
48480,0.06,0.09
48481,0.04,0.15
48482,0.1,0.55
48483,0.35,0.76
48484,0.04,0.4
48485,0.6,0.75
48486,0.05,0.46
48487,0.16,0.35
48488,0.09,0.1
48489,0.27,0.26
48490,0.29,0.74
48491,0.34,0.61
48492,0.59,0.92
48493,0.0,0.32
48494,0.08,0.11
48495,0.11,0.76
48496,0.01,0.03
48497,0.19,0.83
48498,0.01,0.13
48499,0.14,0.79
48500,0.17,0.65
48501,0.35,0.39
48502,0.09,0.83
48503,0.15,0.25
48504,0.06,0.09
48505,0.13,0.18
48506,0.36,0.72
48507,0.1,0.3
48508,0.45,0.74
48509,0.48,0.78
48510,0.19,0.55
48511,0.22,0.42
48512,0.07,0.3
48513,0.17,0.39
48514,0.05,0.68
48515,0.28,0.59
48516,0.14,0.72
48517,0.13,0.93
48518,0.25,0.46
48519,0.23,0.83
48520,0.05,0.39
48521,0.05,0.77
48522,0.28,0.51
48523,0.18,0.76
48524,0.6,0.82
48525,0.33,0.18
48526,0.61,0.89
48527,0.31,0.5
48528,0.18,0.75
48529,0.09,0.88
48530,0.21,0.57
48531,0.49,0.8
48532,0.19,0.82
48533,0.35,0.56
48534,0.04,0.11
48535,0.06,0.19
48536,0.54,0.58
48537,0.05,0.11
48538,0.18,0.28
48539,0.05,0.14
48540,0.21,0.62
48541,0.04,0.06
48542,0.23,0.31
48543,0.03,0.34
48544,0.08,0.16
48545,0.53,0.61
48546,0.26,0.68
48547,0.02,0.65
48548,0.07,0.14
48549,0.18,0.75
48550,0.07,0.91
48551,0.15,0.49
48552,0.18,0.73
48553,0.12,0.59
48554,0.18,0.43
48555,0.29,0.68
48556,0.03,0.18
48557,0.65,0.95
48558,0.01,0.23
48559,0.08,0.47
48560,0.4,0.56
48561,0.15,0.87
48562,0.07,0.18
48563,0.47,0.37
48564,0.09,0.22
48565,0.29,0.49
48566,0.13,0.51
48567,0.3,0.33
48568,0.13,0.16
48569,0.05,0.22
48570,0.11,0.71
48571,0.3,0.63
48572,0.46,0.84
48573,0.05,0.22
48574,0.35,0.48
48575,0.16,0.22
48576,0.04,0.04
48577,0.39,0.65
48578,0.79,0.93
48579,0.35,0.81
48580,0.02,0.22
48581,0.13,0.93
48582,0.03,0.87
48583,0.09,0.32
48584,0.52,0.85
48585,0.13,0.66
48586,0.15,0.42
48587,0.27,0.83
48588,0.12,0.74
48589,0.38,0.49
48590,0.01,0.09
48591,0.14,0.17
48592,0.55,0.91
48593,0.2,0.38
48594,0.21,0.95
48595,0.03,0.28
48596,0.01,0.63
48597,0.23,0.85
48598,0.15,0.53
48599,0.61,0.87
48600,0.76,0.94
48601,0.08,0.43
48602,0.67,0.76
48603,0.08,0.45
48604,0.64,0.68
48605,0.07,0.08
48606,0.74,0.91
48607,0.4,0.53
48608,0.16,0.24
48609,0.09,0.87
48610,0.11,0.4
48611,0.37,0.52
48612,0.13,0.82
48613,0.25,0.44
48614,0.09,0.22
48615,0.23,0.12
48616,0.56,0.8
48617,0.65,0.89
48618,0.13,0.62
48619,0.32,0.2
48620,0.63,0.76
48621,0.07,0.42
48622,0.11,0.38
48623,0.12,0.37
48624,0.23,0.15
48625,0.03,0.19
48626,0.0,0.05
48627,0.16,0.33
48628,0.18,0.23
48629,0.04,0.05
48630,0.06,0.1
48631,0.14,0.63
48632,0.17,0.16
48633,0.02,0.07
48634,0.04,0.19
48635,0.05,0.52
48636,0.01,0.2
48637,0.64,0.67
48638,0.06,0.18
48639,0.1,0.17
48640,0.28,0.44
48641,0.37,0.67
48642,0.31,0.22
48643,0.43,0.81
48644,0.18,0.28
48645,0.09,0.88
48646,0.07,0.67
48647,0.01,0.07
48648,0.22,0.42
48649,0.11,0.46
48650,0.34,0.78
48651,0.17,0.39
48652,0.71,0.88
48653,0.05,0.1
48654,0.08,0.47
48655,0.04,0.09
48656,0.61,0.88
48657,0.21,0.9
48658,0.24,0.51
48659,0.16,0.38
48660,0.0,0.18
48661,0.09,0.78
48662,0.03,0.93
48663,0.36,0.74
48664,0.05,0.17
48665,0.09,0.36
48666,0.15,0.68
48667,0.02,0.11
48668,0.02,0.08
48669,0.15,0.54
48670,0.24,0.32
48671,0.34,0.6
48672,0.14,0.23
48673,0.09,0.55
48674,0.19,0.59
48675,0.06,0.07
48676,0.28,0.15
48677,0.06,0.79
48678,0.11,0.24
48679,0.55,0.78
48680,0.36,0.49
48681,0.07,0.63
48682,0.2,0.24
48683,0.03,0.38
48684,0.02,0.14
48685,0.15,0.16
48686,0.07,0.96
48687,0.45,0.96
48688,0.18,0.67
48689,0.12,0.4
48690,0.26,0.34
48691,0.1,0.9
48692,0.3,0.67
48693,0.45,0.38
48694,0.22,0.9
48695,0.2,0.43
48696,0.18,0.4
48697,0.64,0.73
48698,0.31,0.46
48699,0.3,0.84
48700,0.84,0.94
48701,0.39,0.39
48702,0.06,0.08
48703,0.57,0.71
48704,0.15,0.18
48705,0.31,0.53
48706,0.23,0.4
48707,0.06,0.2
48708,0.17,0.33
48709,0.04,0.95
48710,0.22,0.22
48711,0.32,0.74
48712,0.11,0.22
48713,0.14,0.28
48714,0.37,0.63
48715,0.15,0.25
48716,0.22,0.6
48717,0.58,0.79
48718,0.14,0.84
48719,0.6,0.71
48720,0.04,0.61
48721,0.72,0.8
48722,0.8,0.87
48723,0.11,0.2
48724,0.03,0.07
48725,0.04,0.13
48726,0.48,0.47
48727,0.09,0.16
48728,0.39,0.66
48729,0.19,0.42
48730,0.46,0.57
48731,0.18,0.27
48732,0.42,0.47
48733,0.21,0.54
48734,0.03,0.06
48735,0.62,0.68
48736,0.04,0.12
48737,0.6,0.66
48738,0.06,0.09
48739,0.28,0.85
48740,0.21,0.93
48741,0.13,0.12
48742,0.06,0.13
48743,0.02,0.17
48744,0.01,0.03
48745,0.17,0.45
48746,0.16,0.22
48747,0.15,0.21
48748,0.12,0.63
48749,0.86,0.95
48750,0.26,0.49
48751,0.07,0.83
48752,0.11,0.75
48753,0.1,0.24
48754,0.17,0.4
48755,0.41,0.59
48756,0.05,0.15
48757,0.02,0.14
48758,0.41,0.59
48759,0.18,0.36
48760,0.15,0.92
48761,0.41,0.47
48762,0.77,0.74
48763,0.65,0.85
48764,0.03,0.08
48765,0.78,0.93
48766,0.41,0.69
48767,0.06,0.31
48768,0.15,0.69
48769,0.04,0.43
48770,0.14,0.54
48771,0.11,0.56
48772,0.47,0.52
48773,0.02,0.07
48774,0.02,0.14
48775,0.34,0.78
48776,0.05,0.13
48777,0.5,0.85
48778,0.04,0.22
48779,0.13,0.8
48780,0.09,0.04
48781,0.17,0.76
48782,0.08,0.91
48783,0.02,0.06
48784,0.1,0.32
48785,0.5,0.85
48786,0.14,0.33
48787,0.04,0.12
48788,0.03,0.19
48789,0.02,0.06
48790,0.06,0.94
48791,0.46,0.57
48792,0.08,0.19
48793,0.02,0.03
48794,0.07,0.8
48795,0.72,0.76
48796,0.13,0.28
48797,0.39,0.28
48798,0.08,0.78
48799,0.02,0.18
48800,0.04,0.7
48801,0.12,0.93
48802,0.07,0.16
48803,0.04,0.08
48804,0.07,0.38
48805,0.44,0.48
48806,0.17,0.32
48807,0.19,0.64
48808,0.63,0.69
48809,0.03,0.16
48810,0.55,0.65
48811,0.24,0.68
48812,0.08,0.13
48813,0.1,0.17
48814,0.65,0.88
48815,0.54,0.41
48816,0.43,0.64
48817,0.25,0.46
48818,0.6,0.76
48819,0.12,0.91
48820,0.05,0.15
48821,0.04,0.91
48822,0.04,0.08
48823,0.48,0.69
48824,0.43,0.36
48825,0.13,0.68
48826,0.38,0.58
48827,0.19,0.15
48828,0.2,0.19
48829,0.09,0.22
48830,0.18,0.61
48831,0.48,0.76
48832,0.05,0.39
48833,0.17,0.43
48834,0.3,0.27
48835,0.09,0.4
48836,0.17,0.82
48837,0.1,0.37
48838,0.63,0.75
48839,0.25,0.68
48840,0.11,0.13
48841,0.11,0.54
48842,0.07,0.12
48843,0.16,0.15
48844,0.5,0.6
48845,0.05,0.31
48846,0.08,0.86
48847,0.13,0.6
48848,0.04,0.82
48849,0.04,0.34
48850,0.29,0.4
48851,0.3,0.4
48852,0.12,0.71
48853,0.31,0.46
48854,0.43,0.8
48855,0.23,0.26
48856,0.27,0.79
48857,0.24,0.32
48858,0.64,0.54
48859,0.16,0.74
48860,0.17,0.64
48861,0.01,0.07
48862,0.69,0.66
48863,0.43,0.84
48864,0.18,0.45
48865,0.11,0.21
48866,0.19,0.4
48867,0.08,0.18
48868,0.12,0.79
48869,0.08,0.24
48870,0.17,0.29
48871,0.14,0.44
48872,0.45,0.89
48873,0.18,0.35
48874,0.02,0.17
48875,0.11,0.21
48876,0.08,0.27
48877,0.03,0.14
48878,0.05,0.22
48879,0.6,0.75
48880,0.14,0.52
48881,0.22,0.26
48882,0.39,0.59
48883,0.25,0.74
48884,0.02,0.11
48885,0.05,0.73
48886,0.42,0.69
48887,0.12,0.47
48888,0.09,0.1
48889,0.07,0.24
48890,0.05,0.32
48891,0.16,0.22
48892,0.17,0.66
48893,0.37,0.64
48894,0.53,0.56
48895,0.13,0.41
48896,0.8,0.8
48897,0.27,0.65
48898,0.13,0.95
48899,0.05,0.15
48900,0.22,0.68
48901,0.07,0.5
48902,0.05,0.07
48903,0.56,0.74
48904,0.16,0.14
48905,0.85,0.92
48906,0.1,0.15
48907,0.53,0.71
48908,0.23,0.83
48909,0.03,0.78
48910,0.05,0.21
48911,0.17,0.95
48912,0.11,0.41
48913,0.29,0.65
48914,0.07,0.47
48915,0.13,0.34
48916,0.48,0.84
48917,0.14,0.17
48918,0.31,0.75
48919,0.08,0.44
48920,0.11,0.2
48921,0.56,0.61
48922,0.12,0.42
48923,0.04,0.08
48924,0.11,0.24
48925,0.17,0.29
48926,0.33,0.68
48927,0.32,0.54
48928,0.2,0.42
48929,0.47,0.78
48930,0.49,0.22
48931,0.05,0.12
48932,0.06,0.09
48933,0.85,0.86
48934,0.08,0.08
48935,0.14,0.36
48936,0.17,0.34
48937,0.14,0.36
48938,0.13,0.7
48939,0.36,0.42
48940,0.0,0.08
48941,0.23,0.28
48942,0.09,0.19
48943,0.17,0.82
48944,0.16,0.31
48945,0.47,0.52
48946,0.57,0.73
48947,0.53,0.79
48948,0.22,0.82
48949,0.15,0.24
48950,0.12,0.11
48951,0.12,0.06
48952,0.03,0.06
48953,0.1,0.48
48954,0.27,0.25
48955,0.15,0.36
48956,0.16,0.68
48957,0.14,0.47
48958,0.05,0.06
48959,0.01,0.12
48960,0.07,0.61
48961,0.05,0.08
48962,0.1,0.18
48963,0.06,0.92
48964,0.24,0.74
48965,0.25,0.84
48966,0.1,0.15
48967,0.51,0.68
48968,0.54,0.78
48969,0.07,0.18
48970,0.3,0.76
48971,0.08,0.84
48972,0.27,0.41
48973,0.39,0.68
48974,0.09,0.1
48975,0.31,0.67
48976,0.3,0.57
48977,0.28,0.76
48978,0.16,0.15
48979,0.12,0.27
48980,0.05,0.13
48981,0.33,0.47
48982,0.12,0.8
48983,0.07,0.81
48984,0.42,0.62
48985,0.16,0.24
48986,0.58,0.76
48987,0.03,0.09
48988,0.02,0.09
48989,0.09,0.15
48990,0.01,0.06
48991,0.13,0.36
48992,0.33,0.73
48993,0.52,0.77
48994,0.17,0.34
48995,0.14,0.76
48996,0.18,0.31
48997,0.15,0.77
48998,0.03,0.19
48999,0.14,0.43
49000,0.29,0.93
49001,0.51,0.78
49002,0.22,0.81
49003,0.01,0.11
49004,0.16,0.7
49005,0.33,0.28
49006,0.26,0.44
49007,0.01,0.13
49008,0.1,0.29
49009,0.17,0.85
49010,0.08,0.16
49011,0.17,0.17
49012,0.38,0.53
49013,0.01,0.84
49014,0.09,0.17
49015,0.19,0.46
49016,0.05,0.12
49017,0.08,0.6
49018,0.18,0.47
49019,0.61,0.8
49020,0.17,0.32
49021,0.05,0.28
49022,0.45,0.56
49023,0.16,0.25
49024,0.11,0.62
49025,0.03,0.13
49026,0.18,0.56
49027,0.39,0.75
49028,0.16,0.18
49029,0.55,0.83
49030,0.2,0.61
49031,0.66,0.67
49032,0.02,0.41
49033,0.04,0.35
49034,0.03,0.5
49035,0.29,0.23
49036,0.2,0.44
49037,0.09,0.56
49038,0.07,0.31
49039,0.39,0.7
49040,0.12,0.69
49041,0.12,0.33
49042,0.17,0.95
49043,0.04,0.11
49044,0.06,0.11
49045,0.17,0.23
49046,0.21,0.38
49047,0.71,0.74
49048,0.05,0.39
49049,0.02,0.09
49050,0.09,0.17
49051,0.07,0.16
49052,0.5,0.74
49053,0.05,0.8
49054,0.35,0.75
49055,0.04,0.16
49056,0.2,0.36
49057,0.53,0.86
49058,0.87,0.96
49059,0.02,0.2
49060,0.1,0.53
49061,0.59,0.8
49062,0.11,0.59
49063,0.7,0.82
49064,0.61,0.62
49065,0.7,0.9
49066,0.05,0.57
49067,0.13,0.8
49068,0.5,0.87
49069,0.03,0.07
49070,0.04,0.8
49071,0.66,0.88
49072,0.22,0.75
49073,0.05,0.79
49074,0.24,0.68
49075,0.17,0.51
49076,0.1,0.19
49077,0.17,0.08
49078,0.07,0.44
49079,0.02,0.04
49080,0.15,0.19
49081,0.74,0.87
49082,0.02,0.11
49083,0.09,0.83
49084,0.07,0.16
49085,0.08,0.02
49086,0.12,0.29
49087,0.31,0.49
49088,0.48,0.84
49089,0.57,0.95
49090,0.2,0.56
49091,0.3,0.5
49092,0.03,0.26
49093,0.01,0.03
49094,0.78,0.84
49095,0.2,0.45
49096,0.06,0.43
49097,0.22,0.79
49098,0.02,0.26
49099,0.19,0.82
49100,0.27,0.61
49101,0.14,0.86
49102,0.21,0.8
49103,0.08,0.07
49104,0.03,0.26
49105,0.3,0.69
49106,0.01,0.12
49107,0.15,0.67
49108,0.12,0.32
49109,0.09,0.16
49110,0.03,0.44
49111,0.13,0.16
49112,0.57,0.91
49113,0.06,0.09
49114,0.15,0.5
49115,0.04,0.11
49116,0.47,0.43
49117,0.19,0.23
49118,0.08,0.45
49119,0.35,0.64
49120,0.05,0.12
49121,0.07,0.3
49122,0.04,0.5
49123,0.51,0.48
49124,0.36,0.2
49125,0.04,0.18
49126,0.08,0.91
49127,0.05,0.79
49128,0.22,0.38
49129,0.07,0.39
49130,0.36,0.44
49131,0.42,0.75
49132,0.09,0.95
49133,0.0,0.09
49134,0.07,0.72
49135,0.02,0.11
49136,0.35,0.48
49137,0.09,0.45
49138,0.13,0.47
49139,0.12,0.04
49140,0.05,0.91
49141,0.14,0.3
49142,0.05,0.26
49143,0.14,0.14
49144,0.63,0.74
49145,0.06,0.1
49146,0.07,0.13
49147,0.1,0.17
49148,0.71,0.84
49149,0.54,0.91
49150,0.16,0.21
49151,0.1,0.38
49152,0.25,0.69
49153,0.13,0.35
49154,0.15,0.23
49155,0.24,0.44
49156,0.22,0.41
49157,0.23,0.79
49158,0.49,0.89
49159,0.41,0.39
49160,0.23,0.32
49161,0.05,0.21
49162,0.1,0.05
49163,0.09,0.17
49164,0.13,0.18
49165,0.15,0.45
49166,0.08,0.54
49167,0.03,0.19
49168,0.15,0.29
49169,0.01,0.05
49170,0.29,0.57
49171,0.61,0.77
49172,0.19,0.72
49173,0.58,0.87
49174,0.45,0.7
49175,0.24,0.88
49176,0.07,0.64
49177,0.51,0.72
49178,0.1,0.14
49179,0.57,0.74
49180,0.76,0.71
49181,0.34,0.74
49182,0.18,0.42
49183,0.19,0.69
49184,0.02,0.15
49185,0.3,0.47
49186,0.07,0.47
49187,0.02,0.1
49188,0.45,0.85
49189,0.03,0.94
49190,0.06,0.3
49191,0.28,0.85
49192,0.36,0.56
49193,0.02,0.33
49194,0.12,0.28
49195,0.18,0.54
49196,0.15,0.74
49197,0.09,0.25
49198,0.22,0.76
49199,0.01,0.19
49200,0.06,0.93
49201,0.37,0.37
49202,0.16,0.69
49203,0.51,0.76
49204,0.04,0.13
49205,0.13,0.93
49206,0.17,0.54
49207,0.75,0.89
49208,0.45,0.75
49209,0.08,0.78
49210,0.23,0.23
49211,0.18,0.29
49212,0.36,0.39
49213,0.25,0.46
49214,0.21,0.77
49215,0.27,0.58
49216,0.42,0.58
49217,0.39,0.66
49218,0.58,0.78
49219,0.21,0.59
49220,0.05,0.03
49221,0.13,0.19
49222,0.44,0.52
49223,0.22,0.31
49224,0.16,0.35
49225,0.46,0.86
49226,0.15,0.85
49227,0.19,0.28
49228,0.14,0.29
49229,0.03,0.04
49230,0.39,0.22
49231,0.67,0.92
49232,0.29,0.7
49233,0.11,0.38
49234,0.23,0.75
49235,0.45,0.8
49236,0.46,0.46
49237,0.77,0.93
49238,0.36,0.67
49239,0.39,0.8
49240,0.2,0.44
49241,0.19,0.8
49242,0.17,0.56
49243,0.35,0.15
49244,0.02,0.06
49245,0.87,0.92
49246,0.75,0.91
49247,0.63,0.67
49248,0.06,0.12
49249,0.51,0.87
49250,0.15,0.25
49251,0.05,0.16
49252,0.17,0.81
49253,0.08,0.4
49254,0.49,0.5
49255,0.15,0.81
49256,0.13,0.28
49257,0.01,0.1
49258,0.29,0.18
49259,0.19,0.11
49260,0.4,0.53
49261,0.11,0.23
49262,0.05,0.11
49263,0.02,0.12
49264,0.16,0.85
49265,0.3,0.46
49266,0.14,0.11
49267,0.48,0.7
49268,0.07,0.39
49269,0.04,0.06
49270,0.07,0.16
49271,0.29,0.77
49272,0.31,0.36
49273,0.35,0.6
49274,0.35,0.42
49275,0.14,0.95
49276,0.25,0.77
49277,0.06,0.13
49278,0.7,0.91
49279,0.24,0.35
49280,0.07,0.1
49281,0.2,0.39
49282,0.09,0.32
49283,0.13,0.51
49284,0.16,0.21
49285,0.06,0.22
49286,0.11,0.66
49287,0.64,0.87
49288,0.07,0.07
49289,0.17,0.7
49290,0.58,0.83
49291,0.31,0.49
49292,0.12,0.58
49293,0.09,0.12
49294,0.11,0.3
49295,0.22,0.15
49296,0.14,0.46
49297,0.12,0.79
49298,0.16,0.3
49299,0.09,0.39
49300,0.02,0.35
49301,0.07,0.02
49302,0.05,0.18
49303,0.2,0.51
49304,0.11,0.38
49305,0.15,0.25
49306,0.14,0.54
49307,0.11,0.28
49308,0.41,0.8
49309,0.36,0.36
49310,0.03,0.42
49311,0.05,0.67
49312,0.18,0.57
49313,0.15,0.3
49314,0.48,0.5
49315,0.02,0.07
49316,0.44,0.9
49317,0.08,0.32
49318,0.16,0.21
49319,0.06,0.14
49320,0.14,0.54
49321,0.21,0.22
49322,0.13,0.74
49323,0.42,0.86
49324,0.28,0.28
49325,0.2,0.78
49326,0.11,0.17
49327,0.25,0.34
49328,0.13,0.6
49329,0.14,0.58
49330,0.22,0.21
49331,0.24,0.12
49332,0.1,0.7
49333,0.04,0.17
49334,0.13,0.74
49335,0.18,0.53
49336,0.02,0.08
49337,0.34,0.44
49338,0.0,0.07
49339,0.18,0.45
49340,0.15,0.14
49341,0.07,0.21
49342,0.11,0.3
49343,0.15,0.34
49344,0.1,0.68
49345,0.79,0.92
49346,0.32,0.53
49347,0.06,0.26
49348,0.26,0.69
49349,0.04,0.16
49350,0.13,0.7
49351,0.02,0.14
49352,0.2,0.22
49353,0.11,0.74
49354,0.12,0.62
49355,0.08,0.35
49356,0.05,0.32
49357,0.19,0.56
49358,0.1,0.83
49359,0.1,0.22
49360,0.07,0.29
49361,0.23,0.08
49362,0.0,0.04
49363,0.26,0.54
49364,0.11,0.42
49365,0.44,0.6
49366,0.68,0.59
49367,0.13,0.75
49368,0.4,0.72
49369,0.11,0.53
49370,0.74,0.92
49371,0.37,0.57
49372,0.06,0.14
49373,0.09,0.26
49374,0.05,0.08
49375,0.25,0.39
49376,0.06,0.19
49377,0.14,0.51
49378,0.24,0.65
49379,0.02,0.17
49380,0.76,0.95
49381,0.2,0.26
49382,0.04,0.04
49383,0.46,0.86
49384,0.03,0.11
49385,0.04,0.56
49386,0.04,0.17
49387,0.08,0.18
49388,0.21,0.81
49389,0.07,0.69
49390,0.08,0.35
49391,0.1,0.16
49392,0.04,0.28
49393,0.12,0.33
49394,0.11,0.51
49395,0.43,0.55
49396,0.18,0.62
49397,0.41,0.83
49398,0.21,0.25
49399,0.16,0.24
49400,0.03,0.12
49401,0.23,0.65
49402,0.46,0.76
49403,0.63,0.85
49404,0.17,0.55
49405,0.09,0.25
49406,0.51,0.3
49407,0.12,0.37
49408,0.08,0.14
49409,0.14,0.76
49410,0.27,0.62
49411,0.17,0.7
49412,0.44,0.83
49413,0.05,0.18
49414,0.11,0.23
49415,0.2,0.36
49416,0.81,0.95
49417,0.11,0.49
49418,0.28,0.6
49419,0.46,0.78
49420,0.04,0.87
49421,0.04,0.27
49422,0.66,0.78
49423,0.17,0.21
49424,0.02,0.19
49425,0.19,0.31
49426,0.23,0.4
49427,0.11,0.44
49428,0.16,0.76
49429,0.4,0.53
49430,0.1,0.14
49431,0.19,0.66
49432,0.02,0.06
49433,0.53,0.7
49434,0.09,0.07
49435,0.32,0.69
49436,0.07,0.36
49437,0.39,0.5
49438,0.04,0.13
49439,0.25,0.34
49440,0.09,0.69
49441,0.52,0.87
49442,0.01,0.12
49443,0.18,0.16
49444,0.39,0.8
49445,0.14,0.55
49446,0.08,0.17
49447,0.72,0.8
49448,0.71,0.97
49449,0.5,0.74
49450,0.13,0.49
49451,0.23,0.94
49452,0.14,0.25
49453,0.06,0.18
49454,0.63,0.93
49455,0.06,0.64
49456,0.04,0.19
49457,0.57,0.92
49458,0.1,0.14
49459,0.19,0.79
49460,0.27,0.57
49461,0.69,0.67
49462,0.16,0.62
49463,0.45,0.72
49464,0.03,0.13
49465,0.31,0.82
49466,0.11,0.14
49467,0.22,0.85
49468,0.65,0.9
49469,0.11,0.13
49470,0.22,0.69
49471,0.19,0.7
49472,0.14,0.19
49473,0.5,0.76
49474,0.06,0.38
49475,0.33,0.45
49476,0.1,0.24
49477,0.1,0.96
49478,0.37,0.5
49479,0.33,0.65
49480,0.12,0.38
49481,0.07,0.68
49482,0.09,0.56
49483,0.15,0.46
49484,0.08,0.29
49485,0.18,0.28
49486,0.2,0.28
49487,0.08,0.18
49488,0.47,0.65
49489,0.01,0.28
49490,0.19,0.13
49491,0.15,0.17
49492,0.03,0.24
49493,0.18,0.25
49494,0.14,0.29
49495,0.33,0.66
49496,0.03,0.13
49497,0.03,0.16
49498,0.09,0.12
49499,0.13,0.39
49500,0.07,0.69
49501,0.09,0.35
49502,0.46,0.7
49503,0.32,0.41
49504,0.1,0.37
49505,0.13,0.63
49506,0.18,0.55
49507,0.04,0.3
49508,0.0,0.1
49509,0.14,0.36
49510,0.1,0.57
49511,0.27,0.38
49512,0.54,0.51
49513,0.03,0.1
49514,0.08,0.15
49515,0.09,0.43
49516,0.27,0.52
49517,0.14,0.52
49518,0.2,0.69
49519,0.43,0.9
49520,0.34,0.43
49521,0.34,0.62
49522,0.25,0.61
49523,0.06,0.55
49524,0.08,0.28
49525,0.16,0.06
49526,0.61,0.83
49527,0.01,0.79
49528,0.07,0.68
49529,0.15,0.18
49530,0.56,0.6
49531,0.16,0.78
49532,0.14,0.56
49533,0.28,0.65
49534,0.06,0.09
49535,0.09,0.08
49536,0.19,0.41
49537,0.42,0.61
49538,0.26,0.74
49539,0.14,0.18
49540,0.01,0.2
49541,0.09,0.14
49542,0.12,0.25
49543,0.15,0.19
49544,0.03,0.05
49545,0.1,0.23
49546,0.25,0.36
49547,0.1,0.38
49548,0.5,0.52
49549,0.04,0.09
49550,0.12,0.36
49551,0.44,0.78
49552,0.05,0.18
49553,0.15,0.36
49554,0.64,0.93
49555,0.09,0.53
49556,0.11,0.05
49557,0.53,0.63
49558,0.26,0.5
49559,0.03,0.16
49560,0.12,0.73
49561,0.15,0.34
49562,0.49,0.96
49563,0.53,0.82
49564,0.07,0.56
49565,0.03,0.14
49566,0.15,0.83
49567,0.15,0.58
49568,0.5,0.79
49569,0.13,0.63
49570,0.1,0.47
49571,0.03,0.06
49572,0.04,0.13
49573,0.06,0.22
49574,0.17,0.4
49575,0.25,0.83
49576,0.35,0.57
49577,0.12,0.45
49578,0.22,0.48
49579,0.02,0.05
49580,0.46,0.64
49581,0.12,0.67
49582,0.7,0.71
49583,0.72,0.77
49584,0.11,0.42
49585,0.26,0.21
49586,0.03,0.15
49587,0.48,0.76
49588,0.27,0.7
49589,0.66,0.93
49590,0.06,0.16
49591,0.5,0.57
49592,0.06,0.77
49593,0.13,0.59
49594,0.09,0.88
49595,0.09,0.5
49596,0.08,0.09
49597,0.13,0.74
49598,0.18,0.29
49599,0.12,0.42
49600,0.87,0.85
49601,0.04,0.65
49602,0.06,0.3
49603,0.02,0.17
49604,0.12,0.39
49605,0.16,0.54
49606,0.09,0.48
49607,0.08,0.72
49608,0.04,0.79
49609,0.17,0.49
49610,0.1,0.22
49611,0.2,0.82
49612,0.06,0.12
49613,0.51,0.58
49614,0.34,0.58
49615,0.27,0.66
49616,0.26,0.79
49617,0.2,0.54
49618,0.61,0.9
49619,0.13,0.9
49620,0.17,0.67
49621,0.0,0.07
49622,0.09,0.23
49623,0.25,0.56
49624,0.1,0.33
49625,0.08,0.06
49626,0.34,0.87
49627,0.21,0.36
49628,0.14,0.09
49629,0.08,0.28
49630,0.03,0.17
49631,0.3,0.31
49632,0.07,0.21
49633,0.04,0.9
49634,0.07,0.44
49635,0.56,0.96
49636,0.18,0.48
49637,0.3,0.48
49638,0.15,0.18
49639,0.18,0.27
49640,0.67,0.94
49641,0.14,0.34
49642,0.23,0.69
49643,0.19,0.31
49644,0.23,0.2
49645,0.71,0.95
49646,0.13,0.28
49647,0.2,0.65
49648,0.12,0.84
49649,0.08,0.15
49650,0.15,0.8
49651,0.04,0.04
49652,0.25,0.31
49653,0.03,0.08
49654,0.1,0.85
49655,0.05,0.55
49656,0.04,0.61
49657,0.1,0.72
49658,0.12,0.45
49659,0.34,0.65
49660,0.23,0.51
49661,0.08,0.12
49662,0.05,0.11
49663,0.43,0.67
49664,0.06,0.44
49665,0.51,0.65
49666,0.06,0.18
49667,0.07,0.92
49668,0.05,0.2
49669,0.09,0.75
49670,0.07,0.15
49671,0.18,0.85
49672,0.06,0.64
49673,0.05,0.22
49674,0.15,0.76
49675,0.11,0.37
49676,0.17,0.43
49677,0.12,0.16
49678,0.35,0.58
49679,0.08,0.14
49680,0.7,0.8
49681,0.22,0.6
49682,0.24,0.6
49683,0.71,0.89
49684,0.79,0.86
49685,0.1,0.17
49686,0.02,0.28
49687,0.53,0.73
49688,0.08,0.87
49689,0.07,0.17
49690,0.1,0.36
49691,0.09,0.45
49692,0.36,0.85
49693,0.17,0.18
49694,0.06,0.35
49695,0.23,0.31
49696,0.14,0.62
49697,0.09,0.53
49698,0.07,0.29
49699,0.26,0.36
49700,0.67,0.87
49701,0.08,0.05
49702,0.24,0.83
49703,0.09,0.33
49704,0.04,0.04
49705,0.35,0.47
49706,0.19,0.88
49707,0.14,0.78
49708,0.26,0.06
49709,0.03,0.13
49710,0.1,0.23
49711,0.38,0.8
49712,0.02,0.07
49713,0.56,0.74
49714,0.4,0.71
49715,0.15,0.16
49716,0.05,0.39
49717,0.62,0.93
49718,0.12,0.55
49719,0.7,0.89
49720,0.31,0.88
49721,0.05,0.19
49722,0.03,0.11
49723,0.07,0.19
49724,0.52,0.5
49725,0.08,0.47
49726,0.07,0.06
49727,0.19,0.62
49728,0.03,0.09
49729,0.05,0.56
49730,0.61,0.92
49731,0.02,0.07
49732,0.21,0.26
49733,0.18,0.14
49734,0.13,0.31
49735,0.06,0.57
49736,0.1,0.06
49737,0.05,0.21
49738,0.24,0.8
49739,0.06,0.12
49740,0.06,0.16
49741,0.07,0.1
49742,0.2,0.3
49743,0.45,0.59
49744,0.19,0.23
49745,0.12,0.2
49746,0.08,0.27
49747,0.06,0.71
49748,0.51,0.82
49749,0.18,0.74
49750,0.28,0.55
49751,0.23,0.36
49752,0.12,0.44
49753,0.13,0.53
49754,0.05,0.34
49755,0.08,0.2
49756,0.19,0.7
49757,0.11,0.33
49758,0.08,0.29
49759,0.5,0.82
49760,0.45,0.54
49761,0.04,0.1
49762,0.08,0.57
49763,0.3,0.48
49764,0.54,0.78
49765,0.03,0.05
49766,0.41,0.3
49767,0.03,0.36
49768,0.1,0.9
49769,0.17,0.26
49770,0.49,0.79
49771,0.81,0.93
49772,0.06,0.35
49773,0.09,0.38
49774,0.04,0.78
49775,0.05,0.51
49776,0.16,0.75
49777,0.38,0.59
49778,0.04,0.13
49779,0.37,0.79
49780,0.01,0.04
49781,0.01,0.07
49782,0.11,0.34
49783,0.15,0.43
49784,0.31,0.69
49785,0.06,0.36
49786,0.16,0.82
49787,0.26,0.61
49788,0.12,0.07
49789,0.13,0.26
49790,0.04,0.15
49791,0.74,0.84
49792,0.21,0.68
49793,0.23,0.35
49794,0.7,0.85
49795,0.15,0.28
49796,0.11,0.79
49797,0.5,0.87
49798,0.27,0.17
49799,0.24,0.42
49800,0.08,0.69
49801,0.68,0.88
49802,0.54,0.53
49803,0.16,0.27
49804,0.55,0.81
49805,0.08,0.46
49806,0.03,0.16
49807,0.05,0.23
49808,0.8,0.89
49809,0.09,0.41
49810,0.15,0.25
49811,0.24,0.24
49812,0.27,0.53
49813,0.1,0.74
49814,0.04,0.14
49815,0.09,0.44
49816,0.19,0.79
49817,0.08,0.74
49818,0.48,0.74
49819,0.3,0.61
49820,0.92,1.0
49821,0.75,0.68
49822,0.01,0.07
49823,0.12,0.52
49824,0.02,0.17
49825,0.05,0.14
49826,0.34,0.58
49827,0.47,0.85
49828,0.17,0.27
49829,0.53,0.85
49830,0.22,0.8
49831,0.62,0.66
49832,0.1,0.81
49833,0.15,0.65
49834,0.15,0.76
49835,0.05,0.02
49836,0.1,0.52
49837,0.12,0.47
49838,0.36,0.69
49839,0.38,0.46
49840,0.26,0.58
49841,0.14,0.61
49842,0.05,0.75
49843,0.08,0.65
49844,0.37,0.7
49845,0.36,0.47
49846,0.02,0.07
49847,0.46,0.88
49848,0.05,0.13
49849,0.2,0.39
49850,0.22,0.79
49851,0.04,0.2
49852,0.07,0.18
49853,0.17,0.25
49854,0.17,0.58
49855,0.83,0.98
49856,0.08,0.35
49857,0.33,0.5
49858,0.08,0.43
49859,0.49,0.76
49860,0.08,0.19
49861,0.18,0.5
49862,0.43,0.86
49863,0.17,0.62
49864,0.12,0.11
49865,0.38,0.36
49866,0.52,0.77
49867,0.05,0.42
49868,0.19,0.39
49869,0.16,0.83
49870,0.09,0.8
49871,0.12,0.38
49872,0.18,0.46
49873,0.23,0.81
49874,0.08,0.29
49875,0.05,0.12
49876,0.76,0.86
49877,0.17,0.3
49878,0.03,0.05
49879,0.03,0.14
49880,0.08,0.09
49881,0.47,0.46
49882,0.33,0.93
49883,0.07,0.96
49884,0.55,0.74
49885,0.34,0.94
49886,0.14,0.23
49887,0.68,0.54
49888,0.12,0.55
49889,0.06,0.26
49890,0.29,0.59
49891,0.11,0.2
49892,0.13,0.45
49893,0.61,0.57
49894,0.12,0.2
49895,0.19,0.74
49896,0.06,0.08
49897,0.07,0.19
49898,0.06,0.29
49899,0.37,0.55
49900,0.15,0.73
49901,0.2,0.38
49902,0.2,0.6
49903,0.1,0.13
49904,0.15,0.44
49905,0.64,0.86
49906,0.17,0.13
49907,0.12,0.92
49908,0.03,0.16
49909,0.23,0.72
49910,0.0,0.07
49911,0.11,0.62
49912,0.02,0.21
49913,0.01,0.08
49914,0.02,0.08
49915,0.05,0.06
49916,0.23,0.44
49917,0.8,0.9
49918,0.09,0.68
49919,0.08,0.04
49920,0.64,0.94
49921,0.37,0.48
49922,0.67,0.89
49923,0.09,0.69
49924,0.17,0.71
49925,0.11,0.34
49926,0.26,0.42
49927,0.12,0.18
49928,0.49,0.55
49929,0.01,0.05
49930,0.29,0.71
49931,0.49,0.55
49932,0.09,0.5
49933,0.27,0.46
49934,0.07,0.83
49935,0.09,0.11
49936,0.31,0.56
49937,0.05,0.44
49938,0.79,0.8
49939,0.08,0.3
49940,0.92,0.94
49941,0.63,0.94
49942,0.07,0.4
49943,0.33,0.76
49944,0.73,0.87
49945,0.02,0.09
49946,0.09,0.3
49947,0.61,0.66
49948,0.07,0.88
49949,0.68,0.49
49950,0.08,0.09
49951,0.08,0.31
49952,0.45,0.68
49953,0.18,0.38
49954,0.12,0.18
49955,0.49,0.54
49956,0.08,0.1
49957,0.06,0.61
49958,0.09,0.3
49959,0.13,0.19
49960,0.27,0.73
49961,0.16,0.66
49962,0.11,0.15
49963,0.48,0.86
49964,0.12,0.4
49965,0.18,0.59
49966,0.07,0.33
49967,0.1,0.7
49968,0.04,0.12
49969,0.11,0.19
49970,0.15,0.42
49971,0.14,0.78
49972,0.1,0.39
49973,0.13,0.64
49974,0.17,0.64
49975,0.47,0.49
49976,0.35,0.2
49977,0.35,0.47
49978,0.23,0.65
49979,0.59,0.84
49980,0.12,0.91
49981,0.15,0.36
49982,0.26,0.86
49983,0.03,0.02
49984,0.28,0.69
49985,0.21,0.5
49986,0.45,0.76
49987,0.34,0.27
49988,0.65,0.67
49989,0.08,0.3
49990,0.1,0.18
49991,0.33,0.77
49992,0.06,0.16
49993,0.17,0.55
49994,0.09,0.78
49995,0.12,0.14
49996,0.3,0.53
49997,0.09,0.56
49998,0.37,0.62
49999,0.19,0.35
50000,0.13,0.45
50001,0.04,0.1
50002,0.43,0.66
50003,0.03,0.34
50004,0.26,0.44
50005,0.54,0.88
50006,0.25,0.4
50007,0.05,0.63
50008,0.15,0.26
50009,0.04,0.27
50010,0.47,0.72
50011,0.02,0.08
50012,0.27,0.6
50013,0.48,0.6
50014,0.16,0.24
50015,0.42,0.46
50016,0.03,0.42
50017,0.14,0.17
50018,0.27,0.25
50019,0.22,0.71
50020,0.1,0.62
50021,0.03,0.23
50022,0.19,0.73
50023,0.62,0.65
50024,0.82,0.93
50025,0.06,0.46
50026,0.1,0.65
50027,0.12,0.83
50028,0.09,0.25
50029,0.42,0.85
50030,0.03,0.04
50031,0.18,0.61
50032,0.02,0.13
50033,0.12,0.48
50034,0.01,0.09
50035,0.13,0.6
50036,0.06,0.36
50037,0.14,0.54
50038,0.06,0.21
50039,0.07,0.86
50040,0.17,0.29
50041,0.08,0.31
50042,0.18,0.71
50043,0.07,0.07
50044,0.21,0.42
50045,0.63,0.79
50046,0.05,0.81
50047,0.2,0.49
50048,0.02,0.37
50049,0.45,0.45
50050,0.5,0.84
50051,0.59,0.59
50052,0.05,0.32
50053,0.01,0.1
50054,0.46,0.84
50055,0.2,0.37
50056,0.12,0.24
50057,0.18,0.4
50058,0.16,0.29
50059,0.12,0.16
50060,0.13,0.32
50061,0.03,0.25
50062,0.04,0.09
50063,0.03,0.25
50064,0.08,0.31
50065,0.1,0.21
50066,0.6,0.69
50067,0.43,0.59
50068,0.49,0.62
50069,0.14,0.47
50070,0.08,0.19
50071,0.1,0.62
50072,0.59,0.88
50073,0.21,0.33
50074,0.11,0.78
50075,0.7,0.72
50076,0.51,0.88
50077,0.43,0.76
50078,0.1,0.22
50079,0.25,0.21
50080,0.13,0.42
50081,0.77,0.93
50082,0.4,0.72
50083,0.28,0.56
50084,0.12,0.23
50085,0.44,0.54
50086,0.07,0.21
50087,0.13,0.37
50088,0.07,0.18
50089,0.29,0.51
50090,0.02,0.09
50091,0.15,0.42
50092,0.05,0.23
50093,0.52,0.67
50094,0.52,0.69
50095,0.33,0.83
50096,0.15,0.25
50097,0.17,0.58
50098,0.19,0.65
50099,0.53,0.88
50100,0.02,0.42
50101,0.24,0.73
50102,0.25,0.4
50103,0.56,0.58
50104,0.08,0.54
50105,0.05,0.74
50106,0.04,0.29
50107,0.03,0.13
50108,0.05,0.75
50109,0.05,0.13
50110,0.57,0.8
50111,0.36,0.39
50112,0.24,0.65
50113,0.02,0.12
50114,0.11,0.13
50115,0.24,0.43
50116,0.46,0.29
50117,0.12,0.83
50118,0.03,0.22
50119,0.1,0.09
50120,0.01,0.13
50121,0.1,0.21
50122,0.66,0.92
50123,0.01,0.05
50124,0.1,0.09
50125,0.41,0.79
50126,0.05,0.96
50127,0.43,0.79
50128,0.08,0.85
50129,0.21,0.25
50130,0.01,0.11
50131,0.58,0.81
50132,0.72,0.81
50133,0.07,0.13
50134,0.12,0.56
50135,0.09,0.16
50136,0.25,0.65
50137,0.26,0.56
50138,0.06,0.14
50139,0.1,0.6
50140,0.06,0.21
50141,0.03,0.23
50142,0.16,0.52
50143,0.6,0.82
50144,0.42,0.68
50145,0.11,0.46
50146,0.67,0.91
50147,0.25,0.63
50148,0.47,0.78
50149,0.07,0.08
50150,0.04,0.3
50151,0.04,0.22
50152,0.11,0.68
50153,0.13,0.31
50154,0.12,0.77
50155,0.05,0.63
50156,0.0,0.06
50157,0.19,0.77
50158,0.71,0.88
50159,0.07,0.96
50160,0.07,0.4
50161,0.21,0.76
50162,0.12,0.25
50163,0.02,0.19
50164,0.05,0.2
50165,0.03,0.12
50166,0.04,0.18
50167,0.25,0.63
50168,0.09,0.24
50169,0.17,0.33
50170,0.04,0.41
50171,0.16,0.42
50172,0.05,0.75
50173,0.56,0.5
50174,0.12,0.49
50175,0.13,0.8
50176,0.01,0.35
50177,0.35,0.31
50178,0.07,0.7
50179,0.07,0.37
50180,0.03,0.06
50181,0.14,0.16
50182,0.21,0.4
50183,0.93,0.96
50184,0.03,0.39
50185,0.48,0.26
50186,0.2,0.19
50187,0.57,0.71
50188,0.11,0.36
50189,0.03,0.1
50190,0.13,0.64
50191,0.7,0.75
50192,0.01,0.05
50193,0.08,0.55
50194,0.11,0.24
50195,0.15,0.73
50196,0.17,0.46
50197,0.24,0.56
50198,0.32,0.73
50199,0.22,0.55
50200,0.58,0.83
50201,0.27,0.84
50202,0.31,0.37
50203,0.07,0.08
50204,0.04,0.12
50205,0.8,0.9
50206,0.61,0.8
50207,0.06,0.14
50208,0.08,0.74
50209,0.16,0.19
50210,0.12,0.37
50211,0.38,0.96
50212,0.49,0.84
50213,0.13,0.14
50214,0.35,0.88
50215,0.14,0.1
50216,0.5,0.95
50217,0.08,0.07
50218,0.21,0.52
50219,0.0,0.1
50220,0.06,0.19
50221,0.17,0.45
50222,0.24,0.31
50223,0.08,0.08
50224,0.23,0.61
50225,0.32,0.47
50226,0.11,0.4
50227,0.42,0.51
50228,0.12,0.37
50229,0.22,0.4
50230,0.05,0.34
50231,0.58,0.67
50232,0.13,0.46
50233,0.44,0.39
50234,0.29,0.41
50235,0.21,0.49
50236,0.05,0.3
50237,0.01,0.31
50238,0.53,0.77
50239,0.2,0.85
50240,0.15,0.32
50241,0.04,0.21
50242,0.34,0.47
50243,0.05,0.17
50244,0.03,0.1
50245,0.42,0.66
50246,0.3,0.49
50247,0.34,0.51
50248,0.27,0.54
50249,0.25,0.63
50250,0.34,0.62
50251,0.05,0.1
50252,0.03,0.45
50253,0.06,0.91
50254,0.15,0.9
50255,0.06,0.3
50256,0.05,0.34
50257,0.6,0.75
50258,0.05,0.39
50259,0.06,0.88
50260,0.07,0.26
50261,0.83,0.8
50262,0.11,0.13
50263,0.18,0.23
50264,0.06,0.13
50265,0.75,0.98
50266,0.13,0.57
50267,0.12,0.49
50268,0.12,0.22
50269,0.22,0.42
50270,0.33,0.62
50271,0.06,0.2
50272,0.14,0.57
50273,0.14,0.57
50274,0.12,0.41
50275,0.06,0.52
50276,0.04,0.52
50277,0.13,0.44
50278,0.57,0.78
50279,0.16,0.21
50280,0.09,0.24
50281,0.11,0.16
50282,0.1,0.19
50283,0.55,0.78
50284,0.06,0.22
50285,0.25,0.59
50286,0.04,0.13
50287,0.36,0.57
50288,0.06,0.39
50289,0.42,0.67
50290,0.06,0.08
50291,0.51,0.57
50292,0.07,0.23
50293,0.15,0.22
50294,0.12,0.38
50295,0.27,0.13
50296,0.6,0.87
50297,0.04,0.36
50298,0.07,0.61
50299,0.21,0.36
50300,0.32,0.7
50301,0.05,0.06
50302,0.75,0.83
50303,0.58,0.8
50304,0.28,0.45
50305,0.06,0.47
50306,0.05,0.35
50307,0.04,0.18
50308,0.28,0.73
50309,0.1,0.79
50310,0.59,0.6
50311,0.69,0.66
50312,0.15,0.38
50313,0.17,0.21
50314,0.77,0.91
50315,0.12,0.91
50316,0.6,0.92
50317,0.04,0.06
50318,0.06,0.7
50319,0.04,0.46
50320,0.04,0.29
50321,0.18,0.85
50322,0.04,0.15
50323,0.28,0.63
50324,0.11,0.5
50325,0.2,0.63
50326,0.14,0.56
50327,0.31,0.86
50328,0.13,0.7
50329,0.19,0.24
50330,0.2,0.37
50331,0.21,0.18
50332,0.19,0.52
50333,0.78,0.78
50334,0.12,0.82
50335,0.6,0.7
50336,0.1,0.95
50337,0.06,0.12
50338,0.5,0.85
50339,0.09,0.48
50340,0.09,0.07
50341,0.07,0.25
50342,0.11,0.27
50343,0.45,0.74
50344,0.08,0.73
50345,0.43,0.89
50346,0.11,0.31
50347,0.23,0.43
50348,0.06,0.11
50349,0.03,0.15
50350,0.04,0.06
50351,0.07,0.19
50352,0.16,0.3
50353,0.25,0.68
50354,0.38,0.43
50355,0.05,0.1
50356,0.5,0.24
50357,0.03,0.13
50358,0.13,0.64
50359,0.1,0.28
50360,0.08,0.15
50361,0.08,0.17
50362,0.79,0.71
50363,0.13,0.21
50364,0.74,0.92
50365,0.12,0.42
50366,0.4,0.68
50367,0.11,0.21
50368,0.07,0.48
50369,0.29,0.55
50370,0.42,0.78
50371,0.18,0.62
50372,0.04,0.1
50373,0.09,0.31
50374,0.12,0.42
50375,0.39,0.28
50376,0.11,0.19
50377,0.31,0.94
50378,0.02,0.11
50379,0.33,0.66
50380,0.21,0.52
50381,0.05,0.19
50382,0.3,0.66
50383,0.17,0.5
50384,0.09,0.18
50385,0.06,0.37
50386,0.47,0.62
50387,0.11,0.2
50388,0.09,0.12
50389,0.01,0.08
50390,0.13,0.46
50391,0.04,0.98
50392,0.18,0.14
50393,0.12,0.7
50394,0.36,0.62
50395,0.54,0.64
50396,0.02,0.15
50397,0.25,0.53
50398,0.07,0.32
50399,0.23,0.91
50400,0.09,0.58
50401,0.38,0.54
50402,0.31,0.65
50403,0.02,0.2
50404,0.07,0.3
50405,0.41,0.64
50406,0.27,0.52
50407,0.0,0.42
50408,0.21,0.91
50409,0.13,0.57
50410,0.18,0.24
50411,0.81,0.9
50412,0.27,0.36
50413,0.1,0.12
50414,0.06,0.19
50415,0.16,0.33
50416,0.0,0.4
50417,0.24,0.46
50418,0.75,0.93
50419,0.05,0.13
50420,0.17,0.49
50421,0.03,0.08
50422,0.19,0.56
50423,0.33,0.54
50424,0.49,0.93
50425,0.04,0.86
50426,0.16,0.87
50427,0.04,0.01
50428,0.56,0.61
50429,0.11,0.46
50430,0.0,0.08
50431,0.14,0.27
50432,0.2,0.73
50433,0.26,0.16
50434,0.03,0.2
50435,0.72,0.86
50436,0.09,0.86
50437,0.09,0.55
50438,0.48,0.73
50439,0.3,0.55
50440,0.32,0.5
50441,0.56,0.86
50442,0.07,0.1
50443,0.47,0.71
50444,0.55,0.99
50445,0.61,0.71
50446,0.19,0.43
50447,0.08,0.32
50448,0.24,0.6
50449,0.49,0.59
50450,0.39,0.54
50451,0.44,0.56
50452,0.02,0.41
50453,0.44,0.76
50454,0.09,0.65
50455,0.36,0.65
50456,0.04,0.15
50457,0.15,0.3
50458,0.3,0.72
50459,0.27,0.69
50460,0.06,0.45
50461,0.36,0.58
50462,0.32,0.7
50463,0.08,0.41
50464,0.02,0.08
50465,0.04,0.22
50466,0.14,0.35
50467,0.49,0.61
50468,0.06,0.1
50469,0.5,0.63
50470,0.0,0.1
50471,0.62,0.83
50472,0.26,0.75
50473,0.48,0.66
50474,0.78,0.99
50475,0.08,0.97
50476,0.07,0.31
50477,0.17,0.42
50478,0.02,0.06
50479,0.08,0.19
50480,0.17,0.52
50481,0.51,0.7
50482,0.38,0.64
50483,0.05,0.15
50484,0.23,0.48
50485,0.02,0.13
50486,0.05,0.97
50487,0.04,0.12
50488,0.45,0.78
50489,0.29,0.9
50490,0.1,0.1
50491,0.02,0.09
50492,0.06,0.2
50493,0.06,0.49
50494,0.13,0.12
50495,0.46,0.72
50496,0.25,0.71
50497,0.22,0.26
50498,0.1,0.36
50499,0.14,0.34
50500,0.85,0.88
50501,0.04,0.09
50502,0.16,0.47
50503,0.03,0.03
50504,0.48,0.85
50505,0.03,0.08
50506,0.08,0.2
50507,0.09,0.12
50508,0.1,0.3
50509,0.47,0.26
50510,0.09,0.5
50511,0.11,0.7
50512,0.03,0.2
50513,0.22,0.39
50514,0.6,0.8
50515,0.06,0.02
50516,0.45,0.38
50517,0.06,0.24
50518,0.16,0.53
50519,0.27,0.43
50520,0.17,0.41
50521,0.45,0.66
50522,0.5,0.75
50523,0.29,0.84
50524,0.2,0.29
50525,0.14,0.95
50526,0.14,0.87
50527,0.08,0.19
50528,0.07,0.17
50529,0.1,0.17
50530,0.08,0.92
50531,0.42,0.53
50532,0.13,0.22
50533,0.03,0.18
50534,0.06,0.14
50535,0.11,0.26
50536,0.02,0.2
50537,0.1,0.22
50538,0.17,0.34
50539,0.14,0.35
50540,0.03,0.34
50541,0.09,0.94
50542,0.36,0.67
50543,0.37,0.6
50544,0.09,0.09
50545,0.21,0.26
50546,0.1,0.31
50547,0.13,0.41
50548,0.72,0.73
50549,0.38,0.27
50550,0.14,0.51
50551,0.04,0.83
50552,0.64,0.8
50553,0.04,0.1
50554,0.14,0.63
50555,0.84,0.88
50556,0.07,0.21
50557,0.23,0.37
50558,0.05,0.11
50559,0.84,0.93
50560,0.21,0.89
50561,0.12,0.29
50562,0.05,0.5
50563,0.2,0.11
50564,0.46,0.86
50565,0.24,0.77
50566,0.11,0.22
50567,0.71,0.64
50568,0.07,0.33
50569,0.0,0.05
50570,0.29,0.45
50571,0.06,0.23
50572,0.23,0.31
50573,0.11,0.65
50574,0.17,0.57
50575,0.0,0.08
50576,0.06,0.22
50577,0.1,0.86
50578,0.11,0.49
50579,0.03,0.26
50580,0.14,0.21
50581,0.49,0.67
50582,0.0,0.21
50583,0.21,0.31
50584,0.17,0.23
50585,0.02,0.08
50586,0.31,0.65
50587,0.03,0.12
50588,0.51,0.68
50589,0.29,0.81
50590,0.74,0.94
50591,0.12,0.35
50592,0.4,0.8
50593,0.16,0.75
50594,0.15,0.42
50595,0.09,0.3
50596,0.22,0.36
50597,0.24,0.5
50598,0.13,0.32
50599,0.35,0.82
50600,0.49,0.24
50601,0.07,0.3
50602,0.71,0.86
50603,0.04,0.33
50604,0.4,0.7
50605,0.41,0.56
50606,0.09,0.16
50607,0.22,0.19
50608,0.1,0.11
50609,0.31,0.46
50610,0.12,0.36
50611,0.04,0.15
50612,0.09,0.23
50613,0.17,0.78
50614,0.1,0.34
50615,0.08,0.1
50616,0.08,0.12
50617,0.42,0.79
50618,0.16,0.41
50619,0.35,0.66
50620,0.06,0.75
50621,0.2,0.76
50622,0.02,0.24
50623,0.11,0.24
50624,0.3,0.46
50625,0.08,0.19
50626,0.11,0.17
50627,0.11,0.53
50628,0.28,0.64
50629,0.24,0.82
50630,0.02,0.9
50631,0.39,0.49
50632,0.23,0.79
50633,0.08,0.12
50634,0.45,0.75
50635,0.28,0.86
50636,0.05,0.65
50637,0.03,0.2
50638,0.19,0.6
50639,0.41,0.58
50640,0.1,0.26
50641,0.05,0.07
50642,0.05,0.13
50643,0.42,0.78
50644,0.06,0.64
50645,0.04,0.46
50646,0.15,0.56
50647,0.18,0.24
50648,0.16,0.63
50649,0.09,0.21
50650,0.03,0.37
50651,0.28,0.58
50652,0.17,0.34
50653,0.48,0.71
50654,0.19,0.36
50655,0.64,0.92
50656,0.07,0.27
50657,0.07,0.15
50658,0.09,0.24
50659,0.07,0.83
50660,0.53,0.59
50661,0.48,0.76
50662,0.2,0.72
50663,0.71,0.94
50664,0.09,0.14
50665,0.36,0.55
50666,0.74,0.82
50667,0.57,0.65
50668,0.27,0.36
50669,0.44,0.62
50670,0.06,0.28
50671,0.01,0.26
50672,0.02,0.84
50673,0.05,0.79
50674,0.13,0.5
50675,0.24,0.55
50676,0.26,0.55
50677,0.43,0.65
50678,0.06,0.26
50679,0.21,0.24
50680,0.16,0.37
50681,0.01,0.1
50682,0.61,0.93
50683,0.14,0.35
50684,0.13,0.17
50685,0.48,0.32
50686,0.41,0.9
50687,0.06,0.09
50688,0.84,0.9
50689,0.02,0.23
50690,0.7,0.93
50691,0.48,0.36
50692,0.13,0.23
50693,0.26,0.78
50694,0.15,0.93
50695,0.01,0.05
50696,0.07,0.77
50697,0.11,0.66
50698,0.22,0.47
50699,0.21,0.48
50700,0.03,0.15
50701,0.45,0.84
50702,0.25,0.79
50703,0.26,0.66
50704,0.6,0.82
50705,0.13,0.81
50706,0.06,0.32
50707,0.08,0.13
50708,0.37,0.74
50709,0.03,0.29
50710,0.45,0.64
50711,0.09,0.41
50712,0.09,0.29
50713,0.09,0.12
50714,0.7,0.86
50715,0.09,0.69
50716,0.76,0.74
50717,0.21,0.43
50718,0.53,0.62
50719,0.12,0.53
50720,0.84,0.89
50721,0.03,0.11
50722,0.14,0.09
50723,0.18,0.63
50724,0.35,0.57
50725,0.01,0.27
50726,0.02,0.08
50727,0.02,0.09
50728,0.16,1.0
50729,0.06,0.05
50730,0.16,0.18
50731,0.07,0.6
50732,0.14,0.35
50733,0.35,0.49
50734,0.3,0.64
50735,0.16,0.1
50736,0.03,0.49
50737,0.11,0.39
50738,0.29,0.59
50739,0.22,0.2
50740,0.12,0.91
50741,0.1,0.58
50742,0.2,0.68
50743,0.25,0.87
50744,0.17,0.28
50745,0.12,0.19
50746,0.2,0.44
50747,0.07,0.16
50748,0.12,0.21
50749,0.17,0.4
50750,0.02,0.31
50751,0.0,0.15
50752,0.2,0.29
50753,0.16,0.23
50754,0.12,0.16
50755,0.34,0.73
50756,0.78,0.92
50757,0.55,0.89
50758,0.27,0.44
50759,0.07,0.25
50760,0.31,0.6
50761,0.57,0.73
50762,0.07,0.19
50763,0.07,0.1
50764,0.06,0.84
50765,0.1,0.23
50766,0.01,0.04
50767,0.16,0.18
50768,0.2,0.58
50769,0.32,0.29
50770,0.1,0.18
50771,0.12,0.83
50772,0.27,0.25
50773,0.59,0.91
50774,0.2,0.35
50775,0.26,0.3
50776,0.57,0.95
50777,0.35,0.85
50778,0.21,0.35
50779,0.48,0.66
50780,0.31,0.4
50781,0.04,0.22
50782,0.91,0.97
50783,0.14,0.23
50784,0.15,0.53
50785,0.58,0.92
50786,0.18,0.3
50787,0.12,0.9
50788,0.03,0.08
50789,0.46,0.58
50790,0.14,0.49
50791,0.32,0.4
50792,0.28,0.94
50793,0.18,0.75
50794,0.21,0.25
50795,0.25,0.21
50796,0.1,0.16
50797,0.2,0.65
50798,0.26,0.83
50799,0.21,0.54
50800,0.12,0.19
50801,0.09,0.67
50802,0.08,0.17
50803,0.0,0.05
50804,0.45,0.28
50805,0.12,0.12
50806,0.19,0.14
50807,0.12,0.6
50808,0.27,0.67
50809,0.1,0.98
50810,0.21,0.71
50811,0.45,0.71
50812,0.0,0.08
50813,0.03,0.91
50814,0.32,0.29
50815,0.5,0.58
50816,0.53,0.9
50817,0.18,0.54
50818,0.18,0.17
50819,0.44,0.62
50820,0.27,0.87
50821,0.05,0.04
50822,0.13,0.58
50823,0.06,0.1
50824,0.12,0.62
50825,0.14,0.41
50826,0.05,0.73
50827,0.13,0.68
50828,0.1,0.23
50829,0.18,0.6
50830,0.1,0.67
50831,0.06,0.62
50832,0.16,0.27
50833,0.06,0.1
50834,0.33,0.53
50835,0.26,0.74
50836,0.0,0.12
50837,0.06,0.15
50838,0.17,0.42
50839,0.02,0.06
50840,0.02,0.15
50841,0.38,0.55
50842,0.02,0.14
50843,0.04,0.09
50844,0.04,0.11
50845,0.07,0.03
50846,0.13,0.66
50847,0.27,0.24
50848,0.72,0.52
50849,0.28,0.26
50850,0.26,0.2
50851,0.0,0.04
50852,0.23,0.19
50853,0.02,0.11
50854,0.05,0.11
50855,0.01,0.25
50856,0.48,0.77
50857,0.19,0.48
50858,0.06,0.07
50859,0.21,0.29
50860,0.05,0.16
50861,0.11,0.82
50862,0.3,0.6
50863,0.01,0.5
50864,0.04,0.1
50865,0.33,0.52
50866,0.16,0.38
50867,0.4,0.45
50868,0.28,0.72
50869,0.07,0.3
50870,0.06,0.54
50871,0.03,0.59
50872,0.06,0.32
50873,0.37,0.79
50874,0.47,0.76
50875,0.44,0.84
50876,0.04,0.24
50877,0.47,0.93
50878,0.51,0.69
50879,0.02,0.1
50880,0.37,0.35
50881,0.06,0.15
50882,0.84,0.96
50883,0.27,0.29
50884,0.03,0.13
50885,0.42,0.83
50886,0.24,0.61
50887,0.09,0.3
50888,0.06,0.34
50889,0.84,0.89
50890,0.18,0.37
50891,0.21,0.59
50892,0.51,0.15
50893,0.09,0.44
50894,0.12,0.79
50895,0.02,0.12
50896,0.12,0.3
50897,0.23,0.23
50898,0.21,0.91
50899,0.02,0.05
50900,0.22,0.45
50901,0.3,0.24
50902,0.77,0.92
50903,0.04,0.13
50904,0.69,0.82
50905,0.36,0.52
50906,0.09,0.61
50907,0.18,0.49
50908,0.05,0.07
50909,0.47,0.71
50910,0.14,0.23
50911,0.07,0.45
50912,0.6,0.89
50913,0.23,0.73
50914,0.1,0.18
50915,0.1,0.14
50916,0.08,0.24
50917,0.0,0.17
50918,0.16,0.25
50919,0.05,0.07
50920,0.14,0.78
50921,0.16,0.11
50922,0.61,0.92
50923,0.08,0.28
50924,0.11,0.82
50925,0.21,0.94
50926,0.54,0.96
50927,0.03,0.15
50928,0.03,0.06
50929,0.06,0.8
50930,0.27,0.23
50931,0.07,0.39
50932,0.29,0.74
50933,0.07,0.13
50934,0.15,0.17
50935,0.01,0.07
50936,0.05,0.08
50937,0.16,0.24
50938,0.28,0.86
50939,0.34,0.21
50940,0.08,0.39
50941,0.08,0.23
50942,0.15,0.23
50943,0.59,0.71
50944,0.03,0.28
50945,0.07,0.19
50946,0.48,0.64
50947,0.13,0.83
50948,0.08,0.79
50949,0.59,0.97
50950,0.45,0.34
50951,0.03,0.13
50952,0.04,0.0
50953,0.3,0.41
50954,0.24,0.85
50955,0.04,0.15
50956,0.05,0.08
50957,0.44,0.9
50958,0.64,0.84
50959,0.02,0.21
50960,0.17,0.18
50961,0.23,0.18
50962,0.34,0.79
50963,0.24,0.7
50964,0.15,0.7
50965,0.11,0.32
50966,0.17,0.15
50967,0.71,0.85
50968,0.39,0.95
50969,0.25,0.64
50970,0.75,0.94
50971,0.16,0.7
50972,0.29,0.87
50973,0.07,0.23
50974,0.53,0.79
50975,0.12,0.55
50976,0.2,0.86
50977,0.11,0.89
50978,0.06,0.73
50979,0.47,0.74
50980,0.06,0.41
50981,0.47,0.75
50982,0.02,0.17
50983,0.04,0.87
50984,0.19,0.71
50985,0.01,0.13
50986,0.63,0.88
50987,0.07,0.89
50988,0.17,0.53
50989,0.15,0.28
50990,0.4,0.65
50991,0.04,0.23
50992,0.11,0.42
50993,0.09,0.46
50994,0.27,0.33
50995,0.03,0.13
50996,0.08,0.14
50997,0.12,0.12
50998,0.4,0.66
50999,0.46,0.6
51000,0.09,0.1
51001,0.07,0.5
51002,0.1,0.52
51003,0.5,0.6
51004,0.02,0.47
51005,0.04,0.24
51006,0.08,0.07
51007,0.18,0.62
51008,0.04,0.31
51009,0.75,0.89
51010,0.14,0.24
51011,0.57,0.78
51012,0.05,0.64
51013,0.86,0.88
51014,0.08,0.5
51015,0.61,1.0
51016,0.07,0.33
51017,0.19,0.77
51018,0.17,0.91
51019,0.45,0.25
51020,0.35,0.6
51021,0.04,0.6
51022,0.1,0.08
51023,0.32,0.5
51024,0.36,0.52
51025,0.1,0.09
51026,0.03,0.05
51027,0.19,0.7
51028,0.02,0.2
51029,0.1,0.17
51030,0.35,0.67
51031,0.12,0.19
51032,0.28,0.61
51033,0.12,0.71
51034,0.03,0.16
51035,0.18,0.33
51036,0.25,0.75
51037,0.25,0.38
51038,0.08,0.71
51039,0.11,0.76
51040,0.41,0.24
51041,0.07,0.67
51042,0.07,0.32
51043,0.09,0.4
51044,0.17,0.44
51045,0.15,0.2
51046,0.07,0.24
51047,0.13,0.83
51048,0.82,0.85
51049,0.08,0.24
51050,0.13,0.32
51051,0.04,0.11
51052,0.85,0.91
51053,0.17,0.46
51054,0.11,0.35
51055,0.75,0.96
51056,0.15,0.42
51057,0.25,0.69
51058,0.71,0.88
51059,0.31,0.59
51060,0.23,0.58
51061,0.31,0.23
51062,0.04,0.03
51063,0.07,0.28
51064,0.36,0.7
51065,0.16,0.24
51066,0.59,0.85
51067,0.19,0.44
51068,0.05,0.27
51069,0.04,0.12
51070,0.45,0.63
51071,0.77,0.87
51072,0.07,0.11
51073,0.02,0.07
51074,0.22,0.77
51075,0.1,0.13
51076,0.09,0.09
51077,0.08,0.83
51078,0.05,0.1
51079,0.16,0.16
51080,0.5,0.43
51081,0.43,0.65
51082,0.06,0.16
51083,0.32,0.83
51084,0.22,0.31
51085,0.01,0.15
51086,0.23,0.35
51087,0.15,0.66
51088,0.16,0.38
51089,0.34,0.41
51090,0.05,0.21
51091,0.61,0.71
51092,0.06,0.54
51093,0.39,0.74
51094,0.21,0.32
51095,0.34,0.4
51096,0.2,0.46
51097,0.11,0.95
51098,0.2,0.48
51099,0.03,0.3
51100,0.0,0.06
51101,0.07,0.78
51102,0.25,0.28
51103,0.6,0.74
51104,0.2,0.58
51105,0.05,0.42
51106,0.39,0.64
51107,0.11,0.16
51108,0.12,0.66
51109,0.34,0.31
51110,0.35,0.82
51111,0.58,0.84
51112,0.69,0.89
51113,0.58,0.62
51114,0.13,0.5
51115,0.7,0.84
51116,0.08,0.81
51117,0.26,0.69
51118,0.03,0.14
51119,0.7,0.83
51120,0.1,0.29
51121,0.12,0.37
51122,0.08,0.5
51123,0.18,0.42
51124,0.17,0.92
51125,0.19,0.4
51126,0.06,0.32
51127,0.18,0.14
51128,0.05,0.14
51129,0.03,0.12
51130,0.02,0.2
51131,0.77,0.85
51132,0.09,0.24
51133,0.35,0.81
51134,0.2,0.34
51135,0.06,0.12
51136,0.34,0.91
51137,0.21,0.61
51138,0.75,0.97
51139,0.22,0.22
51140,0.05,0.16
51141,0.15,0.61
51142,0.46,0.23
51143,0.26,0.39
51144,0.09,0.55
51145,0.01,0.1
51146,0.5,0.74
51147,0.33,0.62
51148,0.19,0.93
51149,0.05,0.23
51150,0.4,0.56
51151,0.18,0.49
51152,0.23,0.63
51153,0.03,0.08
51154,0.04,0.06
51155,0.09,0.1
51156,0.73,0.93
51157,0.06,0.09
51158,0.29,0.44
51159,0.13,0.44
51160,0.75,0.8
51161,0.41,0.78
51162,0.11,0.35
51163,0.01,0.21
51164,0.34,0.76
51165,0.14,0.28
51166,0.2,0.57
51167,0.38,0.82
51168,0.11,0.51
51169,0.05,0.48
51170,0.15,0.27
51171,0.17,0.61
51172,0.23,0.32
51173,0.27,0.26
51174,0.13,0.26
51175,0.27,0.64
51176,0.06,0.22
51177,0.34,0.77
51178,0.43,0.4
51179,0.27,0.25
51180,0.02,0.17
51181,0.39,0.55
51182,0.19,0.21
51183,0.06,0.14
51184,0.23,0.15
51185,0.05,0.05
51186,0.27,0.25
51187,0.18,0.51
51188,0.25,0.2
51189,0.63,0.77
51190,0.07,0.06
51191,0.06,0.89
51192,0.54,0.85
51193,0.3,0.69
51194,0.05,0.11
51195,0.42,0.23
51196,0.16,0.65
51197,0.1,0.77
51198,0.15,0.27
51199,0.11,0.26
51200,0.1,0.08
51201,0.15,0.93
51202,0.32,0.14
51203,0.43,0.55
51204,0.04,0.3
51205,0.04,0.38
51206,0.12,0.36
51207,0.37,0.81
51208,0.35,0.55
51209,0.1,0.16
51210,0.49,0.87
51211,0.21,0.39
51212,0.01,0.37
51213,0.02,0.11
51214,0.09,0.24
51215,0.39,0.54
51216,0.69,0.88
51217,0.45,0.64
51218,0.44,0.6
51219,0.05,0.57
51220,0.34,0.72
51221,0.0,0.15
51222,0.28,0.22
51223,0.11,0.8
51224,0.05,0.14
51225,0.07,0.12
51226,0.58,0.77
51227,0.48,0.68
51228,0.08,0.09
51229,0.53,0.83
51230,0.05,0.15
51231,0.08,0.15
51232,0.2,0.21
51233,0.06,0.15
51234,0.02,0.11
51235,0.2,0.53
51236,0.06,0.23
51237,0.13,0.42
51238,0.07,0.38
51239,0.23,0.27
51240,0.58,0.61
51241,0.17,0.11
51242,0.02,0.05
51243,0.12,0.35
51244,0.21,0.54
51245,0.04,0.09
51246,0.08,0.84
51247,0.11,0.14
51248,0.11,0.12
51249,0.75,0.75
51250,0.21,0.24
51251,0.23,0.29
51252,0.06,0.23
51253,0.05,0.21
51254,0.23,0.19
51255,0.07,0.25
51256,0.27,0.48
51257,0.61,0.82
51258,0.06,0.48
51259,0.04,0.13
51260,0.15,0.6
51261,0.2,0.53
51262,0.15,0.4
51263,0.1,0.23
51264,0.05,0.12
51265,0.46,0.54
51266,0.26,0.24
51267,0.16,0.47
51268,0.08,0.92
51269,0.11,0.53
51270,0.13,0.5
51271,0.1,0.12
51272,0.02,0.26
51273,0.43,0.49
51274,0.17,0.14
51275,0.13,0.39
51276,0.26,0.46
51277,0.24,0.18
51278,0.02,0.1
51279,0.07,0.38
51280,0.11,0.31
51281,0.46,0.56
51282,0.66,0.83
51283,0.12,0.45
51284,0.67,0.92
51285,0.15,0.48
51286,0.09,0.16
51287,0.03,0.1
51288,0.53,0.56
51289,0.52,0.7
51290,0.09,0.12
51291,0.63,0.87
51292,0.17,0.33
51293,0.21,0.82
51294,0.05,0.08
51295,0.31,0.89
51296,0.15,0.73
51297,0.67,0.77
51298,0.36,0.56
51299,0.09,0.82
51300,0.34,0.83
51301,0.07,0.06
51302,0.41,0.9
51303,0.15,0.35
51304,0.24,0.94
51305,0.22,0.2
51306,0.63,0.91
51307,0.44,0.61
51308,0.33,0.46
51309,0.01,0.01
51310,0.27,0.78
51311,0.08,0.8
51312,0.69,0.96
51313,0.07,0.2
51314,0.11,0.84
51315,0.21,0.47
51316,0.07,0.67
51317,0.45,0.61
51318,0.08,0.18
51319,0.27,0.83
51320,0.26,0.26
51321,0.3,0.23
51322,0.09,0.08
51323,0.53,0.69
51324,0.04,0.19
51325,0.34,0.65
51326,0.15,0.23
51327,0.15,0.22
51328,0.05,0.38
51329,0.21,0.18
51330,0.26,0.33
51331,0.05,0.24
51332,0.41,0.79
51333,0.09,0.89
51334,0.06,0.4
51335,0.08,0.31
51336,0.13,0.41
51337,0.82,0.95
51338,0.07,0.19
51339,0.03,0.7
51340,0.45,0.8
51341,0.06,0.66
51342,0.18,0.3
51343,0.7,0.72
51344,0.07,0.35
51345,0.1,0.28
51346,0.29,0.49
51347,0.44,0.96
51348,0.13,0.85
51349,0.07,0.23
51350,0.12,0.16
51351,0.12,0.6
51352,0.06,0.24
51353,0.07,0.15
51354,0.33,0.5
51355,0.13,0.22
51356,0.59,0.68
51357,0.1,0.11
51358,0.09,0.49
51359,0.07,0.39
51360,0.03,0.04
51361,0.18,0.24
51362,0.09,0.1
51363,0.22,0.47
51364,0.03,0.13
51365,0.19,0.47
51366,0.16,0.12
51367,0.13,0.39
51368,0.3,0.84
51369,0.02,0.1
51370,0.02,0.04
51371,0.59,0.68
51372,0.07,0.12
51373,0.34,0.75
51374,0.23,0.49
51375,0.57,0.71
51376,0.23,0.77
51377,0.13,0.11
51378,0.56,0.36
51379,0.06,0.35
51380,0.17,0.7
51381,0.42,0.86
51382,0.32,0.54
51383,0.09,0.21
51384,0.12,0.2
51385,0.08,0.36
51386,0.1,0.27
51387,0.19,0.67
51388,0.21,0.57
51389,0.11,0.35
51390,0.24,0.92
51391,0.11,0.51
51392,0.1,0.18
51393,0.12,0.43
51394,0.22,0.37
51395,0.18,0.28
51396,0.05,0.18
51397,0.21,0.33
51398,0.29,0.31
51399,0.28,0.56
51400,0.62,0.69
51401,0.2,0.46
51402,0.18,0.38
51403,0.25,0.75
51404,0.02,0.23
51405,0.09,0.4
51406,0.23,0.47
51407,0.28,0.73
51408,0.77,0.94
51409,0.02,0.18
51410,0.13,0.86
51411,0.12,0.19
51412,0.09,0.59
51413,0.16,0.18
51414,0.15,0.57
51415,0.1,0.15
51416,0.34,0.49
51417,0.08,0.06
51418,0.06,0.13
51419,0.1,0.23
51420,0.04,0.15
51421,0.03,0.17
51422,0.23,0.17
51423,0.07,0.06
51424,0.27,0.38
51425,0.01,0.19
51426,0.05,0.14
51427,0.15,0.29
51428,0.03,0.16
51429,0.35,0.6
51430,0.11,0.75
51431,0.03,0.08
51432,0.18,0.44
51433,0.07,0.62
51434,0.3,0.71
51435,0.22,0.36
51436,0.01,0.79
51437,0.51,0.73
51438,0.49,0.78
51439,0.35,0.78
51440,0.08,0.89
51441,0.57,0.92
51442,0.03,0.45
51443,0.1,0.53
51444,0.01,0.1
51445,0.13,0.27
51446,0.1,0.92
51447,0.05,0.1
51448,0.36,0.49
51449,0.12,0.14
51450,0.09,0.8
51451,0.33,0.82
51452,0.27,0.36
51453,0.05,0.25
51454,0.25,0.39
51455,0.38,0.17
51456,0.23,0.72
51457,0.14,0.71
51458,0.07,0.7
51459,0.23,0.81
51460,0.28,0.5
51461,0.2,0.46
51462,0.59,0.76
51463,0.51,0.9
51464,0.58,0.89
51465,0.04,0.32
51466,0.07,0.05
51467,0.67,0.97
51468,0.23,0.27
51469,0.03,0.19
51470,0.1,0.81
51471,0.08,0.91
51472,0.03,0.03
51473,0.89,0.94
51474,0.36,0.45
51475,0.1,0.45
51476,0.08,0.05
51477,0.16,0.92
51478,0.09,0.5
51479,0.43,0.65
51480,0.51,0.83
51481,0.04,0.28
51482,0.09,0.17
51483,0.07,0.57
51484,0.01,0.14
51485,0.07,0.12
51486,0.03,0.2
51487,0.09,0.2
51488,0.03,0.12
51489,0.11,0.29
51490,0.04,0.18
51491,0.06,0.3
51492,0.68,0.88
51493,0.18,0.32
51494,0.29,0.94
51495,0.1,0.42
51496,0.15,0.19
51497,0.51,0.4
51498,0.41,0.75
51499,0.05,0.18
51500,0.26,0.54
51501,0.03,0.09
51502,0.18,0.35
51503,0.1,0.53
51504,0.05,0.51
51505,0.06,0.28
51506,0.14,0.62
51507,0.05,0.06
51508,0.03,0.23
51509,0.02,0.13
51510,0.28,0.53
51511,0.09,0.15
51512,0.3,0.88
51513,0.37,0.45
51514,0.2,0.48
51515,0.31,0.89
51516,0.18,0.55
51517,0.3,0.8
51518,0.47,0.85
51519,0.13,0.3
51520,0.15,0.34
51521,0.39,0.68
51522,0.54,0.81
51523,0.37,0.87
51524,0.0,0.02
51525,0.22,0.46
51526,0.57,0.73
51527,0.64,0.45
51528,0.14,0.31
51529,0.18,0.39
51530,0.07,0.44
51531,0.17,0.87
51532,0.4,0.65
51533,0.11,0.4
51534,0.42,0.51
51535,0.4,0.69
51536,0.47,0.6
51537,0.15,0.89
51538,0.13,0.63
51539,0.08,0.81
51540,0.04,0.43
51541,0.2,0.4
51542,0.03,0.2
51543,0.04,0.09
51544,0.19,0.9
51545,0.09,0.91
51546,0.16,0.34
51547,0.6,0.77
51548,0.12,0.75
51549,0.03,0.12
51550,0.09,0.72
51551,0.47,0.52
51552,0.02,0.04
51553,0.19,0.53
51554,0.14,0.14
51555,0.02,0.04
51556,0.73,0.85
51557,0.04,0.11
51558,0.15,0.7
51559,0.12,0.66
51560,0.1,0.33
51561,0.02,0.56
51562,0.12,0.26
51563,0.42,0.73
51564,0.07,0.08
51565,0.08,0.8
51566,0.07,0.34
51567,0.22,0.23
51568,0.71,0.6
51569,0.1,0.07
51570,0.7,0.85
51571,0.42,0.7
51572,0.08,0.28
51573,0.11,0.79
51574,0.13,0.28
51575,0.08,0.86
51576,0.18,0.84
51577,0.07,0.26
51578,0.61,0.84
51579,0.67,0.89
51580,0.23,0.71
51581,0.01,0.09
51582,0.1,0.57
51583,0.21,0.75
51584,0.21,0.6
51585,0.13,0.75
51586,0.67,0.85
51587,0.26,0.31
51588,0.11,0.31
51589,0.27,0.9
51590,0.2,0.87
51591,0.14,0.2
51592,0.17,0.16
51593,0.33,0.38
51594,0.07,0.52
51595,0.37,0.55
51596,0.2,0.46
51597,0.41,0.8
51598,0.09,0.19
51599,0.54,0.9
51600,0.23,0.28
51601,0.15,0.32
51602,0.04,0.15
51603,0.08,0.67
51604,0.55,0.79
51605,0.11,0.11
51606,0.1,0.3
51607,0.76,0.91
51608,0.24,0.4
51609,0.31,0.77
51610,0.06,0.34
51611,0.36,0.74
51612,0.46,0.8
51613,0.7,0.86
51614,0.01,0.06
51615,0.39,0.58
51616,0.12,0.83
51617,0.16,0.42
51618,0.03,0.24
51619,0.08,0.86
51620,0.41,0.69
51621,0.06,0.17
51622,0.38,0.83
51623,0.03,0.39
51624,0.07,0.74
51625,0.22,0.64
51626,0.19,0.89
51627,0.75,0.94
51628,0.0,0.07
51629,0.09,0.84
51630,0.16,0.17
51631,0.07,0.72
51632,0.38,0.35
51633,0.32,0.75
51634,0.03,0.06
51635,0.05,0.31
51636,0.38,0.7
51637,0.05,0.51
51638,0.06,0.51
51639,0.17,0.35
51640,0.41,0.74
51641,0.71,0.92
51642,0.23,0.42
51643,0.04,0.31
51644,0.23,0.46
51645,0.4,0.62
51646,0.13,0.55
51647,0.1,0.12
51648,0.4,0.45
51649,0.06,0.15
51650,0.26,0.87
51651,0.35,0.84
51652,0.16,0.62
51653,0.03,0.26
51654,0.51,0.41
51655,0.62,0.9
51656,0.11,0.5
51657,0.1,0.22
51658,0.09,0.07
51659,0.07,0.3
51660,0.09,0.08
51661,0.09,0.62
51662,0.28,0.78
51663,0.39,0.82
51664,0.28,0.81
51665,0.24,0.62
51666,0.24,0.4
51667,0.63,0.91
51668,0.57,0.62
51669,0.28,0.51
51670,0.46,0.78
51671,0.13,0.34
51672,0.53,0.8
51673,0.16,0.22
51674,0.2,0.32
51675,0.1,0.65
51676,0.65,0.79
51677,0.1,0.22
51678,0.73,0.93
51679,0.21,0.43
51680,0.27,0.36
51681,0.09,0.86
51682,0.03,0.11
51683,0.04,0.27
51684,0.49,0.83
51685,0.14,0.64
51686,0.03,0.88
51687,0.11,0.27
51688,0.35,0.81
51689,0.38,0.44
51690,0.12,0.43
51691,0.08,0.33
51692,0.08,0.18
51693,0.09,0.11
51694,0.07,0.08
51695,0.07,0.5
51696,0.05,0.15
51697,0.01,0.11
51698,0.36,0.79
51699,0.01,0.1
51700,0.2,0.86
51701,0.38,0.74
51702,0.2,0.13
51703,0.87,0.83
51704,0.13,0.92
51705,0.09,0.18
51706,0.04,0.2
51707,0.19,0.15
51708,0.04,0.92
51709,0.13,0.5
51710,0.14,0.33
51711,0.3,0.38
51712,0.14,0.86
51713,0.01,0.16
51714,0.04,0.21
51715,0.08,0.36
51716,0.15,0.59
51717,0.52,0.69
51718,0.02,0.07
51719,0.1,0.17
51720,0.37,0.43
51721,0.36,0.77
51722,0.94,0.99
51723,0.63,0.64
51724,0.4,0.65
51725,0.04,0.43
51726,0.31,0.5
51727,0.43,0.71
51728,0.06,0.22
51729,0.45,0.76
51730,0.11,0.69
51731,0.03,0.14
51732,0.04,0.12
51733,0.44,0.82
51734,0.16,0.4
51735,0.22,0.51
51736,0.43,0.66
51737,0.22,0.88
51738,0.07,0.01
51739,0.42,0.82
51740,0.02,0.05
51741,0.0,0.14
51742,0.19,0.42
51743,0.08,0.43
51744,0.06,0.52
51745,0.52,0.62
51746,0.08,0.28
51747,0.24,0.54
51748,0.15,0.39
51749,0.16,0.31
51750,0.04,0.37
51751,0.05,0.09
51752,0.13,0.45
51753,0.08,0.94
51754,0.47,0.53
51755,0.03,0.05
51756,0.05,0.45
51757,0.24,0.46
51758,0.5,0.82
51759,0.15,0.48
51760,0.13,0.68
51761,0.2,0.6
51762,0.73,0.99
51763,0.09,0.59
51764,0.05,0.25
51765,0.27,0.72
51766,0.01,0.02
51767,0.19,0.93
51768,0.06,0.08
51769,0.59,0.69
51770,0.66,0.79
51771,0.08,0.33
51772,0.87,0.97
51773,0.33,0.88
51774,0.39,0.94
51775,0.11,0.5
51776,0.06,0.12
51777,0.17,0.36
51778,0.7,0.9
51779,0.16,0.27
51780,0.06,0.42
51781,0.1,0.18
51782,0.21,0.79
51783,0.02,0.12
51784,0.21,0.5
51785,0.03,0.11
51786,0.03,0.03
51787,0.07,0.56
51788,0.22,0.21
51789,0.45,0.55
51790,0.44,0.48
51791,0.09,0.52
51792,0.1,0.62
51793,0.13,0.11
51794,0.5,0.91
51795,0.04,0.88
51796,0.16,0.64
51797,0.04,0.33
51798,0.51,0.82
51799,0.08,0.75
51800,0.26,0.37
51801,0.08,0.34
51802,0.13,0.83
51803,0.5,0.76
51804,0.42,0.63
51805,0.03,0.14
51806,0.03,0.46
51807,0.07,0.49
51808,0.34,0.86
51809,0.17,0.82
51810,0.09,0.16
51811,0.58,0.65
51812,0.09,0.36
51813,0.23,0.44
51814,0.14,0.73
51815,0.28,0.38
51816,0.23,0.39
51817,0.09,0.23
51818,0.25,0.22
51819,0.1,0.25
51820,0.16,0.55
51821,0.02,0.21
51822,0.2,0.24
51823,0.01,0.05
51824,0.13,0.5
51825,0.2,0.61
51826,0.09,0.12
51827,0.07,0.14
51828,0.07,0.19
51829,0.02,0.34
51830,0.45,0.72
51831,0.23,0.2
51832,0.03,0.15
51833,0.17,0.43
51834,0.22,0.59
51835,0.1,0.33
51836,0.3,0.42
51837,0.32,0.48
51838,0.11,0.15
51839,0.36,0.25
51840,0.21,0.43
51841,0.21,0.78
51842,0.12,0.32
51843,0.67,0.66
51844,0.09,0.21
51845,0.04,0.22
51846,0.04,0.01
51847,0.18,0.18
51848,0.07,0.85
51849,0.04,0.13
51850,0.21,0.52
51851,0.16,0.28
51852,0.22,0.72
51853,0.11,0.25
51854,0.35,0.64
51855,0.09,0.86
51856,0.29,0.67
51857,0.06,0.32
51858,0.56,0.95
51859,0.36,0.61
51860,0.13,0.8
51861,0.61,0.93
51862,0.13,0.33
51863,0.11,0.11
51864,0.67,0.89
51865,0.12,0.61
51866,0.41,0.7
51867,0.09,0.41
51868,0.13,0.14
51869,0.02,0.25
51870,0.24,0.79
51871,0.14,0.38
51872,0.51,0.7
51873,0.11,0.32
51874,0.16,0.65
51875,0.07,0.4
51876,0.08,0.64
51877,0.31,0.82
51878,0.42,0.65
51879,0.15,0.53
51880,0.25,0.74
51881,0.0,0.08
51882,0.02,0.58
51883,0.34,0.22
51884,0.21,0.33
51885,0.04,0.11
51886,0.52,0.64
51887,0.06,0.12
51888,0.0,0.08
51889,0.08,0.12
51890,0.08,0.15
51891,0.73,0.98
51892,0.23,0.57
51893,0.59,0.65
51894,0.07,0.69
51895,0.06,0.07
51896,0.02,0.12
51897,0.09,0.86
51898,0.79,0.81
51899,0.26,0.73
51900,0.06,0.17
51901,0.51,0.69
51902,0.28,0.31
51903,0.43,0.63
51904,0.08,0.23
51905,0.28,0.6
51906,0.34,0.58
51907,0.06,0.36
51908,0.23,0.35
51909,0.56,0.86
51910,0.07,0.37
51911,0.12,0.8
51912,0.44,0.42
51913,0.07,0.85
51914,0.05,0.23
51915,0.14,0.13
51916,0.71,0.81
51917,0.06,0.24
51918,0.4,0.91
51919,0.31,0.47
51920,0.07,0.47
51921,0.24,0.6
51922,0.05,0.11
51923,0.1,0.87
51924,0.06,0.47
51925,0.17,0.73
51926,0.06,0.12
51927,0.06,0.11
51928,0.28,0.65
51929,0.0,0.1
51930,0.12,0.72
51931,0.12,0.07
51932,0.11,0.52
51933,0.55,0.67
51934,0.63,0.89
51935,0.1,0.11
51936,0.13,0.73
51937,0.47,0.83
51938,0.05,0.38
51939,0.12,0.34
51940,0.45,0.85
51941,0.15,0.76
51942,0.11,0.21
51943,0.47,0.74
51944,0.04,0.04
51945,0.12,0.38
51946,0.05,0.38
51947,0.07,0.83
51948,0.15,0.22
51949,0.1,0.85
51950,0.06,0.12
51951,0.03,0.43
51952,0.07,0.06
51953,0.13,0.44
51954,0.59,0.87
51955,0.22,0.46
51956,0.15,0.19
51957,0.12,0.72
51958,0.07,0.35
51959,0.57,0.59
51960,0.04,0.1
51961,0.03,0.03
51962,0.0,0.05
51963,0.12,0.19
51964,0.05,0.79
51965,0.19,0.65
51966,0.07,0.2
51967,0.05,0.13
51968,0.6,0.81
51969,0.04,0.86
51970,0.61,0.95
51971,0.06,0.14
51972,0.34,0.48
51973,0.38,0.52
51974,0.6,0.84
51975,0.04,0.17
51976,0.33,0.59
51977,0.6,0.86
51978,0.52,0.82
51979,0.15,0.72
51980,0.08,0.24
51981,0.05,0.49
51982,0.73,0.95
51983,0.52,0.72
51984,0.15,0.7
51985,0.09,0.16
51986,0.07,0.14
51987,0.06,0.48
51988,0.09,0.24
51989,0.01,0.18
51990,0.07,0.23
51991,0.07,0.73
51992,0.11,0.5
51993,0.42,0.74
51994,0.01,0.32
51995,0.08,0.18
51996,0.02,0.07
51997,0.08,0.1
51998,0.27,0.69
51999,0.19,0.89
52000,0.05,0.53
52001,0.03,0.19
52002,0.46,0.56
52003,0.76,0.91
52004,0.02,0.16
52005,0.04,0.27
52006,0.12,0.3
52007,0.07,0.13
52008,0.32,0.93
52009,0.04,0.06
52010,0.52,0.57
52011,0.01,0.15
52012,0.26,0.49
52013,0.05,0.52
52014,0.3,0.5
52015,0.09,0.15
52016,0.02,0.39
52017,0.07,0.24
52018,0.18,0.19
52019,0.22,0.49
52020,0.12,0.34
52021,0.04,0.27
52022,0.13,0.85
52023,0.15,0.8
52024,0.12,0.38
52025,0.43,0.84
52026,0.01,0.09
52027,0.19,0.37
52028,0.11,0.84
52029,0.03,0.92
52030,0.26,0.62
52031,0.07,0.61
52032,0.62,0.89
52033,0.03,0.09
52034,0.18,0.37
52035,0.05,0.63
52036,0.08,0.09
52037,0.14,0.62
52038,0.19,0.19
52039,0.08,0.34
52040,0.72,0.84
52041,0.02,0.09
52042,0.18,0.31
52043,0.06,0.14
52044,0.11,0.91
52045,0.17,0.7
52046,0.6,0.6
52047,0.34,0.45
52048,0.14,0.1
52049,0.34,0.23
52050,0.29,0.7
52051,0.21,0.3
52052,0.01,0.24
52053,0.07,0.2
52054,0.66,0.85
52055,0.1,0.56
52056,0.06,0.2
52057,0.11,0.54
52058,0.37,0.45
52059,0.3,0.34
52060,0.08,0.85
52061,0.08,0.19
52062,0.24,0.85
52063,0.11,0.9
52064,0.25,0.49
52065,0.18,0.3
52066,0.06,0.05
52067,0.05,0.14
52068,0.59,0.81
52069,0.11,0.72
52070,0.67,0.54
52071,0.05,0.14
52072,0.58,0.52
52073,0.08,0.91
52074,0.37,0.92
52075,0.06,0.16
52076,0.13,0.25
52077,0.07,0.18
52078,0.05,0.17
52079,0.16,0.43
52080,0.1,0.89
52081,0.12,0.82
52082,0.7,0.82
52083,0.1,0.23
52084,0.74,0.9
52085,0.08,0.74
52086,0.56,0.9
52087,0.02,0.24
52088,0.15,0.22
52089,0.41,0.57
52090,0.13,0.2
52091,0.2,0.33
52092,0.09,0.27
52093,0.07,0.63
52094,0.72,0.87
52095,0.01,0.07
52096,0.06,0.77
52097,0.33,0.6
52098,0.09,0.17
52099,0.39,0.78
52100,0.2,0.75
52101,0.33,0.61
52102,0.09,0.35
52103,0.03,0.29
52104,0.21,0.36
52105,0.15,0.74
52106,0.17,0.61
52107,0.2,0.34
52108,0.11,0.22
52109,0.16,0.8
52110,0.32,0.4
52111,0.09,0.28
52112,0.07,0.13
52113,0.02,0.08
52114,0.14,0.36
52115,0.08,0.38
52116,0.1,0.2
52117,0.15,0.15
52118,0.02,0.08
52119,0.01,0.24
52120,0.15,0.45
52121,0.16,0.49
52122,0.12,0.07
52123,0.13,0.27
52124,0.14,0.72
52125,0.36,0.55
52126,0.11,0.63
52127,0.14,0.65
52128,0.06,0.11
52129,0.24,0.42
52130,0.1,0.33
52131,0.3,0.63
52132,0.3,0.48
52133,0.08,0.71
52134,0.11,0.37
52135,0.03,0.88
52136,0.04,0.09
52137,0.23,0.78
52138,0.75,0.92
52139,0.11,0.11
52140,0.03,0.08
52141,0.12,0.46
52142,0.26,0.27
52143,0.13,0.91
52144,0.15,0.89
52145,0.44,0.86
52146,0.15,0.48
52147,0.29,0.84
52148,0.06,0.28
52149,0.11,0.25
52150,0.34,0.45
52151,0.1,0.93
52152,0.04,0.81
52153,0.28,0.61
52154,0.17,0.38
52155,0.07,0.58
52156,0.04,0.89
52157,0.38,0.48
52158,0.55,0.87
52159,0.61,0.41
52160,0.3,0.53
52161,0.09,0.08
52162,0.19,0.31
52163,0.3,0.51
52164,0.42,0.83
52165,0.08,0.91
52166,0.31,0.4
52167,0.17,0.14
52168,0.17,0.64
52169,0.09,0.09
52170,0.0,0.11
52171,0.24,0.77
52172,0.16,0.36
52173,0.04,0.13
52174,0.63,0.91
52175,0.22,0.47
52176,0.4,0.38
52177,0.39,0.81
52178,0.64,0.86
52179,0.18,0.67
52180,0.08,0.17
52181,0.16,0.54
52182,0.02,0.12
52183,0.63,0.89
52184,0.31,0.5
52185,0.05,0.1
52186,0.38,0.57
52187,0.19,0.59
52188,0.12,0.25
52189,0.04,0.04
52190,0.03,0.14
52191,0.09,0.82
52192,0.34,0.51
52193,0.27,0.61
52194,0.31,0.63
52195,0.38,0.76
52196,0.09,0.19
52197,0.46,0.53
52198,0.0,0.08
52199,0.02,0.08
52200,0.24,0.7
52201,0.14,0.5
52202,0.05,0.35
52203,0.08,0.08
52204,0.04,0.06
52205,0.09,0.33
52206,0.06,0.16
52207,0.05,0.87
52208,0.1,0.17
52209,0.33,0.58
52210,0.13,0.28
52211,0.63,0.8
52212,0.13,0.14
52213,0.05,0.12
52214,0.67,0.96
52215,0.13,0.23
52216,0.07,0.07
52217,0.05,0.46
52218,0.1,0.13
52219,0.15,0.72
52220,0.03,0.19
52221,0.02,0.21
52222,0.22,0.58
52223,0.15,0.13
52224,0.55,0.92
52225,0.29,0.59
52226,0.2,0.54
52227,0.35,0.5
52228,0.05,0.2
52229,0.07,0.17
52230,0.5,0.33
52231,0.03,0.15
52232,0.15,0.42
52233,0.3,0.81
52234,0.08,0.21
52235,0.28,0.39
52236,0.2,0.69
52237,0.15,0.5
52238,0.29,0.38
52239,0.62,0.82
52240,0.17,0.2
52241,0.07,0.87
52242,0.33,0.67
52243,0.23,0.36
52244,0.63,0.76
52245,0.07,0.22
52246,0.62,0.9
52247,0.46,0.78
52248,0.71,0.88
52249,0.19,0.51
52250,0.44,0.52
52251,0.12,0.91
52252,0.12,0.33
52253,0.05,0.14
52254,0.07,0.42
52255,0.23,0.4
52256,0.27,0.73
52257,0.2,0.88
52258,0.06,0.72
52259,0.09,0.18
52260,0.09,0.25
52261,0.13,0.25
52262,0.04,0.54
52263,0.17,0.63
52264,0.23,0.55
52265,0.02,0.1
52266,0.5,0.49
52267,0.16,0.08
52268,0.1,0.68
52269,0.08,0.85
52270,0.03,0.08
52271,0.3,0.74
52272,0.04,0.3
52273,0.19,0.21
52274,0.04,0.06
52275,0.08,0.26
52276,0.18,0.73
52277,0.09,0.78
52278,0.07,0.15
52279,0.14,0.23
52280,0.7,0.89
52281,0.04,0.23
52282,0.38,0.5
52283,0.11,0.32
52284,0.11,0.47
52285,0.09,0.13
52286,0.22,0.41
52287,0.09,0.58
52288,0.39,0.52
52289,0.01,0.06
52290,0.58,0.9
52291,0.08,0.19
52292,0.32,0.68
52293,0.11,0.43
52294,0.06,0.18
52295,0.43,0.88
52296,0.12,0.68
52297,0.04,0.11
52298,0.1,0.83
52299,0.08,0.18
52300,0.2,0.77
52301,0.16,0.29
52302,0.3,0.7
52303,0.09,0.35
52304,0.03,0.25
52305,0.1,0.9
52306,0.47,0.72
52307,0.1,0.57
52308,0.24,0.58
52309,0.55,0.69
52310,0.45,0.75
52311,0.08,0.14
52312,0.3,0.49
52313,0.19,0.64
52314,0.05,0.1
52315,0.4,0.81
52316,0.16,0.79
52317,0.15,0.89
52318,0.02,0.02
52319,0.16,0.4
52320,0.3,0.7
52321,0.16,0.15
52322,0.08,0.26
52323,0.18,0.55
52324,0.19,0.5
52325,0.42,0.83
52326,0.31,0.6
52327,0.13,0.18
52328,0.11,0.67
52329,0.25,0.36
52330,0.1,0.83
52331,0.48,0.77
52332,0.17,0.57
52333,0.07,0.14
52334,0.43,0.63
52335,0.1,0.13
52336,0.28,0.44
52337,0.2,0.19
52338,0.03,0.08
52339,0.36,0.59
52340,0.21,0.52
52341,0.05,0.23
52342,0.19,0.21
52343,0.08,0.2
52344,0.46,0.58
52345,0.4,0.41
52346,0.41,0.89
52347,0.14,0.53
52348,0.12,0.51
52349,0.23,0.68
52350,0.19,0.64
52351,0.05,0.07
52352,0.02,0.6
52353,0.29,0.33
52354,0.15,0.31
52355,0.02,0.05
52356,0.29,0.97
52357,0.03,0.19
52358,0.04,0.14
52359,0.12,0.19
52360,0.25,0.45
52361,0.07,0.78
52362,0.06,0.27
52363,0.07,0.11
52364,0.01,0.09
52365,0.1,0.33
52366,0.03,0.12
52367,0.16,0.08
52368,0.48,0.79
52369,0.38,0.76
52370,0.1,0.11
52371,0.55,0.5
52372,0.19,0.52
52373,0.09,0.28
52374,0.37,0.75
52375,0.07,0.48
52376,0.3,0.86
52377,0.02,0.12
52378,0.03,0.09
52379,0.11,0.44
52380,0.17,0.55
52381,0.06,0.19
52382,0.6,0.75
52383,0.03,0.18
52384,0.65,0.98
52385,0.26,0.16
52386,0.16,0.64
52387,0.17,0.15
52388,0.39,0.73
52389,0.14,0.49
52390,0.09,0.66
52391,0.06,0.83
52392,0.14,0.32
52393,0.37,0.74
52394,0.49,0.7
52395,0.01,0.43
52396,0.04,0.25
52397,0.79,0.8
52398,0.12,0.45
52399,0.14,0.33
52400,0.05,0.79
52401,0.06,0.24
52402,0.19,0.36
52403,0.41,0.56
52404,0.18,0.77
52405,0.34,0.71
52406,0.03,0.77
52407,0.27,0.34
52408,0.18,0.66
52409,0.16,0.77
52410,0.3,0.56
52411,0.09,0.13
52412,0.02,0.13
52413,0.2,0.19
52414,0.08,0.11
52415,0.01,0.24
52416,0.1,0.55
52417,0.08,0.63
52418,0.55,0.95
52419,0.1,0.6
52420,0.02,0.09
52421,0.29,0.6
52422,0.14,0.27
52423,0.36,0.56
52424,0.19,0.79
52425,0.05,0.79
52426,0.33,0.34
52427,0.59,0.78
52428,0.06,0.15
52429,0.47,0.55
52430,0.06,0.25
52431,0.44,0.32
52432,0.02,0.12
52433,0.06,0.76
52434,0.32,0.48
52435,0.28,0.17
52436,0.11,0.21
52437,0.12,0.26
52438,0.26,0.33
52439,0.05,0.47
52440,0.1,0.22
52441,0.06,0.09
52442,0.09,0.73
52443,0.06,0.15
52444,0.59,0.94
52445,0.06,0.54
52446,0.38,0.51
52447,0.02,0.28
52448,0.27,0.27
52449,0.55,0.58
52450,0.14,0.84
52451,0.6,0.84
52452,0.24,0.24
52453,0.1,0.62
52454,0.45,0.37
52455,0.68,0.79
52456,0.61,0.88
52457,0.17,0.42
52458,0.17,0.24
52459,0.15,0.71
52460,0.03,0.17
52461,0.32,0.28
52462,0.12,0.21
52463,0.06,0.12
52464,0.01,0.07
52465,0.52,0.99
52466,0.11,0.54
52467,0.28,0.51
52468,0.31,0.51
52469,0.05,0.13
52470,0.19,0.61
52471,0.22,0.23
52472,0.03,0.04
52473,0.4,0.81
52474,0.25,0.39
52475,0.92,0.95
52476,0.68,0.87
52477,0.1,0.34
52478,0.02,0.07
52479,0.01,0.03
52480,0.18,0.13
52481,0.48,0.83
52482,0.17,0.6
52483,0.48,0.79
52484,0.34,0.54
52485,0.23,0.34
52486,0.12,0.19
52487,0.12,0.26
52488,0.27,0.49
52489,0.41,0.77
52490,0.57,0.9
52491,0.69,0.79
52492,0.13,0.19
52493,0.23,0.91
52494,0.59,0.74
52495,0.06,0.1
52496,0.59,0.85
52497,0.29,0.52
52498,0.0,0.95
52499,0.07,0.38
52500,0.18,0.55
52501,0.08,0.23
52502,0.19,0.52
52503,0.09,0.44
52504,0.07,0.14
52505,0.07,0.53
52506,0.23,0.36
52507,0.1,0.23
52508,0.65,0.88
52509,0.08,0.31
52510,0.08,0.08
52511,0.43,0.58
52512,0.09,0.12
52513,0.12,0.75
52514,0.69,0.61
52515,0.04,0.11
52516,0.02,0.09
52517,0.1,0.89
52518,0.23,0.53
52519,0.42,0.83
52520,0.39,0.65
52521,0.0,0.07
52522,0.04,0.16
52523,0.35,0.68
52524,0.25,0.38
52525,0.55,0.83
52526,0.08,0.07
52527,0.68,0.91
52528,0.09,0.61
52529,0.18,0.68
52530,0.03,0.12
52531,0.38,0.73
52532,0.19,0.59
52533,0.1,0.18
52534,0.07,0.73
52535,0.27,0.34
52536,0.23,0.25
52537,0.2,0.84
52538,0.01,0.13
52539,0.01,0.9
52540,0.15,0.83
52541,0.1,0.28
52542,0.11,0.25
52543,0.05,0.14
52544,0.17,0.27
52545,0.16,0.37
52546,0.48,0.69
52547,0.03,0.09
52548,0.23,0.53
52549,0.33,0.71
52550,0.13,0.28
52551,0.26,0.3
52552,0.14,0.52
52553,0.15,0.94
52554,0.75,0.57
52555,0.17,0.24
52556,0.16,0.79
52557,0.07,0.12
52558,0.21,0.35
52559,0.05,0.1
52560,0.09,0.12
52561,0.2,0.31
52562,0.11,0.16
52563,0.69,0.95
52564,0.01,0.15
52565,0.03,0.08
52566,0.08,0.89
52567,0.05,0.23
52568,0.15,0.68
52569,0.39,0.54
52570,0.07,0.17
52571,0.44,0.62
52572,0.38,0.26
52573,0.11,0.67
52574,0.12,0.3
52575,0.67,0.85
52576,0.1,0.4
52577,0.15,0.44
52578,0.42,0.71
52579,0.4,0.47
52580,0.13,0.93
52581,0.79,0.79
52582,0.1,0.21
52583,0.17,0.59
52584,0.14,0.51
52585,0.07,0.6
52586,0.26,0.38
52587,0.16,0.17
52588,0.06,0.2
52589,0.13,0.47
52590,0.04,0.28
52591,0.07,0.1
52592,0.42,0.62
52593,0.0,0.14
52594,0.03,0.04
52595,0.19,0.22
52596,0.04,0.28
52597,0.32,0.68
52598,0.72,0.84
52599,0.3,0.34
52600,0.13,0.91
52601,0.06,0.09
52602,0.01,0.13
52603,0.01,0.65
52604,0.36,0.42
52605,0.09,0.64
52606,0.25,0.58
52607,0.12,0.75
52608,0.08,0.44
52609,0.04,0.32
52610,0.52,0.71
52611,0.15,0.7
52612,0.16,0.22
52613,0.06,0.4
52614,0.63,0.92
52615,0.17,0.54
52616,0.23,0.46
52617,0.16,0.29
52618,0.01,0.14
52619,0.07,0.22
52620,0.25,0.3
52621,0.27,0.77
52622,0.02,0.07
52623,0.17,0.36
52624,0.23,0.53
52625,0.05,0.07
52626,0.4,0.74
52627,0.05,0.17
52628,0.03,0.26
52629,0.08,0.1
52630,0.49,0.7
52631,0.67,0.81
52632,0.06,0.6
52633,0.14,0.19
52634,0.09,0.07
52635,0.06,0.06
52636,0.1,0.3
52637,0.26,0.72
52638,0.19,0.81
52639,0.08,0.67
52640,0.23,0.61
52641,0.23,0.91
52642,0.43,0.3
52643,0.2,0.5
52644,0.06,0.38
52645,0.11,0.2
52646,0.07,0.12
52647,0.57,0.82
52648,0.19,0.41
52649,0.14,0.63
52650,0.06,0.08
52651,0.14,0.81
52652,0.1,0.38
52653,0.19,0.79
52654,0.28,0.66
52655,0.44,0.26
52656,0.09,0.11
52657,0.13,0.31
52658,0.62,0.46
52659,0.17,0.43
52660,0.56,0.79
52661,0.02,0.09
52662,0.2,0.32
52663,0.1,0.29
52664,0.11,0.13
52665,0.21,0.5
52666,0.09,0.18
52667,0.05,0.39
52668,0.13,0.83
52669,0.24,0.31
52670,0.15,0.46
52671,0.25,0.48
52672,0.04,0.07
52673,0.08,0.3
52674,0.32,0.58
52675,0.04,0.27
52676,0.18,0.17
52677,0.38,0.54
52678,0.7,0.85
52679,0.08,0.11
52680,0.0,0.2
52681,0.43,0.93
52682,0.05,0.12
52683,0.05,0.11
52684,0.28,0.33
52685,0.09,0.61
52686,0.09,0.51
52687,0.17,0.18
52688,0.05,0.08
52689,0.5,0.61
52690,0.58,0.69
52691,0.33,0.66
52692,0.06,0.56
52693,0.23,0.96
52694,0.15,0.57
52695,0.9,0.94
52696,0.17,0.25
52697,0.19,0.77
52698,0.2,0.29
52699,0.05,0.07
52700,0.19,0.41
52701,0.11,0.16
52702,0.31,0.29
52703,0.46,0.67
52704,0.44,0.58
52705,0.02,0.21
52706,0.05,0.8
52707,0.72,0.87
52708,0.19,0.37
52709,0.03,0.28
52710,0.01,0.09
52711,0.01,0.11
52712,0.05,0.07
52713,0.04,0.24
52714,0.11,0.33
52715,0.01,0.04
52716,0.75,0.97
52717,0.1,0.66
52718,0.48,0.21
52719,0.19,0.69
52720,0.58,0.71
52721,0.16,0.74
52722,0.09,0.11
52723,0.04,0.24
52724,0.05,0.09
52725,0.04,0.09
52726,0.33,0.67
52727,0.59,0.61
52728,0.06,0.22
52729,0.14,0.06
52730,0.11,0.24
52731,0.12,0.78
52732,0.36,0.81
52733,0.18,0.68
52734,0.05,0.65
52735,0.15,0.78
52736,0.57,0.95
52737,0.26,0.55
52738,0.5,0.45
52739,0.09,0.57
52740,0.11,0.14
52741,0.03,0.13
52742,0.31,0.31
52743,0.29,0.52
52744,0.01,0.18
52745,0.65,0.85
52746,0.08,0.51
52747,0.1,0.75
52748,0.01,0.09
52749,0.69,0.76
52750,0.5,0.87
52751,0.13,0.77
52752,0.07,0.47
52753,0.66,0.76
52754,0.06,0.09
52755,0.29,0.63
52756,0.11,0.76
52757,0.15,0.58
52758,0.5,0.73
52759,0.03,0.07
52760,0.13,0.55
52761,0.11,0.2
52762,0.23,0.78
52763,0.17,0.2
52764,0.11,0.23
52765,0.1,0.89
52766,0.56,0.65
52767,0.15,0.18
52768,0.17,0.16
52769,0.04,0.42
52770,0.05,0.14
52771,0.12,0.26
52772,0.21,0.55
52773,0.03,0.32
52774,0.54,0.86
52775,0.16,0.7
52776,0.22,0.59
52777,0.06,0.73
52778,0.1,0.17
52779,0.81,0.86
52780,0.03,0.34
52781,0.14,0.4
52782,0.35,0.5
52783,0.21,0.68
52784,0.5,0.84
52785,0.92,0.9
52786,0.07,0.11
52787,0.07,0.89
52788,0.47,0.62
52789,0.89,0.94
52790,0.53,0.67
52791,0.11,0.68
52792,0.24,0.41
52793,0.03,0.91
52794,0.29,0.73
52795,0.17,0.19
52796,0.68,0.92
52797,0.07,0.74
52798,0.24,0.42
52799,0.08,0.25
52800,0.41,0.64
52801,0.5,0.54
52802,0.05,0.12
52803,0.24,0.28
52804,0.11,0.41
52805,0.0,0.03
52806,0.21,0.45
52807,0.05,0.26
52808,0.15,0.15
52809,0.22,0.31
52810,0.05,0.15
52811,0.05,0.07
52812,0.08,0.35
52813,0.09,0.63
52814,0.14,0.83
52815,0.5,0.69
52816,0.66,0.89
52817,0.52,0.72
52818,0.13,0.2
52819,0.15,0.95
52820,0.0,0.06
52821,0.02,0.06
52822,0.15,0.22
52823,0.22,0.64
52824,0.12,0.13
52825,0.55,0.71
52826,0.19,0.67
52827,0.07,0.58
52828,0.05,0.29
52829,0.54,0.9
52830,0.88,0.91
52831,0.81,0.88
52832,0.16,0.26
52833,0.55,0.7
52834,0.03,0.82
52835,0.5,0.83
52836,0.03,0.42
52837,0.56,0.84
52838,0.24,0.69
52839,0.11,0.69
52840,0.21,0.32
52841,0.0,0.12
52842,0.02,0.05
52843,0.11,0.95
52844,0.43,0.44
52845,0.3,0.37
52846,0.23,0.62
52847,0.07,0.92
52848,0.04,0.91
52849,0.23,0.5
52850,0.11,0.1
52851,0.22,0.51
52852,0.32,0.66
52853,0.28,0.86
52854,0.46,0.77
52855,0.01,0.94
52856,0.18,0.37
52857,0.07,0.17
52858,0.29,0.61
52859,0.15,0.5
52860,0.26,0.69
52861,0.02,0.11
52862,0.11,0.23
52863,0.24,0.36
52864,0.48,0.43
52865,0.11,0.48
52866,0.32,0.56
52867,0.06,0.14
52868,0.43,0.69
52869,0.08,0.28
52870,0.48,0.67
52871,0.03,0.52
52872,0.07,0.23
52873,0.19,0.19
52874,0.17,0.39
52875,0.29,0.52
52876,0.09,0.07
52877,0.02,0.12
52878,0.57,0.75
52879,0.18,0.35
52880,0.16,0.87
52881,0.29,0.72
52882,0.13,0.15
52883,0.07,0.17
52884,0.03,0.05
52885,0.19,0.45
52886,0.08,0.34
52887,0.08,0.81
52888,0.03,0.14
52889,0.47,0.94
52890,0.3,0.39
52891,0.1,0.19
52892,0.05,0.16
52893,0.56,0.46
52894,0.4,0.64
52895,0.05,0.08
52896,0.19,0.79
52897,0.04,0.18
52898,0.27,0.58
52899,0.22,0.67
52900,0.19,0.65
52901,0.66,0.87
52902,0.17,0.51
52903,0.47,0.62
52904,0.02,0.06
52905,0.05,0.4
52906,0.03,0.64
52907,0.3,0.59
52908,0.14,0.43
52909,0.54,0.8
52910,0.02,0.12
52911,0.12,0.93
52912,0.01,0.1
52913,0.15,0.3
52914,0.2,0.45
52915,0.09,0.24
52916,0.27,0.46
52917,0.17,0.64
52918,0.08,0.2
52919,0.51,0.6
52920,0.51,0.9
52921,0.48,0.78
52922,0.08,0.26
52923,0.13,0.12
52924,0.66,0.91
52925,0.11,0.28
52926,0.28,0.39
52927,0.03,0.35
52928,0.16,0.59
52929,0.51,0.51
52930,0.56,0.74
52931,0.06,0.26
52932,0.05,0.24
52933,0.12,0.46
52934,0.39,0.52
52935,0.56,0.28
52936,0.48,0.68
52937,0.08,0.08
52938,0.08,0.85
52939,0.08,0.25
52940,0.06,0.81
52941,0.1,0.78
52942,0.09,0.21
52943,0.53,0.41
52944,0.11,0.77
52945,0.15,0.16
52946,0.27,0.23
52947,0.1,0.72
52948,0.28,0.44
52949,0.1,0.73
52950,0.36,0.69
52951,0.21,0.31
52952,0.13,0.38
52953,0.16,0.91
52954,0.1,0.58
52955,0.14,0.38
52956,0.27,0.89
52957,0.4,0.4
52958,0.03,0.07
52959,0.12,0.39
52960,0.06,0.14
52961,0.48,0.6
52962,0.34,0.68
52963,0.05,0.13
52964,0.67,0.86
52965,0.1,0.43
52966,0.06,0.11
52967,0.07,0.1
52968,0.17,0.39
52969,0.19,0.29
52970,0.13,0.52
52971,0.26,0.54
52972,0.11,0.21
52973,0.18,0.52
52974,0.67,0.94
52975,0.04,0.06
52976,0.1,0.28
52977,0.38,0.78
52978,0.21,0.88
52979,0.02,0.08
52980,0.12,0.35
52981,0.41,0.91
52982,0.06,0.06
52983,0.38,0.44
52984,0.26,0.17
52985,0.33,0.47
52986,0.69,0.91
52987,0.42,0.79
52988,0.44,0.59
52989,0.05,0.29
52990,0.06,0.65
52991,0.1,0.23
52992,0.03,0.74
52993,0.3,0.55
52994,0.25,0.6
52995,0.37,0.79
52996,0.1,0.2
52997,0.21,0.55
52998,0.19,0.89
52999,0.15,0.41
53000,0.45,0.35
53001,0.06,0.11
53002,0.21,0.84
53003,0.08,0.42
53004,0.14,0.26
53005,0.39,0.74
53006,0.11,0.59
53007,0.27,0.46
53008,0.1,0.14
53009,0.06,0.13
53010,0.24,0.4
53011,0.07,0.76
53012,0.08,0.52
53013,0.25,0.63
53014,0.19,0.3
53015,0.08,0.85
53016,0.07,0.14
53017,0.17,0.53
53018,0.22,0.26
53019,0.38,0.64
53020,0.27,0.77
53021,0.55,0.56
53022,0.28,0.67
53023,0.14,0.72
53024,0.55,0.83
53025,0.14,0.93
53026,0.18,0.44
53027,0.09,0.25
53028,0.08,0.48
53029,0.08,0.34
53030,0.23,0.19
53031,0.27,0.17
53032,0.14,0.62
53033,0.04,0.25
53034,0.05,0.06
53035,0.08,0.42
53036,0.27,0.39
53037,0.09,0.26
53038,0.18,0.46
53039,0.12,0.65
53040,0.08,0.06
53041,0.29,0.36
53042,0.05,0.53
53043,0.07,0.2
53044,0.14,0.81
53045,0.07,0.08
53046,0.06,0.1
53047,0.08,0.19
53048,0.01,0.27
53049,0.2,0.26
53050,0.87,0.96
53051,0.13,0.19
53052,0.49,0.77
53053,0.3,0.47
53054,0.29,0.44
53055,0.08,0.69
53056,0.09,0.31
53057,0.09,0.59
53058,0.16,0.43
53059,0.38,0.55
53060,0.1,0.72
53061,0.73,0.97
53062,0.19,0.78
53063,0.11,0.23
53064,0.09,0.23
53065,0.62,0.78
53066,0.04,0.12
53067,0.22,0.27
53068,0.04,0.43
53069,0.39,0.49
53070,0.18,0.29
53071,0.01,0.78
53072,0.07,0.84
53073,0.02,0.08
53074,0.07,0.65
53075,0.0,0.14
53076,0.14,0.14
53077,0.28,0.75
53078,0.33,0.43
53079,0.07,0.53
53080,0.2,0.4
53081,0.13,0.35
53082,0.03,0.1
53083,0.22,0.31
53084,0.08,0.74
53085,0.74,0.99
53086,0.26,0.63
53087,0.39,0.42
53088,0.35,0.68
53089,0.15,0.12
53090,0.08,0.17
53091,0.55,0.51
53092,0.13,0.09
53093,0.39,0.48
53094,0.75,0.95
53095,0.2,0.56
53096,0.58,0.68
53097,0.9,0.98
53098,0.05,0.22
53099,0.46,0.26
53100,0.28,0.48
53101,0.26,0.5
53102,0.49,0.9
53103,0.03,0.22
53104,0.27,0.17
53105,0.04,0.21
53106,0.16,0.27
53107,0.06,0.19
53108,0.02,0.02
53109,0.04,0.14
53110,0.62,0.8
53111,0.48,0.73
53112,0.06,0.07
53113,0.31,0.76
53114,0.02,0.79
53115,0.02,0.01
53116,0.02,0.11
53117,0.16,0.46
53118,0.19,0.66
53119,0.11,0.17
53120,0.23,0.74
53121,0.22,0.2
53122,0.16,0.33
53123,0.3,0.34
53124,0.09,0.12
53125,0.4,0.75
53126,0.04,0.05
53127,0.02,0.16
53128,0.46,0.77
53129,0.06,0.2
53130,0.28,0.31
53131,0.33,0.4
53132,0.03,0.09
53133,0.21,0.41
53134,0.29,0.76
53135,0.41,0.61
53136,0.01,0.28
53137,0.09,0.51
53138,0.52,0.48
53139,0.19,0.55
53140,0.03,0.07
53141,0.02,0.04
53142,0.01,0.11
53143,0.15,0.55
53144,0.58,0.7
53145,0.08,0.42
53146,0.3,0.66
53147,0.1,0.17
53148,0.22,0.92
53149,0.11,0.39
53150,0.04,0.75
53151,0.42,0.76
53152,0.17,0.94
53153,0.16,0.49
53154,0.42,0.45
53155,0.0,0.08
53156,0.68,0.65
53157,0.15,0.21
53158,0.15,0.39
53159,0.18,0.82
53160,0.13,0.4
53161,0.1,0.87
53162,0.13,0.31
53163,0.32,0.62
53164,0.02,0.01
53165,0.14,0.63
53166,0.22,0.41
53167,0.29,0.46
53168,0.54,0.9
53169,0.02,0.02
53170,0.15,0.94
53171,0.06,0.33
53172,0.31,0.89
53173,0.06,0.27
53174,0.08,0.86
53175,0.46,0.65
53176,0.17,0.3
53177,0.16,0.93
53178,0.11,0.26
53179,0.12,0.14
53180,0.06,0.05
53181,0.14,0.28
53182,0.21,0.6
53183,0.54,0.89
53184,0.24,0.3
53185,0.05,0.1
53186,0.02,0.14
53187,0.02,0.47
53188,0.39,0.69
53189,0.1,0.14
53190,0.04,0.28
53191,0.24,0.93
53192,0.23,0.41
53193,0.23,0.58
53194,0.06,0.77
53195,0.41,0.75
53196,0.04,0.16
53197,0.9,0.91
53198,0.21,0.45
53199,0.09,0.6
53200,0.43,0.81
53201,0.16,0.64
53202,0.11,0.13
53203,0.2,0.28
53204,0.02,0.07
53205,0.14,0.49
53206,0.19,0.79
53207,0.27,0.28
53208,0.68,0.83
53209,0.11,0.19
53210,0.61,0.68
53211,0.16,0.67
53212,0.07,0.63
53213,0.11,0.72
53214,0.14,0.29
53215,0.08,0.49
53216,0.29,0.61
53217,0.4,0.89
53218,0.13,0.52
53219,0.23,0.56
53220,0.07,0.33
53221,0.06,0.16
53222,0.44,0.71
53223,0.06,0.32
53224,0.07,0.52
53225,0.12,0.25
53226,0.29,0.49
53227,0.16,0.67
53228,0.12,0.89
53229,0.18,0.59
53230,0.11,0.61
53231,0.08,0.36
53232,0.07,0.11
53233,0.03,0.43
53234,0.17,0.35
53235,0.18,0.66
53236,0.27,0.19
53237,0.42,0.63
53238,0.0,0.07
53239,0.14,0.39
53240,0.05,0.12
53241,0.54,0.57
53242,0.25,0.77
53243,0.16,0.2
53244,0.27,0.48
53245,0.1,0.8
53246,0.31,0.73
53247,0.7,0.88
53248,0.01,0.08
53249,0.1,0.18
53250,0.3,0.19
53251,0.05,0.1
53252,0.08,0.77
53253,0.19,0.64
53254,0.18,0.39
53255,0.04,0.53
53256,0.19,0.58
53257,0.07,0.27
53258,0.07,0.19
53259,0.05,0.13
53260,0.05,0.57
53261,0.12,0.66
53262,0.18,0.19
53263,0.3,0.3
53264,0.32,0.38
53265,0.16,0.28
53266,0.01,0.05
53267,0.08,0.64
53268,0.49,0.28
53269,0.41,0.64
53270,0.03,0.85
53271,0.03,0.24
53272,0.17,0.24
53273,0.55,0.9
53274,0.12,0.4
53275,0.01,0.05
53276,0.09,0.25
53277,0.27,0.47
53278,0.04,0.08
53279,0.15,0.48
53280,0.09,0.51
53281,0.08,0.74
53282,0.25,0.36
53283,0.02,0.03
53284,0.08,0.87
53285,0.02,0.1
53286,0.39,0.34
53287,0.07,0.4
53288,0.02,0.25
53289,0.06,0.68
53290,0.24,0.77
53291,0.04,0.18
53292,0.38,0.58
53293,0.26,0.34
53294,0.05,0.33
53295,0.15,0.18
53296,0.02,0.05
53297,0.12,0.2
53298,0.16,0.56
53299,0.05,0.12
53300,0.57,0.87
53301,0.33,0.63
53302,0.06,0.08
53303,0.06,0.24
53304,0.43,0.83
53305,0.27,0.4
53306,0.52,0.8
53307,0.46,0.72
53308,0.55,0.71
53309,0.06,0.08
53310,0.07,0.12
53311,0.04,0.05
53312,0.12,0.24
53313,0.48,0.71
53314,0.35,0.52
53315,0.25,0.19
53316,0.23,0.5
53317,0.11,0.61
53318,0.02,0.15
53319,0.02,0.04
53320,0.61,0.87
53321,0.19,0.2
53322,0.1,0.22
53323,0.03,0.14
53324,0.13,0.25
53325,0.03,0.09
53326,0.08,0.08
53327,0.08,0.52
53328,0.06,0.15
53329,0.5,0.66
53330,0.48,0.65
53331,0.57,0.6
53332,0.57,0.47
53333,0.03,0.03
53334,0.08,0.23
53335,0.15,0.39
53336,0.43,0.83
53337,0.02,0.08
53338,0.3,0.27
53339,0.19,0.35
53340,0.27,0.22
53341,0.24,0.49
53342,0.08,0.19
53343,0.06,0.09
53344,0.11,0.16
53345,0.24,0.28
53346,0.06,0.26
53347,0.12,0.36
53348,0.3,0.67
53349,0.08,0.26
53350,0.08,0.21
53351,0.03,0.22
53352,0.13,0.38
53353,0.01,0.22
53354,0.22,0.57
53355,0.09,0.38
53356,0.27,0.62
53357,0.07,0.05
53358,0.02,0.11
53359,0.13,0.34
53360,0.14,0.36
53361,0.04,0.05
53362,0.48,0.63
53363,0.39,0.65
53364,0.23,0.69
53365,0.09,0.78
53366,0.05,0.38
53367,0.34,0.55
53368,0.72,0.79
53369,0.11,0.82
53370,0.1,0.4
53371,0.02,0.15
53372,0.18,0.55
53373,0.23,0.34
53374,0.17,0.27
53375,0.09,0.35
53376,0.16,0.19
53377,0.2,0.63
53378,0.13,0.41
53379,0.1,0.1
53380,0.43,0.77
53381,0.38,0.92
53382,0.14,0.14
53383,0.23,0.8
53384,0.25,0.32
53385,0.46,0.65
53386,0.72,0.88
53387,0.04,0.36
53388,0.09,0.35
53389,0.74,0.81
53390,0.09,0.4
53391,0.4,0.53
53392,0.16,0.31
53393,0.14,0.69
53394,0.68,0.83
53395,0.09,0.43
53396,0.32,0.44
53397,0.31,0.65
53398,0.07,0.73
53399,0.12,0.17
53400,0.39,0.74
53401,0.19,0.49
53402,0.22,0.26
53403,0.13,0.31
53404,0.23,0.8
53405,0.09,0.69
53406,0.16,0.35
53407,0.04,0.23
53408,0.16,0.28
53409,0.04,0.15
53410,0.3,0.58
53411,0.22,0.24
53412,0.08,0.39
53413,0.1,0.37
53414,0.41,0.55
